constituency,constituency_no,candidate,party,votes,vote_rank,derived_status,vote_margin,runner_up_votes,eci_code,source_url,scraped_at
ALANDUR,28,T.M.ANBARASAN,Dravida Munnetra Kazhagam,33329,2,Runner-up,0,33329,S2228,https://results.eci.gov.in/ResultAcGenMay2026/ConstituencywiseS2228.htm,2026-05-04 15:27:16
ALANDUR,28,S.SARAVANAN,All India Anna Dravida Munnetra Kazhagam,19806,3,Trailing,0,33329,S2228,https://results.eci.gov.in/ResultAcGenMay2026/ConstituencywiseS2228.htm,2026-05-04 15:27:16
ALANDUR,28,Y.G.MAHALAKSHMI,Naam Tamilar Katchi,4865,4,Trailing,0,33329,S2228,https://results.eci.gov.in/ResultAcGenMay2026/ConstituencywiseS2228.htm,2026-05-04 15:27:16
ALANDUR,28,J.AGNI SELVARASU,Naadaalum Makkal Katchi,88,8,Trailing,0,33329,S2228,https://results.eci.gov.in/ResultAcGenMay2026/ConstituencywiseS2228.htm,2026-05-04 15:27:16
ALANDUR,28,ARAVIND CHANDRASEKAR,Indhu Dravida Makkal Katchi,21,19,Trailing,0,33329,S2228,https://results.eci.gov.in/ResultAcGenMay2026/ConstituencywiseS2228.htm,2026-05-04 15:27:16
ALANDUR,28,B. KALYANARAMKUMAR,Naam Indiar Party,15,21,Trailing,0,33329,S2228,https://results.eci.gov.in/ResultAcGenMay2026/ConstituencywiseS2228.htm,2026-05-04 15:27:16
ALANDUR,28,S.ROYAPPAN,Tamizhaga Vaazhvurimai Katchi,46,12,Trailing,0,33329,S2228,https://results.eci.gov.in/ResultAcGenMay2026/ConstituencywiseS2228.htm,2026-05-04 15:27:16
ALANDUR,28,A.VELUSAMY,Puthiya Tamilagam,41,14,Trailing,0,33329,S2228,https://results.eci.gov.in/ResultAcGenMay2026/ConstituencywiseS2228.htm,2026-05-04 15:27:16
ALANDUR,28,N.HARI KRISHNAN,All India Puratchi Thalaivar Makkal Munnettra Kazhagam,140,7,Trailing,0,33329,S2228,https://results.eci.gov.in/ResultAcGenMay2026/ConstituencywiseS2228.htm,2026-05-04 15:27:16
ALANDUR,28,M.HARISH,Tamilaga Vettri Kazhagam,50416,1,Leading / Top Candidate,17087,33329,S2228,https://results.eci.gov.in/ResultAcGenMay2026/ConstituencywiseS2228.htm,2026-05-04 15:27:16
ALANDUR,28,V.ANBARASAN,Independent,44,13,Trailing,0,33329,S2228,https://results.eci.gov.in/ResultAcGenMay2026/ConstituencywiseS2228.htm,2026-05-04 15:27:16
ALANDUR,28,A.SARAVANAN,Independent,29,16,Trailing,0,33329,S2228,https://results.eci.gov.in/ResultAcGenMay2026/ConstituencywiseS2228.htm,2026-05-04 15:27:16
ALANDUR,28,S.SARAVANAN,Independent,26,18,Trailing,0,33329,S2228,https://results.eci.gov.in/ResultAcGenMay2026/ConstituencywiseS2228.htm,2026-05-04 15:27:16
ALANDUR,28,D.SARAVANAN,Independent,12,22,Trailing,0,33329,S2228,https://results.eci.gov.in/ResultAcGenMay2026/ConstituencywiseS2228.htm,2026-05-04 15:27:16
ALANDUR,28,R.SARAVANAN,Independent,61,11,Trailing,0,33329,S2228,https://results.eci.gov.in/ResultAcGenMay2026/ConstituencywiseS2228.htm,2026-05-04 15:27:16
ALANDUR,28,R.SURESH,Independent,68,10,Trailing,0,33329,S2228,https://results.eci.gov.in/ResultAcGenMay2026/ConstituencywiseS2228.htm,2026-05-04 15:27:16
ALANDUR,28,SENKODI VIJAYALAKSHMI,Independent,86,9,Trailing,0,33329,S2228,https://results.eci.gov.in/ResultAcGenMay2026/ConstituencywiseS2228.htm,2026-05-04 15:27:16
ALANDUR,28,R.SELVAKUMAR,Independent,28,17,Trailing,0,33329,S2228,https://results.eci.gov.in/ResultAcGenMay2026/ConstituencywiseS2228.htm,2026-05-04 15:27:16
ALANDUR,28,G.DANIEL ANTONYRAJ,Independent,8,23,Trailing,0,33329,S2228,https://results.eci.gov.in/ResultAcGenMay2026/ConstituencywiseS2228.htm,2026-05-04 15:27:16
ALANDUR,28,MAHESH KUMAR,Independent,37,15,Trailing,0,33329,S2228,https://results.eci.gov.in/ResultAcGenMay2026/ConstituencywiseS2228.htm,2026-05-04 15:27:16
ALANDUR,28,G.RAMANAN,Independent,6,24,Trailing,0,33329,S2228,https://results.eci.gov.in/ResultAcGenMay2026/ConstituencywiseS2228.htm,2026-05-04 15:27:16
ALANDUR,28,K.VELAYUDHAM,Independent,17,20,Trailing,0,33329,S2228,https://results.eci.gov.in/ResultAcGenMay2026/ConstituencywiseS2228.htm,2026-05-04 15:27:16
ALANDUR,28,M.HARISH,Independent,326,6,Trailing,0,33329,S2228,https://results.eci.gov.in/ResultAcGenMay2026/ConstituencywiseS2228.htm,2026-05-04 15:27:16
ALANDUR,28,NOTA,None of the Above,458,5,Trailing,0,33329,S2228,https://results.eci.gov.in/ResultAcGenMay2026/ConstituencywiseS2228.htm,2026-05-04 15:27:16
ALANGUDI,182,SIVA.V.MEYYANATHAN,Dravida Munnetra Kazhagam,29947,1,Leading / Top Candidate,4654,25293,S22182,https://results.eci.gov.in/ResultAcGenMay2026/ConstituencywiseS22182.htm,2026-05-04 15:27:21
ALANGUDI,182,R.RAJARAM,Naam Tamilar Katchi,5329,4,Trailing,0,25293,S22182,https://results.eci.gov.in/ResultAcGenMay2026/ConstituencywiseS22182.htm,2026-05-04 15:27:21
ALANGUDI,182,DHANA VIMAL,All India Anna Dravida Munnetra Kazhagam,25293,2,Runner-up,0,25293,S22182,https://results.eci.gov.in/ResultAcGenMay2026/ConstituencywiseS22182.htm,2026-05-04 15:27:21
ALANGUDI,182,KANDASAMY,Tamilaga Vettri Kazhagam,24475,3,Trailing,0,25293,S22182,https://results.eci.gov.in/ResultAcGenMay2026/ConstituencywiseS22182.htm,2026-05-04 15:27:21
ALANGUDI,182,R.SURESH,Party for the Rights of Other backward Classes,262,7,Trailing,0,25293,S22182,https://results.eci.gov.in/ResultAcGenMay2026/ConstituencywiseS22182.htm,2026-05-04 15:27:21
ALANGUDI,182,D.PUSHPARAJ,All India Puratchi Thalaivar Makkal Munnettra Kazhagam,399,5,Trailing,0,25293,S22182,https://results.eci.gov.in/ResultAcGenMay2026/ConstituencywiseS22182.htm,2026-05-04 15:27:21
ALANGUDI,182,S MALAIYANDI,Akila Inthiya Makkal Marumalarchi Kazhakam,84,8,Trailing,0,25293,S22182,https://results.eci.gov.in/ResultAcGenMay2026/ConstituencywiseS22182.htm,2026-05-04 15:27:21
ALANGUDI,182,V.KANNADASSAN,Independent,37,15,Trailing,0,25293,S22182,https://results.eci.gov.in/ResultAcGenMay2026/ConstituencywiseS22182.htm,2026-05-04 15:27:21
ALANGUDI,182,SASIKUMAR.P,Independent,84,9,Trailing,0,25293,S22182,https://results.eci.gov.in/ResultAcGenMay2026/ConstituencywiseS22182.htm,2026-05-04 15:27:21
ALANGUDI,182,B.SELVAM,Independent,60,11,Trailing,0,25293,S22182,https://results.eci.gov.in/ResultAcGenMay2026/ConstituencywiseS22182.htm,2026-05-04 15:27:21
ALANGUDI,182,T.THIRUMARAN,Independent,38,14,Trailing,0,25293,S22182,https://results.eci.gov.in/ResultAcGenMay2026/ConstituencywiseS22182.htm,2026-05-04 15:27:21
ALANGUDI,182,M.NAGARAJAN,Independent,51,13,Trailing,0,25293,S22182,https://results.eci.gov.in/ResultAcGenMay2026/ConstituencywiseS22182.htm,2026-05-04 15:27:21
ALANGUDI,182,K.MURUGESAN,Independent,76,10,Trailing,0,25293,S22182,https://results.eci.gov.in/ResultAcGenMay2026/ConstituencywiseS22182.htm,2026-05-04 15:27:21
ALANGUDI,182,S.VANMEGANADHAN,Independent,55,12,Trailing,0,25293,S22182,https://results.eci.gov.in/ResultAcGenMay2026/ConstituencywiseS22182.htm,2026-05-04 15:27:21
ALANGUDI,182,NOTA,None of the Above,312,6,Trailing,0,25293,S22182,https://results.eci.gov.in/ResultAcGenMay2026/ConstituencywiseS22182.htm,2026-05-04 15:27:21
ALANGULAM,223,PAUL MANOJ PANDIAN,Dravida Munnetra Kazhagam,46891,1,Leading / Top Candidate,2048,44843,S22223,https://results.eci.gov.in/ResultAcGenMay2026/ConstituencywiseS22223.htm,2026-05-04 15:27:25
ALANGULAM,223,R PAULRAJ,Naam Tamilar Katchi,17848,4,Trailing,0,44843,S22223,https://results.eci.gov.in/ResultAcGenMay2026/ConstituencywiseS22223.htm,2026-05-04 15:27:25
ALANGULAM,223,K R P PRABAKARAN,All India Anna Dravida Munnetra Kazhagam,44843,2,Runner-up,0,44843,S22223,https://results.eci.gov.in/ResultAcGenMay2026/ConstituencywiseS22223.htm,2026-05-04 15:27:25
ALANGULAM,223,A UDHAYAKUMAR,Puthiya Tamilagam,1023,6,Trailing,0,44843,S22223,https://results.eci.gov.in/ResultAcGenMay2026/ConstituencywiseS22223.htm,2026-05-04 15:27:25
ALANGULAM,223,A SUBASH CHANDRA BOSE,Thakkam Katchi,103,13,Trailing,0,44843,S22223,https://results.eci.gov.in/ResultAcGenMay2026/ConstituencywiseS22223.htm,2026-05-04 15:27:25
ALANGULAM,223,MADASAMY,All India Puratchi Thalaivar Makkal Munnettra Kazhagam,1714,5,Trailing,0,44843,S22223,https://results.eci.gov.in/ResultAcGenMay2026/ConstituencywiseS22223.htm,2026-05-04 15:27:25
ALANGULAM,223,VIBIN CHAKKARAVARTHY,Tamilaga Vettri Kazhagam,42473,3,Trailing,0,44843,S22223,https://results.eci.gov.in/ResultAcGenMay2026/ConstituencywiseS22223.htm,2026-05-04 15:27:25
ALANGULAM,223,U ARAVIND,Independent,147,10,Trailing,0,44843,S22223,https://results.eci.gov.in/ResultAcGenMay2026/ConstituencywiseS22223.htm,2026-05-04 15:27:25
ALANGULAM,223,K ARUNKUMAR,Independent,82,14,Trailing,0,44843,S22223,https://results.eci.gov.in/ResultAcGenMay2026/ConstituencywiseS22223.htm,2026-05-04 15:27:25
ALANGULAM,223,R KOTHERIMOHIDEEN,Independent,147,11,Trailing,0,44843,S22223,https://results.eci.gov.in/ResultAcGenMay2026/ConstituencywiseS22223.htm,2026-05-04 15:27:25
ALANGULAM,223,T MARIKUMAR,Independent,119,12,Trailing,0,44843,S22223,https://results.eci.gov.in/ResultAcGenMay2026/ConstituencywiseS22223.htm,2026-05-04 15:27:25
ALANGULAM,223,JEYANTHI,Independent,315,8,Trailing,0,44843,S22223,https://results.eci.gov.in/ResultAcGenMay2026/ConstituencywiseS22223.htm,2026-05-04 15:27:25
ALANGULAM,223,W JAYSON,Independent,161,9,Trailing,0,44843,S22223,https://results.eci.gov.in/ResultAcGenMay2026/ConstituencywiseS22223.htm,2026-05-04 15:27:25
ALANGULAM,223,NOTA,None of the Above,685,7,Trailing,0,44843,S22223,https://results.eci.gov.in/ResultAcGenMay2026/ConstituencywiseS22223.htm,2026-05-04 15:27:25
AMBASAMUDRAM,225,DR.ESAKKI SUBAYA,All India Anna Dravida Munnetra Kazhagam,56711,1,Leading / Top Candidate,9368,47343,S22225,https://results.eci.gov.in/ResultAcGenMay2026/ConstituencywiseS22225.htm,2026-05-04 15:27:29
AMBASAMUDRAM,225,R.ESAIKANNAN,Bahujan Samaj Party,609,6,Trailing,0,47343,S22225,https://results.eci.gov.in/ResultAcGenMay2026/ConstituencywiseS22225.htm,2026-05-04 15:27:29
AMBASAMUDRAM,225,DR.V.SIVASANKARAN,Naam Tamilar Katchi,12525,4,Trailing,0,47343,S22225,https://results.eci.gov.in/ResultAcGenMay2026/ConstituencywiseS22225.htm,2026-05-04 15:27:29
AMBASAMUDRAM,225,V.P.DURAI,Indian National Congress,45703,3,Trailing,0,47343,S22225,https://results.eci.gov.in/ResultAcGenMay2026/ConstituencywiseS22225.htm,2026-05-04 15:27:29
AMBASAMUDRAM,225,S.RAJAGOPAL,Tamilaga Vettri Kazhagam,47343,2,Runner-up,0,47343,S22225,https://results.eci.gov.in/ResultAcGenMay2026/ConstituencywiseS22225.htm,2026-05-04 15:27:29
AMBASAMUDRAM,225,NOTA,None of the Above,924,5,Trailing,0,47343,S22225,https://results.eci.gov.in/ResultAcGenMay2026/ConstituencywiseS22225.htm,2026-05-04 15:27:29
AMBATTUR,8,SILAMBARASAN,Naam Tamilar Katchi,6540,4,Trailing,0,40696,S228,https://results.eci.gov.in/ResultAcGenMay2026/ConstituencywiseS228.htm,2026-05-04 15:27:34
AMBATTUR,8,DR. J.SAILAS,Bahujan Samaj Party,221,8,Trailing,0,40696,S228,https://results.eci.gov.in/ResultAcGenMay2026/ConstituencywiseS228.htm,2026-05-04 15:27:34
AMBATTUR,8,DR A.P. POORNIMA,Dravida Munnetra Kazhagam,40696,2,Runner-up,0,40696,S228,https://results.eci.gov.in/ResultAcGenMay2026/ConstituencywiseS228.htm,2026-05-04 15:27:34
AMBATTUR,8,A.KALYANASUNDARAM,Nationalist Janshakti Party,356,6,Trailing,0,40696,S228,https://results.eci.gov.in/ResultAcGenMay2026/ConstituencywiseS228.htm,2026-05-04 15:27:34
AMBATTUR,8,K.N. SEKAR,Pattali Makkal Katchi,22973,3,Trailing,0,40696,S228,https://results.eci.gov.in/ResultAcGenMay2026/ConstituencywiseS228.htm,2026-05-04 15:27:34
AMBATTUR,8,BALAMURUGAN.G,Tamilaga Vettri Kazhagam,78858,1,Leading / Top Candidate,38162,40696,S228,https://results.eci.gov.in/ResultAcGenMay2026/ConstituencywiseS228.htm,2026-05-04 15:27:34
AMBATTUR,8,V. RAMKUMAR,India Suyarajya Party,128,10,Trailing,0,40696,S228,https://results.eci.gov.in/ResultAcGenMay2026/ConstituencywiseS228.htm,2026-05-04 15:27:34
AMBATTUR,8,RAJKUMAR,Tamizhaga Vaazhvurimai Katchi,90,12,Trailing,0,40696,S228,https://results.eci.gov.in/ResultAcGenMay2026/ConstituencywiseS228.htm,2026-05-04 15:27:34
AMBATTUR,8,D. JEYAGANESH,Naam Indiar Party,32,24,Trailing,0,40696,S228,https://results.eci.gov.in/ResultAcGenMay2026/ConstituencywiseS228.htm,2026-05-04 15:27:34
AMBATTUR,8,M.S. ARUMUGAM,Independent,84,13,Trailing,0,40696,S228,https://results.eci.gov.in/ResultAcGenMay2026/ConstituencywiseS228.htm,2026-05-04 15:27:34
AMBATTUR,8,P. ARUMUGAM,Independent,41,22,Trailing,0,40696,S228,https://results.eci.gov.in/ResultAcGenMay2026/ConstituencywiseS228.htm,2026-05-04 15:27:34
AMBATTUR,8,G. SAMPATH,Independent,45,21,Trailing,0,40696,S228,https://results.eci.gov.in/ResultAcGenMay2026/ConstituencywiseS228.htm,2026-05-04 15:27:34
AMBATTUR,8,K. SEKAR,Independent,76,15,Trailing,0,40696,S228,https://results.eci.gov.in/ResultAcGenMay2026/ConstituencywiseS228.htm,2026-05-04 15:27:34
AMBATTUR,8,G.P. SEKAR,Independent,57,16,Trailing,0,40696,S228,https://results.eci.gov.in/ResultAcGenMay2026/ConstituencywiseS228.htm,2026-05-04 15:27:34
AMBATTUR,8,PALANI,Independent,56,17,Trailing,0,40696,S228,https://results.eci.gov.in/ResultAcGenMay2026/ConstituencywiseS228.htm,2026-05-04 15:27:34
AMBATTUR,8,R.BALAMURUGAN,Independent,300,7,Trailing,0,40696,S228,https://results.eci.gov.in/ResultAcGenMay2026/ConstituencywiseS228.htm,2026-05-04 15:27:34
AMBATTUR,8,DR. S.PRAVEEN,Independent,160,9,Trailing,0,40696,S228,https://results.eci.gov.in/ResultAcGenMay2026/ConstituencywiseS228.htm,2026-05-04 15:27:34
AMBATTUR,8,D. PUSHPA,Independent,38,23,Trailing,0,40696,S228,https://results.eci.gov.in/ResultAcGenMay2026/ConstituencywiseS228.htm,2026-05-04 15:27:34
AMBATTUR,8,S. MADHAVAN,Independent,94,11,Trailing,0,40696,S228,https://results.eci.gov.in/ResultAcGenMay2026/ConstituencywiseS228.htm,2026-05-04 15:27:34
AMBATTUR,8,D.K.MESHACK KIRUBAKARAN,Independent,55,18,Trailing,0,40696,S228,https://results.eci.gov.in/ResultAcGenMay2026/ConstituencywiseS228.htm,2026-05-04 15:27:34
AMBATTUR,8,VINAYAGAMOORTHY.R,Independent,50,20,Trailing,0,40696,S228,https://results.eci.gov.in/ResultAcGenMay2026/ConstituencywiseS228.htm,2026-05-04 15:27:34
AMBATTUR,8,S. JANARTHANAN,Independent,79,14,Trailing,0,40696,S228,https://results.eci.gov.in/ResultAcGenMay2026/ConstituencywiseS228.htm,2026-05-04 15:27:34
AMBATTUR,8,JOTHI.M,Independent,55,19,Trailing,0,40696,S228,https://results.eci.gov.in/ResultAcGenMay2026/ConstituencywiseS228.htm,2026-05-04 15:27:34
AMBATTUR,8,NOTA,None of the Above,903,5,Trailing,0,40696,S228,https://results.eci.gov.in/ResultAcGenMay2026/ConstituencywiseS228.htm,2026-05-04 15:27:34
AMBUR,48,AFSHIA NASRIN. S,Naam Tamilar Katchi,2194,4,Trailing,0,28603,S2248,https://results.eci.gov.in/ResultAcGenMay2026/ConstituencywiseS2248.htm,2026-05-04 15:27:38
AMBUR,48,WAZEER AHMED. J,Bahujan Samaj Party,173,8,Trailing,0,28603,S2248,https://results.eci.gov.in/ResultAcGenMay2026/ConstituencywiseS2248.htm,2026-05-04 15:27:38
AMBUR,48,VILWANATHAN. A.C.,Dravida Munnetra Kazhagam,28603,2,Runner-up,0,28603,S2248,https://results.eci.gov.in/ResultAcGenMay2026/ConstituencywiseS2248.htm,2026-05-04 15:27:38
AMBUR,48,VENKATESAN. R,All India Anna Dravida Munnetra Kazhagam,25710,3,Trailing,0,28603,S2248,https://results.eci.gov.in/ResultAcGenMay2026/ConstituencywiseS2248.htm,2026-05-04 15:27:38
AMBUR,48,ASADULLAH. B,Indian National League,220,6,Trailing,0,28603,S2248,https://results.eci.gov.in/ResultAcGenMay2026/ConstituencywiseS2248.htm,2026-05-04 15:27:38
AMBUR,48,IMTHIYAZ PANDARATTUDU ABDU,Tamilaga Vettri Kazhagam,34615,1,Leading / Top Candidate,6012,28603,S2248,https://results.eci.gov.in/ResultAcGenMay2026/ConstituencywiseS2248.htm,2026-05-04 15:27:38
AMBUR,48,KAREEM BASHA. A,All India Majlis-E-Inquilab-E-Millat,76,13,Trailing,0,28603,S2248,https://results.eci.gov.in/ResultAcGenMay2026/ConstituencywiseS2248.htm,2026-05-04 15:27:38
AMBUR,48,GOVINDHAN. A,All India Youth Development Party,49,15,Trailing,0,28603,S2248,https://results.eci.gov.in/ResultAcGenMay2026/ConstituencywiseS2248.htm,2026-05-04 15:27:38
AMBUR,48,SASI REKA. Y,Makkal Arasial Katchi,100,11,Trailing,0,28603,S2248,https://results.eci.gov.in/ResultAcGenMay2026/ConstituencywiseS2248.htm,2026-05-04 15:27:38
AMBUR,48,HAROON RASHEED BADU,All India Puratchi Thalaivar Makkal Munnettra Kazhagam,44,17,Trailing,0,28603,S2248,https://results.eci.gov.in/ResultAcGenMay2026/ConstituencywiseS2248.htm,2026-05-04 15:27:38
AMBUR,48,KUMARAVEL. P,Independent,115,9,Trailing,0,28603,S2248,https://results.eci.gov.in/ResultAcGenMay2026/ConstituencywiseS2248.htm,2026-05-04 15:27:38
AMBUR,48,FIRDOSE AHMED. M,Independent,49,16,Trailing,0,28603,S2248,https://results.eci.gov.in/ResultAcGenMay2026/ConstituencywiseS2248.htm,2026-05-04 15:27:38
AMBUR,48,MUSHTAQ AHMED KUTLAPPAI,Independent,66,14,Trailing,0,28603,S2248,https://results.eci.gov.in/ResultAcGenMay2026/ConstituencywiseS2248.htm,2026-05-04 15:27:38
AMBUR,48,VISWANATHAN. J,Independent,214,7,Trailing,0,28603,S2248,https://results.eci.gov.in/ResultAcGenMay2026/ConstituencywiseS2248.htm,2026-05-04 15:27:38
AMBUR,48,VENKATESAN. M,Independent,101,10,Trailing,0,28603,S2248,https://results.eci.gov.in/ResultAcGenMay2026/ConstituencywiseS2248.htm,2026-05-04 15:27:38
AMBUR,48,SRINATH,Independent,100,12,Trailing,0,28603,S2248,https://results.eci.gov.in/ResultAcGenMay2026/ConstituencywiseS2248.htm,2026-05-04 15:27:38
AMBUR,48,NOTA,None of the Above,242,5,Trailing,0,28603,S2248,https://results.eci.gov.in/ResultAcGenMay2026/ConstituencywiseS2248.htm,2026-05-04 15:27:38
ANAIKATTU,44,A.P.NANDAKUMAR,Dravida Munnetra Kazhagam,39984,2,Runner-up,0,39984,S2244,https://results.eci.gov.in/ResultAcGenMay2026/ConstituencywiseS2244.htm,2026-05-04 15:27:43
ANAIKATTU,44,M.RAVIKUMAR,Naam Tamilar Katchi,2309,4,Trailing,0,39984,S2244,https://results.eci.gov.in/ResultAcGenMay2026/ConstituencywiseS2244.htm,2026-05-04 15:27:43
ANAIKATTU,44,D.VELAZHAGAN,All India Anna Dravida Munnetra Kazhagam,45746,1,Leading / Top Candidate,5762,39984,S2244,https://results.eci.gov.in/ResultAcGenMay2026/ConstituencywiseS2244.htm,2026-05-04 15:27:43
ANAIKATTU,44,R.SARAVANAN,Namadhu Makkal Katchi,226,6,Trailing,0,39984,S2244,https://results.eci.gov.in/ResultAcGenMay2026/ConstituencywiseS2244.htm,2026-05-04 15:27:43
ANAIKATTU,44,V.VINOTHKANNA,Tamizhaga Vaazhvurimai Katchi,87,11,Trailing,0,39984,S2244,https://results.eci.gov.in/ResultAcGenMay2026/ConstituencywiseS2244.htm,2026-05-04 15:27:43
ANAIKATTU,44,V.S.VENKATESH,Aanaithinthiya Jananayaka Pathukappu Kazhagam,130,8,Trailing,0,39984,S2244,https://results.eci.gov.in/ResultAcGenMay2026/ConstituencywiseS2244.htm,2026-05-04 15:27:43
ANAIKATTU,44,R.VELMURUGAN,Tamilaga Vettri Kazhagam,30220,3,Trailing,0,39984,S2244,https://results.eci.gov.in/ResultAcGenMay2026/ConstituencywiseS2244.htm,2026-05-04 15:27:43
ANAIKATTU,44,P.JAYASEELAN,Puthiya Tamilagam,99,9,Trailing,0,39984,S2244,https://results.eci.gov.in/ResultAcGenMay2026/ConstituencywiseS2244.htm,2026-05-04 15:27:43
ANAIKATTU,44,E.SURESH,Independent,32,14,Trailing,0,39984,S2244,https://results.eci.gov.in/ResultAcGenMay2026/ConstituencywiseS2244.htm,2026-05-04 15:27:43
ANAIKATTU,44,S.SELVAMOORTHY,Independent,51,13,Trailing,0,39984,S2244,https://results.eci.gov.in/ResultAcGenMay2026/ConstituencywiseS2244.htm,2026-05-04 15:27:43
ANAIKATTU,44,M.NANDHA KUMAR,Independent,60,12,Trailing,0,39984,S2244,https://results.eci.gov.in/ResultAcGenMay2026/ConstituencywiseS2244.htm,2026-05-04 15:27:43
ANAIKATTU,44,K.MANOHARAN,Independent,211,7,Trailing,0,39984,S2244,https://results.eci.gov.in/ResultAcGenMay2026/ConstituencywiseS2244.htm,2026-05-04 15:27:43
ANAIKATTU,44,R.RAMESH,Independent,96,10,Trailing,0,39984,S2244,https://results.eci.gov.in/ResultAcGenMay2026/ConstituencywiseS2244.htm,2026-05-04 15:27:43
ANAIKATTU,44,NOTA,None of the Above,681,5,Trailing,0,39984,S2244,https://results.eci.gov.in/ResultAcGenMay2026/ConstituencywiseS2244.htm,2026-05-04 15:27:43
ANDIPATTI,198,ESAKKIAMMAL.M,Bahujan Samaj Party,256,9,Trailing,0,43878,S22198,https://results.eci.gov.in/ResultAcGenMay2026/ConstituencywiseS22198.htm,2026-05-04 15:27:47
ANDIPATTI,198,GOMATHI .M,Naam Tamilar Katchi,6637,4,Trailing,0,43878,S22198,https://results.eci.gov.in/ResultAcGenMay2026/ConstituencywiseS22198.htm,2026-05-04 15:27:47
ANDIPATTI,198,MAHARAJAN.A,Dravida Munnetra Kazhagam,45652,1,Leading / Top Candidate,1774,43878,S22198,https://results.eci.gov.in/ResultAcGenMay2026/ConstituencywiseS22198.htm,2026-05-04 15:27:47
ANDIPATTI,198,LOGIRAJAN.A,All India Anna Dravida Munnetra Kazhagam,43878,2,Runner-up,0,43878,S22198,https://results.eci.gov.in/ResultAcGenMay2026/ConstituencywiseS22198.htm,2026-05-04 15:27:47
ANDIPATTI,198,IRUMBORAI.G,Communist Party of India (Marxist-Leninist) Red Star,323,8,Trailing,0,43878,S22198,https://results.eci.gov.in/ResultAcGenMay2026/ConstituencywiseS22198.htm,2026-05-04 15:27:47
ANDIPATTI,198,ELAYARAJA.M,Puthiya Tamilagam,389,6,Trailing,0,43878,S22198,https://results.eci.gov.in/ResultAcGenMay2026/ConstituencywiseS22198.htm,2026-05-04 15:27:47
ANDIPATTI,198,CHELLAPANDIYAN.S,All India Puratchi Thalaivar Makkal Munnettra Kazhagam,336,7,Trailing,0,43878,S22198,https://results.eci.gov.in/ResultAcGenMay2026/ConstituencywiseS22198.htm,2026-05-04 15:27:47
ANDIPATTI,198,PANDI.V,Tamilaga Vettri Kazhagam,37606,3,Trailing,0,43878,S22198,https://results.eci.gov.in/ResultAcGenMay2026/ConstituencywiseS22198.htm,2026-05-04 15:27:47
ANDIPATTI,198,MOHAMMED RUKMAN.M,Tamizhaga Vaazhvurimai Katchi,82,15,Trailing,0,43878,S22198,https://results.eci.gov.in/ResultAcGenMay2026/ConstituencywiseS22198.htm,2026-05-04 15:27:47
ANDIPATTI,198,JEYAMURUGAN.M.P,Veerath Thiyagi Viswanathadoss Thozhilalarkal Katchi,50,18,Trailing,0,43878,S22198,https://results.eci.gov.in/ResultAcGenMay2026/ConstituencywiseS22198.htm,2026-05-04 15:27:47
ANDIPATTI,198,KARUPPAIYA,Independent,38,19,Trailing,0,43878,S22198,https://results.eci.gov.in/ResultAcGenMay2026/ConstituencywiseS22198.htm,2026-05-04 15:27:47
ANDIPATTI,198,GOPAL.S,Independent,150,10,Trailing,0,43878,S22198,https://results.eci.gov.in/ResultAcGenMay2026/ConstituencywiseS22198.htm,2026-05-04 15:27:47
ANDIPATTI,198,GOPINATH.P,Independent,111,12,Trailing,0,43878,S22198,https://results.eci.gov.in/ResultAcGenMay2026/ConstituencywiseS22198.htm,2026-05-04 15:27:47
ANDIPATTI,198,NEELAKANNAN.T,Independent,110,13,Trailing,0,43878,S22198,https://results.eci.gov.in/ResultAcGenMay2026/ConstituencywiseS22198.htm,2026-05-04 15:27:47
ANDIPATTI,198,PACKIARAJ.S,Independent,101,14,Trailing,0,43878,S22198,https://results.eci.gov.in/ResultAcGenMay2026/ConstituencywiseS22198.htm,2026-05-04 15:27:47
ANDIPATTI,198,PANDIDURAI.P,Independent,134,11,Trailing,0,43878,S22198,https://results.eci.gov.in/ResultAcGenMay2026/ConstituencywiseS22198.htm,2026-05-04 15:27:47
ANDIPATTI,198,VIJAYARAJ.R,Independent,82,16,Trailing,0,43878,S22198,https://results.eci.gov.in/ResultAcGenMay2026/ConstituencywiseS22198.htm,2026-05-04 15:27:47
ANDIPATTI,198,JAGADEESAN.P,Independent,77,17,Trailing,0,43878,S22198,https://results.eci.gov.in/ResultAcGenMay2026/ConstituencywiseS22198.htm,2026-05-04 15:27:47
ANDIPATTI,198,NOTA,None of the Above,690,5,Trailing,0,43878,S22198,https://results.eci.gov.in/ResultAcGenMay2026/ConstituencywiseS22198.htm,2026-05-04 15:27:47
ANNA NAGAR,21,S.GOKULA INDIRA,All India Anna Dravida Munnetra Kazhagam,34382,3,Trailing,0,50012,S2221,https://results.eci.gov.in/ResultAcGenMay2026/ConstituencywiseS2221.htm,2026-05-04 15:27:56
ANNA NAGAR,21,S.SHANKAR,Naam Tamilar Katchi,4839,4,Trailing,0,50012,S2221,https://results.eci.gov.in/ResultAcGenMay2026/ConstituencywiseS2221.htm,2026-05-04 15:27:56
ANNA NAGAR,21,N.CHITRARASU,Dravida Munnetra Kazhagam,50012,2,Runner-up,0,50012,S2221,https://results.eci.gov.in/ResultAcGenMay2026/ConstituencywiseS2221.htm,2026-05-04 15:27:56
ANNA NAGAR,21,B.ANAND,Thakkam Katchi,127,11,Trailing,0,50012,S2221,https://results.eci.gov.in/ResultAcGenMay2026/ConstituencywiseS2221.htm,2026-05-04 15:27:56
ANNA NAGAR,21,S.DHAYALAN,Thamizhaga Munnetra Congress,186,7,Trailing,0,50012,S2221,https://results.eci.gov.in/ResultAcGenMay2026/ConstituencywiseS2221.htm,2026-05-04 15:27:56
ANNA NAGAR,21,V.K.RAMKUMAR,Tamilaga Vettri Kazhagam,71375,1,Leading / Top Candidate,21363,50012,S2221,https://results.eci.gov.in/ResultAcGenMay2026/ConstituencywiseS2221.htm,2026-05-04 15:27:56
ANNA NAGAR,21,E.V.S.RAJAKUMAR NAIDU,Tamil Telugu National Party,134,8,Trailing,0,50012,S2221,https://results.eci.gov.in/ResultAcGenMay2026/ConstituencywiseS2221.htm,2026-05-04 15:27:56
ANNA NAGAR,21,N.P.RAJHA,Naam Indiar Party,23,25,Trailing,0,50012,S2221,https://results.eci.gov.in/ResultAcGenMay2026/ConstituencywiseS2221.htm,2026-05-04 15:27:56
ANNA NAGAR,21,T S HABEEB MOHAMMAD,Independent,131,9,Trailing,0,50012,S2221,https://results.eci.gov.in/ResultAcGenMay2026/ConstituencywiseS2221.htm,2026-05-04 15:27:56
ANNA NAGAR,21,S ANSAR ALI,Independent,27,23,Trailing,0,50012,S2221,https://results.eci.gov.in/ResultAcGenMay2026/ConstituencywiseS2221.htm,2026-05-04 15:27:56
ANNA NAGAR,21,G OMPRAKASH,Independent,41,20,Trailing,0,50012,S2221,https://results.eci.gov.in/ResultAcGenMay2026/ConstituencywiseS2221.htm,2026-05-04 15:27:56
ANNA NAGAR,21,L KASINATHAN,Independent,50,18,Trailing,0,50012,S2221,https://results.eci.gov.in/ResultAcGenMay2026/ConstituencywiseS2221.htm,2026-05-04 15:27:56
ANNA NAGAR,21,S SATHISH KUMAR,Independent,50,19,Trailing,0,50012,S2221,https://results.eci.gov.in/ResultAcGenMay2026/ConstituencywiseS2221.htm,2026-05-04 15:27:56
ANNA NAGAR,21,G.SIVA KUMAR,Independent,58,16,Trailing,0,50012,S2221,https://results.eci.gov.in/ResultAcGenMay2026/ConstituencywiseS2221.htm,2026-05-04 15:27:56
ANNA NAGAR,21,M SELVAMUTHUKUMAR,Independent,36,21,Trailing,0,50012,S2221,https://results.eci.gov.in/ResultAcGenMay2026/ConstituencywiseS2221.htm,2026-05-04 15:27:56
ANNA NAGAR,21,L NARENDRAN,Independent,129,10,Trailing,0,50012,S2221,https://results.eci.gov.in/ResultAcGenMay2026/ConstituencywiseS2221.htm,2026-05-04 15:27:56
ANNA NAGAR,21,J NAGARAJ,Independent,126,12,Trailing,0,50012,S2221,https://results.eci.gov.in/ResultAcGenMay2026/ConstituencywiseS2221.htm,2026-05-04 15:27:56
ANNA NAGAR,21,M MANOHARAN,Independent,27,24,Trailing,0,50012,S2221,https://results.eci.gov.in/ResultAcGenMay2026/ConstituencywiseS2221.htm,2026-05-04 15:27:56
ANNA NAGAR,21,MOHAMMED BILAL FATHICK,Independent,101,13,Trailing,0,50012,S2221,https://results.eci.gov.in/ResultAcGenMay2026/ConstituencywiseS2221.htm,2026-05-04 15:27:56
ANNA NAGAR,21,RAMAMOORTHY E,Independent,35,22,Trailing,0,50012,S2221,https://results.eci.gov.in/ResultAcGenMay2026/ConstituencywiseS2221.htm,2026-05-04 15:27:56
ANNA NAGAR,21,RAJENDIRAN NAIDU,Independent,70,15,Trailing,0,50012,S2221,https://results.eci.gov.in/ResultAcGenMay2026/ConstituencywiseS2221.htm,2026-05-04 15:27:56
ANNA NAGAR,21,S VINESH KUMAR,Independent,289,6,Trailing,0,50012,S2221,https://results.eci.gov.in/ResultAcGenMay2026/ConstituencywiseS2221.htm,2026-05-04 15:27:56
ANNA NAGAR,21,JANARTHANAN P,Independent,71,14,Trailing,0,50012,S2221,https://results.eci.gov.in/ResultAcGenMay2026/ConstituencywiseS2221.htm,2026-05-04 15:27:56
ANNA NAGAR,21,M HARISHANKAR,Independent,57,17,Trailing,0,50012,S2221,https://results.eci.gov.in/ResultAcGenMay2026/ConstituencywiseS2221.htm,2026-05-04 15:27:56
ANNA NAGAR,21,NOTA,None of the Above,963,5,Trailing,0,50012,S2221,https://results.eci.gov.in/ResultAcGenMay2026/ConstituencywiseS2221.htm,2026-05-04 15:27:56
ANTHIYUR,105,AALANGATTUR ANANDHI,Naam Tamilar Katchi,4906,4,Trailing,0,54339,S22105,https://results.eci.gov.in/ResultAcGenMay2026/ConstituencywiseS22105.htm,2026-05-04 15:28:01
ANTHIYUR,105,KAVIBHARATHI.K,Bahujan Samaj Party,359,11,Trailing,0,54339,S22105,https://results.eci.gov.in/ResultAcGenMay2026/ConstituencywiseS22105.htm,2026-05-04 15:28:01
ANTHIYUR,105,SIVABALAN.M,Dravida Munnetra Kazhagam,54339,2,Runner-up,0,54339,S22105,https://results.eci.gov.in/ResultAcGenMay2026/ConstituencywiseS22105.htm,2026-05-04 15:28:01
ANTHIYUR,105,HARIBASKAR.P,All India Anna Dravida Munnetra Kazhagam,55366,1,Leading / Top Candidate,1027,54339,S22105,https://results.eci.gov.in/ResultAcGenMay2026/ConstituencywiseS22105.htm,2026-05-04 15:28:01
ANTHIYUR,105,RAMASAMY.S,Samaniya Makkal Nala Katchi,564,8,Trailing,0,54339,S22105,https://results.eci.gov.in/ResultAcGenMay2026/ConstituencywiseS22105.htm,2026-05-04 15:28:01
ANTHIYUR,105,EASWARAMURTHI.K,Tamizhaga Vaazhvurimai Katchi,367,10,Trailing,0,54339,S22105,https://results.eci.gov.in/ResultAcGenMay2026/ConstituencywiseS22105.htm,2026-05-04 15:28:01
ANTHIYUR,105,GOBAL.S.C.R,Aanaithinthiya Jananayaka Pathukappu Kazhagam,413,9,Trailing,0,54339,S22105,https://results.eci.gov.in/ResultAcGenMay2026/ConstituencywiseS22105.htm,2026-05-04 15:28:01
ANTHIYUR,105,VIJAY VENKATESH.M,Tamilaga Vettri Kazhagam,52924,3,Trailing,0,54339,S22105,https://results.eci.gov.in/ResultAcGenMay2026/ConstituencywiseS22105.htm,2026-05-04 15:28:01
ANTHIYUR,105,KARTHI.M,Independent,192,14,Trailing,0,54339,S22105,https://results.eci.gov.in/ResultAcGenMay2026/ConstituencywiseS22105.htm,2026-05-04 15:28:01
ANTHIYUR,105,SANKARKUMAR.K.A,Independent,316,12,Trailing,0,54339,S22105,https://results.eci.gov.in/ResultAcGenMay2026/ConstituencywiseS22105.htm,2026-05-04 15:28:01
ANTHIYUR,105,SELVI.A,Independent,163,15,Trailing,0,54339,S22105,https://results.eci.gov.in/ResultAcGenMay2026/ConstituencywiseS22105.htm,2026-05-04 15:28:01
ANTHIYUR,105,DHANABAL.C,Independent,735,6,Trailing,0,54339,S22105,https://results.eci.gov.in/ResultAcGenMay2026/ConstituencywiseS22105.htm,2026-05-04 15:28:01
ANTHIYUR,105,VEERAN.K,Independent,915,5,Trailing,0,54339,S22105,https://results.eci.gov.in/ResultAcGenMay2026/ConstituencywiseS22105.htm,2026-05-04 15:28:01
ANTHIYUR,105,SHEIK DAVOOD.A.M,Independent,234,13,Trailing,0,54339,S22105,https://results.eci.gov.in/ResultAcGenMay2026/ConstituencywiseS22105.htm,2026-05-04 15:28:01
ANTHIYUR,105,NOTA,None of the Above,702,7,Trailing,0,54339,S22105,https://results.eci.gov.in/ResultAcGenMay2026/ConstituencywiseS22105.htm,2026-05-04 15:28:01
ARAKKONAM,38,EZHIL CAROLINE,Viduthalai Chiruthaigal Katchi,47214,2,Runner-up,0,47214,S2238,https://results.eci.gov.in/ResultAcGenMay2026/ConstituencywiseS2238.htm,2026-05-04 15:28:05
ARAKKONAM,38,P. SUDHAKAR,Bahujan Samaj Party,407,6,Trailing,0,47214,S2238,https://results.eci.gov.in/ResultAcGenMay2026/ConstituencywiseS2238.htm,2026-05-04 15:28:05
ARAKKONAM,38,S. RAVI,All India Anna Dravida Munnetra Kazhagam,45730,3,Trailing,0,47214,S2238,https://results.eci.gov.in/ResultAcGenMay2026/ConstituencywiseS2238.htm,2026-05-04 15:28:05
ARAKKONAM,38,K. RAJKUMAR,Naam Tamilar Katchi,4859,4,Trailing,0,47214,S2238,https://results.eci.gov.in/ResultAcGenMay2026/ConstituencywiseS2238.htm,2026-05-04 15:28:05
ARAKKONAM,38,V. GANDHIRAJ,Tamilaga Vettri Kazhagam,69412,1,Leading / Top Candidate,22198,47214,S2238,https://results.eci.gov.in/ResultAcGenMay2026/ConstituencywiseS2238.htm,2026-05-04 15:28:05
ARAKKONAM,38,N. LAKSHMIPATHY,Tamizhaga Vaazhvurimai Katchi,220,8,Trailing,0,47214,S2238,https://results.eci.gov.in/ResultAcGenMay2026/ConstituencywiseS2238.htm,2026-05-04 15:28:05
ARAKKONAM,38,VETRIVEL. M,Aanaithinthiya Jananayaka Pathukappu Kazhagam,215,9,Trailing,0,47214,S2238,https://results.eci.gov.in/ResultAcGenMay2026/ConstituencywiseS2238.htm,2026-05-04 15:28:05
ARAKKONAM,38,P. GOVINDARAJ,Independent,64,14,Trailing,0,47214,S2238,https://results.eci.gov.in/ResultAcGenMay2026/ConstituencywiseS2238.htm,2026-05-04 15:28:05
ARAKKONAM,38,M. SANTHANAM,Independent,137,11,Trailing,0,47214,S2238,https://results.eci.gov.in/ResultAcGenMay2026/ConstituencywiseS2238.htm,2026-05-04 15:28:05
ARAKKONAM,38,N. PRAVEENKUMAR,Independent,221,7,Trailing,0,47214,S2238,https://results.eci.gov.in/ResultAcGenMay2026/ConstituencywiseS2238.htm,2026-05-04 15:28:05
ARAKKONAM,38,M. MANIKANDAN,Independent,71,13,Trailing,0,47214,S2238,https://results.eci.gov.in/ResultAcGenMay2026/ConstituencywiseS2238.htm,2026-05-04 15:28:05
ARAKKONAM,38,T. MURALIDHARAN,Independent,181,10,Trailing,0,47214,S2238,https://results.eci.gov.in/ResultAcGenMay2026/ConstituencywiseS2238.htm,2026-05-04 15:28:05
ARAKKONAM,38,G. MOHAN,Independent,96,12,Trailing,0,47214,S2238,https://results.eci.gov.in/ResultAcGenMay2026/ConstituencywiseS2238.htm,2026-05-04 15:28:05
ARAKKONAM,38,NOTA,None of the Above,838,5,Trailing,0,47214,S2238,https://results.eci.gov.in/ResultAcGenMay2026/ConstituencywiseS2238.htm,2026-05-04 15:28:05
ARANI,67,DHAVAMANI. R,Naam Tamilar Katchi,5454,4,Trailing,0,58227,S2267,https://results.eci.gov.in/ResultAcGenMay2026/ConstituencywiseS2267.htm,2026-05-04 15:28:10
ARANI,67,MAHALAKSHMI GOVARTHANAN,Dravida Munnetra Kazhagam,58081,3,Trailing,0,58227,S2267,https://results.eci.gov.in/ResultAcGenMay2026/ConstituencywiseS2267.htm,2026-05-04 15:28:10
ARANI,67,JAYASUDHA. L,All India Anna Dravida Munnetra Kazhagam,61139,1,Leading / Top Candidate,2912,58227,S2267,https://results.eci.gov.in/ResultAcGenMay2026/ConstituencywiseS2267.htm,2026-05-04 15:28:10
ARANI,67,GANAPATHY. S,Thamizhaka Padaippalar Makkal Katchi,294,8,Trailing,0,58227,S2267,https://results.eci.gov.in/ResultAcGenMay2026/ConstituencywiseS2267.htm,2026-05-04 15:28:10
ARANI,67,KALAIMANI. V,Aanaithinthiya Jananayaka Pathukappu Kazhagam,238,9,Trailing,0,58227,S2267,https://results.eci.gov.in/ResultAcGenMay2026/ConstituencywiseS2267.htm,2026-05-04 15:28:10
ARANI,67,SURESH. S,Tamizhaga Vaazhvurimai Katchi,107,16,Trailing,0,58227,S2267,https://results.eci.gov.in/ResultAcGenMay2026/ConstituencywiseS2267.htm,2026-05-04 15:28:10
ARANI,67,SELVAKOTTI. E,Veerath Thiyagi Viswanathadoss Thozhilalarkal Katchi,53,21,Trailing,0,58227,S2267,https://results.eci.gov.in/ResultAcGenMay2026/ConstituencywiseS2267.htm,2026-05-04 15:28:10
ARANI,67,TAMILMANNAN. D,Samaniya Makkal Nala Katchi,130,15,Trailing,0,58227,S2267,https://results.eci.gov.in/ResultAcGenMay2026/ConstituencywiseS2267.htm,2026-05-04 15:28:10
ARANI,67,VENKATESH KUMAR. D,Tamilaga Vettri Kazhagam,58227,2,Runner-up,0,58227,S2267,https://results.eci.gov.in/ResultAcGenMay2026/ConstituencywiseS2267.htm,2026-05-04 15:28:10
ARANI,67,AMMU. V,Independent,79,19,Trailing,0,58227,S2267,https://results.eci.gov.in/ResultAcGenMay2026/ConstituencywiseS2267.htm,2026-05-04 15:28:10
ARANI,67,EKAMBARAM. V,Independent,104,17,Trailing,0,58227,S2267,https://results.eci.gov.in/ResultAcGenMay2026/ConstituencywiseS2267.htm,2026-05-04 15:28:10
ARANI,67,SAKTHIVEL. S,Independent,146,13,Trailing,0,58227,S2267,https://results.eci.gov.in/ResultAcGenMay2026/ConstituencywiseS2267.htm,2026-05-04 15:28:10
ARANI,67,SARAVANAN. S,Independent,173,11,Trailing,0,58227,S2267,https://results.eci.gov.in/ResultAcGenMay2026/ConstituencywiseS2267.htm,2026-05-04 15:28:10
ARANI,67,SILAMBARASAN. C,Independent,163,12,Trailing,0,58227,S2267,https://results.eci.gov.in/ResultAcGenMay2026/ConstituencywiseS2267.htm,2026-05-04 15:28:10
ARANI,67,SUDHA. S,Independent,204,10,Trailing,0,58227,S2267,https://results.eci.gov.in/ResultAcGenMay2026/ConstituencywiseS2267.htm,2026-05-04 15:28:10
ARANI,67,SETHURAMA SASTHRI. G,Independent,146,14,Trailing,0,58227,S2267,https://results.eci.gov.in/ResultAcGenMay2026/ConstituencywiseS2267.htm,2026-05-04 15:28:10
ARANI,67,DHAMOTHARAN. M,Independent,311,7,Trailing,0,58227,S2267,https://results.eci.gov.in/ResultAcGenMay2026/ConstituencywiseS2267.htm,2026-05-04 15:28:10
ARANI,67,BASKARAN. S,Independent,327,6,Trailing,0,58227,S2267,https://results.eci.gov.in/ResultAcGenMay2026/ConstituencywiseS2267.htm,2026-05-04 15:28:10
ARANI,67,MAHALAKSHMI. G,Independent,95,18,Trailing,0,58227,S2267,https://results.eci.gov.in/ResultAcGenMay2026/ConstituencywiseS2267.htm,2026-05-04 15:28:10
ARANI,67,VINOTH. A,Independent,41,23,Trailing,0,58227,S2267,https://results.eci.gov.in/ResultAcGenMay2026/ConstituencywiseS2267.htm,2026-05-04 15:28:10
ARANI,67,VENKATESAN. P,Independent,36,24,Trailing,0,58227,S2267,https://results.eci.gov.in/ResultAcGenMay2026/ConstituencywiseS2267.htm,2026-05-04 15:28:10
ARANI,67,JAYANTHI. E,Independent,52,22,Trailing,0,58227,S2267,https://results.eci.gov.in/ResultAcGenMay2026/ConstituencywiseS2267.htm,2026-05-04 15:28:10
ARANI,67,JAYANTHI. M,Independent,70,20,Trailing,0,58227,S2267,https://results.eci.gov.in/ResultAcGenMay2026/ConstituencywiseS2267.htm,2026-05-04 15:28:10
ARANI,67,NOTA,None of the Above,590,5,Trailing,0,58227,S2267,https://results.eci.gov.in/ResultAcGenMay2026/ConstituencywiseS2267.htm,2026-05-04 15:28:10
ARANTHANGI,183,KAVITHA SRIKANTH,Bharatiya Janata Party,21265,3,Trailing,0,38515,S22183,https://results.eci.gov.in/ResultAcGenMay2026/ConstituencywiseS22183.htm,2026-05-04 15:28:14
ARANTHANGI,183,MUTHULAKSHMI. S,Naam Tamilar Katchi,6887,4,Trailing,0,38515,S22183,https://results.eci.gov.in/ResultAcGenMay2026/ConstituencywiseS22183.htm,2026-05-04 15:28:14
ARANTHANGI,183,RAMACHANDRAN . T,Indian National Congress,38515,2,Runner-up,0,38515,S22183,https://results.eci.gov.in/ResultAcGenMay2026/ConstituencywiseS22183.htm,2026-05-04 15:28:14
ARANTHANGI,183,NAZIM KHAN. M,Tamizhaga Vaazhvurimai Katchi,477,7,Trailing,0,38515,S22183,https://results.eci.gov.in/ResultAcGenMay2026/ConstituencywiseS22183.htm,2026-05-04 15:28:14
ARANTHANGI,183,MOHAMED FARVAS. J,Tamilaga Vettri Kazhagam,50125,1,Leading / Top Candidate,11610,38515,S22183,https://results.eci.gov.in/ResultAcGenMay2026/ConstituencywiseS22183.htm,2026-05-04 15:28:14
ARANTHANGI,183,ABDUL JAFFAR. S,Independent,226,11,Trailing,0,38515,S22183,https://results.eci.gov.in/ResultAcGenMay2026/ConstituencywiseS22183.htm,2026-05-04 15:28:14
ARANTHANGI,183,AIYAPPAN,Independent,101,15,Trailing,0,38515,S22183,https://results.eci.gov.in/ResultAcGenMay2026/ConstituencywiseS22183.htm,2026-05-04 15:28:14
ARANTHANGI,183,ARUNAGIRI . M,Independent,148,13,Trailing,0,38515,S22183,https://results.eci.gov.in/ResultAcGenMay2026/ConstituencywiseS22183.htm,2026-05-04 15:28:14
ARANTHANGI,183,UDAIYAPPAN. M,Independent,99,16,Trailing,0,38515,S22183,https://results.eci.gov.in/ResultAcGenMay2026/ConstituencywiseS22183.htm,2026-05-04 15:28:14
ARANTHANGI,183,KARTHIKEYAN. N,Independent,102,14,Trailing,0,38515,S22183,https://results.eci.gov.in/ResultAcGenMay2026/ConstituencywiseS22183.htm,2026-05-04 15:28:14
ARANTHANGI,183,KALIMUTHU. P,Independent,659,5,Trailing,0,38515,S22183,https://results.eci.gov.in/ResultAcGenMay2026/ConstituencywiseS22183.htm,2026-05-04 15:28:14
ARANTHANGI,183,SHAHUL HAMEED . N,Independent,532,6,Trailing,0,38515,S22183,https://results.eci.gov.in/ResultAcGenMay2026/ConstituencywiseS22183.htm,2026-05-04 15:28:14
ARANTHANGI,183,SUNDAR . A,Independent,222,12,Trailing,0,38515,S22183,https://results.eci.gov.in/ResultAcGenMay2026/ConstituencywiseS22183.htm,2026-05-04 15:28:14
ARANTHANGI,183,DHETCHNA MOORTHY. DOCTOR. S,Independent,279,9,Trailing,0,38515,S22183,https://results.eci.gov.in/ResultAcGenMay2026/ConstituencywiseS22183.htm,2026-05-04 15:28:14
ARANTHANGI,183,MURUGARETHINAM. T,Independent,240,10,Trailing,0,38515,S22183,https://results.eci.gov.in/ResultAcGenMay2026/ConstituencywiseS22183.htm,2026-05-04 15:28:14
ARANTHANGI,183,NOTA,None of the Above,388,8,Trailing,0,38515,S22183,https://results.eci.gov.in/ResultAcGenMay2026/ConstituencywiseS22183.htm,2026-05-04 15:28:14
ARAVAKURICHI,134,ELANGO. R,Dravida Munnetra Kazhagam,60479,1,Leading / Top Candidate,15157,45322,S22134,https://results.eci.gov.in/ResultAcGenMay2026/ConstituencywiseS22134.htm,2026-05-04 15:28:19
ARAVAKURICHI,134,SUGANYA. S,Bahujan Samaj Party,296,7,Trailing,0,45322,S22134,https://results.eci.gov.in/ResultAcGenMay2026/ConstituencywiseS22134.htm,2026-05-04 15:28:19
ARAVAKURICHI,134,SELVAKUMAR. K,All India Anna Dravida Munnetra Kazhagam,43210,3,Trailing,0,45322,S22134,https://results.eci.gov.in/ResultAcGenMay2026/ConstituencywiseS22134.htm,2026-05-04 15:28:19
ARAVAKURICHI,134,NAREN. S,Naam Tamilar Katchi,4556,4,Trailing,0,45322,S22134,https://results.eci.gov.in/ResultAcGenMay2026/ConstituencywiseS22134.htm,2026-05-04 15:28:19
ARAVAKURICHI,134,ASIYA BEGUM,All India Puratchi Thalaivar Makkal Munnettra Kazhagam,246,10,Trailing,0,45322,S22134,https://results.eci.gov.in/ResultAcGenMay2026/ConstituencywiseS22134.htm,2026-05-04 15:28:19
ARAVAKURICHI,134,KARTHIKEYAN. P,Tamilaga Vettri Kazhagam,45322,2,Runner-up,0,45322,S22134,https://results.eci.gov.in/ResultAcGenMay2026/ConstituencywiseS22134.htm,2026-05-04 15:28:19
ARAVAKURICHI,134,SAKTHIVEL. R,Viduthalai Kalam Katchi,156,13,Trailing,0,45322,S22134,https://results.eci.gov.in/ResultAcGenMay2026/ConstituencywiseS22134.htm,2026-05-04 15:28:19
ARAVAKURICHI,134,RAVI. AG,Tamizhaga Vaazhvurimai Katchi,379,6,Trailing,0,45322,S22134,https://results.eci.gov.in/ResultAcGenMay2026/ConstituencywiseS22134.htm,2026-05-04 15:28:19
ARAVAKURICHI,134,ARASUMANI. G,Independent,53,20,Trailing,0,45322,S22134,https://results.eci.gov.in/ResultAcGenMay2026/ConstituencywiseS22134.htm,2026-05-04 15:28:19
ARAVAKURICHI,134,ARIVALAGAN. M,Independent,46,23,Trailing,0,45322,S22134,https://results.eci.gov.in/ResultAcGenMay2026/ConstituencywiseS22134.htm,2026-05-04 15:28:19
ARAVAKURICHI,134,KATHIRESAN. M,Independent,44,24,Trailing,0,45322,S22134,https://results.eci.gov.in/ResultAcGenMay2026/ConstituencywiseS22134.htm,2026-05-04 15:28:19
ARAVAKURICHI,134,KAVIYARASU. T,Independent,42,25,Trailing,0,45322,S22134,https://results.eci.gov.in/ResultAcGenMay2026/ConstituencywiseS22134.htm,2026-05-04 15:28:19
ARAVAKURICHI,134,KIRUBANANTH. S,Independent,50,21,Trailing,0,45322,S22134,https://results.eci.gov.in/ResultAcGenMay2026/ConstituencywiseS22134.htm,2026-05-04 15:28:19
ARAVAKURICHI,134,SILAMBARASAN. P,Independent,94,16,Trailing,0,45322,S22134,https://results.eci.gov.in/ResultAcGenMay2026/ConstituencywiseS22134.htm,2026-05-04 15:28:19
ARAVAKURICHI,134,SIVALINGAM. T,Independent,98,15,Trailing,0,45322,S22134,https://results.eci.gov.in/ResultAcGenMay2026/ConstituencywiseS22134.htm,2026-05-04 15:28:19
ARAVAKURICHI,134,SOWMIYA. R,Independent,238,11,Trailing,0,45322,S22134,https://results.eci.gov.in/ResultAcGenMay2026/ConstituencywiseS22134.htm,2026-05-04 15:28:19
ARAVAKURICHI,134,TAMILARASAN. M,Independent,279,8,Trailing,0,45322,S22134,https://results.eci.gov.in/ResultAcGenMay2026/ConstituencywiseS22134.htm,2026-05-04 15:28:19
ARAVAKURICHI,134,NATARAJAN. P,Independent,270,9,Trailing,0,45322,S22134,https://results.eci.gov.in/ResultAcGenMay2026/ConstituencywiseS22134.htm,2026-05-04 15:28:19
ARAVAKURICHI,134,NARENDRAKUMAR. G,Independent,128,14,Trailing,0,45322,S22134,https://results.eci.gov.in/ResultAcGenMay2026/ConstituencywiseS22134.htm,2026-05-04 15:28:19
ARAVAKURICHI,134,NATCHIMUTHU. V,Independent,77,17,Trailing,0,45322,S22134,https://results.eci.gov.in/ResultAcGenMay2026/ConstituencywiseS22134.htm,2026-05-04 15:28:19
ARAVAKURICHI,134,PRAVEEN. S,Independent,40,27,Trailing,0,45322,S22134,https://results.eci.gov.in/ResultAcGenMay2026/ConstituencywiseS22134.htm,2026-05-04 15:28:19
ARAVAKURICHI,134,BOOPATHY. S,Independent,235,12,Trailing,0,45322,S22134,https://results.eci.gov.in/ResultAcGenMay2026/ConstituencywiseS22134.htm,2026-05-04 15:28:19
ARAVAKURICHI,134,MANIKANDAN. T,Independent,74,18,Trailing,0,45322,S22134,https://results.eci.gov.in/ResultAcGenMay2026/ConstituencywiseS22134.htm,2026-05-04 15:28:19
ARAVAKURICHI,134,MATHIYALAGAN. P,Independent,50,22,Trailing,0,45322,S22134,https://results.eci.gov.in/ResultAcGenMay2026/ConstituencywiseS22134.htm,2026-05-04 15:28:19
ARAVAKURICHI,134,MURUGESAN. R,Independent,29,30,Trailing,0,45322,S22134,https://results.eci.gov.in/ResultAcGenMay2026/ConstituencywiseS22134.htm,2026-05-04 15:28:19
ARAVAKURICHI,134,MOHANKUMAR. K,Independent,37,28,Trailing,0,45322,S22134,https://results.eci.gov.in/ResultAcGenMay2026/ConstituencywiseS22134.htm,2026-05-04 15:28:19
ARAVAKURICHI,134,RAGUPATHI. S,Independent,26,31,Trailing,0,45322,S22134,https://results.eci.gov.in/ResultAcGenMay2026/ConstituencywiseS22134.htm,2026-05-04 15:28:19
ARAVAKURICHI,134,RAMALINGAM. V,Independent,30,29,Trailing,0,45322,S22134,https://results.eci.gov.in/ResultAcGenMay2026/ConstituencywiseS22134.htm,2026-05-04 15:28:19
ARAVAKURICHI,134,RAJASEKARAN. N,Independent,55,19,Trailing,0,45322,S22134,https://results.eci.gov.in/ResultAcGenMay2026/ConstituencywiseS22134.htm,2026-05-04 15:28:19
ARAVAKURICHI,134,RAJENDARAN. N,Independent,42,26,Trailing,0,45322,S22134,https://results.eci.gov.in/ResultAcGenMay2026/ConstituencywiseS22134.htm,2026-05-04 15:28:19
ARAVAKURICHI,134,NOTA,None of the Above,552,5,Trailing,0,45322,S22134,https://results.eci.gov.in/ResultAcGenMay2026/ConstituencywiseS22134.htm,2026-05-04 15:28:19
ARCOT,42,ARCHANA NARASIMMAN,Naam Tamilar Katchi,2301,4,Trailing,0,30118,S2242,https://results.eci.gov.in/ResultAcGenMay2026/ConstituencywiseS2242.htm,2026-05-04 15:28:23
ARCOT,42,J.L.ESWARAPPAN,Dravida Munnetra Kazhagam,21867,3,Trailing,0,30118,S2242,https://results.eci.gov.in/ResultAcGenMay2026/ConstituencywiseS2242.htm,2026-05-04 15:28:23
ARCOT,42,S.M.SUKUMAR,All India Anna Dravida Munnetra Kazhagam,44613,1,Leading / Top Candidate,14495,30118,S2242,https://results.eci.gov.in/ResultAcGenMay2026/ConstituencywiseS2242.htm,2026-05-04 15:28:23
ARCOT,42,M.VASANTHAKUMAR,Bahujan Samaj Party,181,6,Trailing,0,30118,S2242,https://results.eci.gov.in/ResultAcGenMay2026/ConstituencywiseS2242.htm,2026-05-04 15:28:23
ARCOT,42,V.GANDHI,Vanchit Bahujan Aaghadi,76,10,Trailing,0,30118,S2242,https://results.eci.gov.in/ResultAcGenMay2026/ConstituencywiseS2242.htm,2026-05-04 15:28:23
ARCOT,42,S.P.SHANMUGAM,Aanaithinthiya Jananayaka Pathukappu Kazhagam,38,14,Trailing,0,30118,S2242,https://results.eci.gov.in/ResultAcGenMay2026/ConstituencywiseS2242.htm,2026-05-04 15:28:23
ARCOT,42,V.SEETHARAMAN,Anti Corruption Dynamic Party,73,11,Trailing,0,30118,S2242,https://results.eci.gov.in/ResultAcGenMay2026/ConstituencywiseS2242.htm,2026-05-04 15:28:23
ARCOT,42,G.VIJAY MOHAN,Tamilaga Vettri Kazhagam,30118,2,Runner-up,0,30118,S2242,https://results.eci.gov.in/ResultAcGenMay2026/ConstituencywiseS2242.htm,2026-05-04 15:28:23
ARCOT,42,P.VENKATESAN,Tamizhaga Vaazhvurimai Katchi,77,9,Trailing,0,30118,S2242,https://results.eci.gov.in/ResultAcGenMay2026/ConstituencywiseS2242.htm,2026-05-04 15:28:23
ARCOT,42,R.INDHUMATHI,Independent,29,15,Trailing,0,30118,S2242,https://results.eci.gov.in/ResultAcGenMay2026/ConstituencywiseS2242.htm,2026-05-04 15:28:23
ARCOT,42,ESWARAPPAN.M,Independent,39,13,Trailing,0,30118,S2242,https://results.eci.gov.in/ResultAcGenMay2026/ConstituencywiseS2242.htm,2026-05-04 15:28:23
ARCOT,42,V.SHANTHI,Independent,41,12,Trailing,0,30118,S2242,https://results.eci.gov.in/ResultAcGenMay2026/ConstituencywiseS2242.htm,2026-05-04 15:28:23
ARCOT,42,K.MANIKANDAN,Independent,133,8,Trailing,0,30118,S2242,https://results.eci.gov.in/ResultAcGenMay2026/ConstituencywiseS2242.htm,2026-05-04 15:28:23
ARCOT,42,A.VIJAY,Independent,164,7,Trailing,0,30118,S2242,https://results.eci.gov.in/ResultAcGenMay2026/ConstituencywiseS2242.htm,2026-05-04 15:28:23
ARCOT,42,NOTA,None of the Above,290,5,Trailing,0,30118,S2242,https://results.eci.gov.in/ResultAcGenMay2026/ConstituencywiseS2242.htm,2026-05-04 15:28:23
ARIYALUR,149,PUGAZHENDHI D,Naam Tamilar Katchi,7112,4,Trailing,0,57819,S22149,https://results.eci.gov.in/ResultAcGenMay2026/ConstituencywiseS22149.htm,2026-05-04 15:28:27
ARIYALUR,149,RAJENDRAN S,All India Anna Dravida Munnetra Kazhagam,71154,1,Leading / Top Candidate,13335,57819,S22149,https://results.eci.gov.in/ResultAcGenMay2026/ConstituencywiseS22149.htm,2026-05-04 15:28:27
ARIYALUR,149,LATHA BALU,Dravida Munnetra Kazhagam,57819,2,Runner-up,0,57819,S22149,https://results.eci.gov.in/ResultAcGenMay2026/ConstituencywiseS22149.htm,2026-05-04 15:28:27
ARIYALUR,149,STALIN V,Bahujan Samaj Party,377,9,Trailing,0,57819,S22149,https://results.eci.gov.in/ResultAcGenMay2026/ConstituencywiseS22149.htm,2026-05-04 15:28:27
ARIYALUR,149,THANGA. SHANMUGA SUNDARAM,Naadaalum Makkal Katchi,529,6,Trailing,0,57819,S22149,https://results.eci.gov.in/ResultAcGenMay2026/ConstituencywiseS22149.htm,2026-05-04 15:28:27
ARIYALUR,149,SIVAKUMAR M,Tamilaga Vettri Kazhagam,48154,3,Trailing,0,57819,S22149,https://results.eci.gov.in/ResultAcGenMay2026/ConstituencywiseS22149.htm,2026-05-04 15:28:27
ARIYALUR,149,SUDHAKAR M,Tamizhaga Vaazhvurimai Katchi,144,12,Trailing,0,57819,S22149,https://results.eci.gov.in/ResultAcGenMay2026/ConstituencywiseS22149.htm,2026-05-04 15:28:27
ARIYALUR,149,RAJKUMAR S,All India Puratchi Thalaivar Makkal Munnettra Kazhagam,104,14,Trailing,0,57819,S22149,https://results.eci.gov.in/ResultAcGenMay2026/ConstituencywiseS22149.htm,2026-05-04 15:28:27
ARIYALUR,149,ELAIYARAJA C,Independent,57,15,Trailing,0,57819,S22149,https://results.eci.gov.in/ResultAcGenMay2026/ConstituencywiseS22149.htm,2026-05-04 15:28:27
ARIYALUR,149,KRISHNAMOORTHY C,Independent,52,16,Trailing,0,57819,S22149,https://results.eci.gov.in/ResultAcGenMay2026/ConstituencywiseS22149.htm,2026-05-04 15:28:27
ARIYALUR,149,KUMAR K,Independent,117,13,Trailing,0,57819,S22149,https://results.eci.gov.in/ResultAcGenMay2026/ConstituencywiseS22149.htm,2026-05-04 15:28:27
ARIYALUR,149,SEMMALAI T,Independent,160,11,Trailing,0,57819,S22149,https://results.eci.gov.in/ResultAcGenMay2026/ConstituencywiseS22149.htm,2026-05-04 15:28:27
ARIYALUR,149,RAJKUMAR K,Independent,172,10,Trailing,0,57819,S22149,https://results.eci.gov.in/ResultAcGenMay2026/ConstituencywiseS22149.htm,2026-05-04 15:28:27
ARIYALUR,149,VETRIVEL G,Independent,452,8,Trailing,0,57819,S22149,https://results.eci.gov.in/ResultAcGenMay2026/ConstituencywiseS22149.htm,2026-05-04 15:28:27
ARIYALUR,149,JOTHIBASU K,Independent,546,5,Trailing,0,57819,S22149,https://results.eci.gov.in/ResultAcGenMay2026/ConstituencywiseS22149.htm,2026-05-04 15:28:27
ARIYALUR,149,NOTA,None of the Above,525,7,Trailing,0,57819,S22149,https://results.eci.gov.in/ResultAcGenMay2026/ConstituencywiseS22149.htm,2026-05-04 15:28:27
ARUPPUKKOTTAI,207,RAMACHANDRAN. K.K.S.S.R,Dravida Munnetra Kazhagam,38659,2,Runner-up,0,38659,S22207,https://results.eci.gov.in/ResultAcGenMay2026/ConstituencywiseS22207.htm,2026-05-04 15:28:32
ARUPPUKKOTTAI,207,SETHUPATHY. S,All India Anna Dravida Munnetra Kazhagam,22807,3,Trailing,0,38659,S22207,https://results.eci.gov.in/ResultAcGenMay2026/ConstituencywiseS22207.htm,2026-05-04 15:28:32
ARUPPUKKOTTAI,207,MANIMARAN. G,Naam Tamilar Katchi,5274,4,Trailing,0,38659,S22207,https://results.eci.gov.in/ResultAcGenMay2026/ConstituencywiseS22207.htm,2026-05-04 15:28:32
ARUPPUKKOTTAI,207,ELANGO. G,Ezhuchi Tamilargal Munnetra Kazhagam,92,16,Trailing,0,38659,S22207,https://results.eci.gov.in/ResultAcGenMay2026/ConstituencywiseS22207.htm,2026-05-04 15:28:32
ARUPPUKKOTTAI,207,GANESAN. V,Puthiya Makkal Tamil Desam Katchi,117,13,Trailing,0,38659,S22207,https://results.eci.gov.in/ResultAcGenMay2026/ConstituencywiseS22207.htm,2026-05-04 15:28:32
ARUPPUKKOTTAI,207,KARTHIK KUMAR. K,Tamilaga Vettri Kazhagam,42311,1,Leading / Top Candidate,3652,38659,S22207,https://results.eci.gov.in/ResultAcGenMay2026/ConstituencywiseS22207.htm,2026-05-04 15:28:32
ARUPPUKKOTTAI,207,SANJAY GANDHI. V,Desa Makkal Munnetrak Kazhagam,97,15,Trailing,0,38659,S22207,https://results.eci.gov.in/ResultAcGenMay2026/ConstituencywiseS22207.htm,2026-05-04 15:28:32
ARUPPUKKOTTAI,207,DHARMARAJ. P,All India Puratchi Thalaivar Makkal Munnettra Kazhagam,291,7,Trailing,0,38659,S22207,https://results.eci.gov.in/ResultAcGenMay2026/ConstituencywiseS22207.htm,2026-05-04 15:28:32
ARUPPUKKOTTAI,207,RAGUPATHI. K,Puthiya Tamilagam,330,6,Trailing,0,38659,S22207,https://results.eci.gov.in/ResultAcGenMay2026/ConstituencywiseS22207.htm,2026-05-04 15:28:32
ARUPPUKKOTTAI,207,ARUMUGAM. V,Independent,255,9,Trailing,0,38659,S22207,https://results.eci.gov.in/ResultAcGenMay2026/ConstituencywiseS22207.htm,2026-05-04 15:28:32
ARUPPUKKOTTAI,207,ANANDHAN. A,Independent,72,17,Trailing,0,38659,S22207,https://results.eci.gov.in/ResultAcGenMay2026/ConstituencywiseS22207.htm,2026-05-04 15:28:32
ARUPPUKKOTTAI,207,KARTHIK. M,Independent,29,23,Trailing,0,38659,S22207,https://results.eci.gov.in/ResultAcGenMay2026/ConstituencywiseS22207.htm,2026-05-04 15:28:32
ARUPPUKKOTTAI,207,ADVOCATE SADHURAGIRI. M,Independent,133,12,Trailing,0,38659,S22207,https://results.eci.gov.in/ResultAcGenMay2026/ConstituencywiseS22207.htm,2026-05-04 15:28:32
ARUPPUKKOTTAI,207,CHINNASAMY. G,Independent,43,20,Trailing,0,38659,S22207,https://results.eci.gov.in/ResultAcGenMay2026/ConstituencywiseS22207.htm,2026-05-04 15:28:32
ARUPPUKKOTTAI,207,SUNDARAMAHALINGAM. A,Independent,47,19,Trailing,0,38659,S22207,https://results.eci.gov.in/ResultAcGenMay2026/ConstituencywiseS22207.htm,2026-05-04 15:28:32
ARUPPUKKOTTAI,207,SUNDARAMOORTHI. S,Independent,209,10,Trailing,0,38659,S22207,https://results.eci.gov.in/ResultAcGenMay2026/ConstituencywiseS22207.htm,2026-05-04 15:28:32
ARUPPUKKOTTAI,207,SURESHKUMAR. K,Independent,286,8,Trailing,0,38659,S22207,https://results.eci.gov.in/ResultAcGenMay2026/ConstituencywiseS22207.htm,2026-05-04 15:28:32
ARUPPUKKOTTAI,207,SENTHILKUMAR. S,Independent,165,11,Trailing,0,38659,S22207,https://results.eci.gov.in/ResultAcGenMay2026/ConstituencywiseS22207.htm,2026-05-04 15:28:32
ARUPPUKKOTTAI,207,PALANIKUMAR. M,Independent,36,22,Trailing,0,38659,S22207,https://results.eci.gov.in/ResultAcGenMay2026/ConstituencywiseS22207.htm,2026-05-04 15:28:32
ARUPPUKKOTTAI,207,MARIVEL. K,Independent,29,24,Trailing,0,38659,S22207,https://results.eci.gov.in/ResultAcGenMay2026/ConstituencywiseS22207.htm,2026-05-04 15:28:32
ARUPPUKKOTTAI,207,MUNIYANDI. M,Independent,49,18,Trailing,0,38659,S22207,https://results.eci.gov.in/ResultAcGenMay2026/ConstituencywiseS22207.htm,2026-05-04 15:28:32
ARUPPUKKOTTAI,207,RAMAKRISHNAN. S,Independent,101,14,Trailing,0,38659,S22207,https://results.eci.gov.in/ResultAcGenMay2026/ConstituencywiseS22207.htm,2026-05-04 15:28:32
ARUPPUKKOTTAI,207,RAMAMOORTHY. G,Independent,28,25,Trailing,0,38659,S22207,https://results.eci.gov.in/ResultAcGenMay2026/ConstituencywiseS22207.htm,2026-05-04 15:28:32
ARUPPUKKOTTAI,207,VEERARAJ. R,Independent,41,21,Trailing,0,38659,S22207,https://results.eci.gov.in/ResultAcGenMay2026/ConstituencywiseS22207.htm,2026-05-04 15:28:32
ARUPPUKKOTTAI,207,VENKATESAN. P.S,Independent,27,26,Trailing,0,38659,S22207,https://results.eci.gov.in/ResultAcGenMay2026/ConstituencywiseS22207.htm,2026-05-04 15:28:32
ARUPPUKKOTTAI,207,NOTA,None of the Above,482,5,Trailing,0,38659,S22207,https://results.eci.gov.in/ResultAcGenMay2026/ConstituencywiseS22207.htm,2026-05-04 15:28:32
ATHOOR,129,S. KARTHIGAISELVAN,Bahujan Samaj Party,363,8,Trailing,0,48729,S22129,https://results.eci.gov.in/ResultAcGenMay2026/ConstituencywiseS22129.htm,2026-05-04 15:28:36
ATHOOR,129,DR. A. SIMON JUSTIN,Naam Tamilar Katchi,5786,4,Trailing,0,48729,S22129,https://results.eci.gov.in/ResultAcGenMay2026/ConstituencywiseS22129.htm,2026-05-04 15:28:36
ATHOOR,129,I. PERIASAMY,Dravida Munnetra Kazhagam,63868,1,Leading / Top Candidate,15139,48729,S22129,https://results.eci.gov.in/ResultAcGenMay2026/ConstituencywiseS22129.htm,2026-05-04 15:28:36
ATHOOR,129,A. VISWANATHAN,All India Anna Dravida Munnetra Kazhagam,21996,3,Trailing,0,48729,S22129,https://results.eci.gov.in/ResultAcGenMay2026/ConstituencywiseS22129.htm,2026-05-04 15:28:36
ATHOOR,129,N. KALAISELVI,Tamilaga Vettri Kazhagam,48729,2,Runner-up,0,48729,S22129,https://results.eci.gov.in/ResultAcGenMay2026/ConstituencywiseS22129.htm,2026-05-04 15:28:36
ATHOOR,129,D. SANKAR,Naadaalum Makkal Katchi,510,5,Trailing,0,48729,S22129,https://results.eci.gov.in/ResultAcGenMay2026/ConstituencywiseS22129.htm,2026-05-04 15:28:36
ATHOOR,129,M.K. NAGENDRAN,Aanaithinthiya Jananayaka Pathukappu Kazhagam,348,9,Trailing,0,48729,S22129,https://results.eci.gov.in/ResultAcGenMay2026/ConstituencywiseS22129.htm,2026-05-04 15:28:36
ATHOOR,129,S. BALA MURUGAN,Tamizhaga Vaazhvurimai Katchi,82,15,Trailing,0,48729,S22129,https://results.eci.gov.in/ResultAcGenMay2026/ConstituencywiseS22129.htm,2026-05-04 15:28:36
ATHOOR,129,K. JAYAPRAKASH,Puthiya Tamilagam,134,13,Trailing,0,48729,S22129,https://results.eci.gov.in/ResultAcGenMay2026/ConstituencywiseS22129.htm,2026-05-04 15:28:36
ATHOOR,129,K. KATHIRESAN,Independent,135,12,Trailing,0,48729,S22129,https://results.eci.gov.in/ResultAcGenMay2026/ConstituencywiseS22129.htm,2026-05-04 15:28:36
ATHOOR,129,D. NAGARAJ,Independent,108,14,Trailing,0,48729,S22129,https://results.eci.gov.in/ResultAcGenMay2026/ConstituencywiseS22129.htm,2026-05-04 15:28:36
ATHOOR,129,M. PERIYASAMY,Independent,160,11,Trailing,0,48729,S22129,https://results.eci.gov.in/ResultAcGenMay2026/ConstituencywiseS22129.htm,2026-05-04 15:28:36
ATHOOR,129,P. MANIVEL,Independent,258,10,Trailing,0,48729,S22129,https://results.eci.gov.in/ResultAcGenMay2026/ConstituencywiseS22129.htm,2026-05-04 15:28:36
ATHOOR,129,K. VISVANATHAN,Independent,392,7,Trailing,0,48729,S22129,https://results.eci.gov.in/ResultAcGenMay2026/ConstituencywiseS22129.htm,2026-05-04 15:28:36
ATHOOR,129,K. VELMURUGAN,Independent,75,16,Trailing,0,48729,S22129,https://results.eci.gov.in/ResultAcGenMay2026/ConstituencywiseS22129.htm,2026-05-04 15:28:36
ATHOOR,129,NOTA,None of the Above,469,6,Trailing,0,48729,S22129,https://results.eci.gov.in/ResultAcGenMay2026/ConstituencywiseS22129.htm,2026-05-04 15:28:36
ATTUR,82,ARTHANARI. S.K.,Indian National Congress,42740,3,Trailing,0,54141,S2282,https://results.eci.gov.in/ResultAcGenMay2026/ConstituencywiseS2282.htm,2026-05-04 15:28:40
ATTUR,82,SELLAMMAL. V.M.,Bahujan Samaj Party,343,7,Trailing,0,54141,S2282,https://results.eci.gov.in/ResultAcGenMay2026/ConstituencywiseS2282.htm,2026-05-04 15:28:40
ATTUR,82,MONISHA CHINNADURAI.,Naam Tamilar Katchi,5337,4,Trailing,0,54141,S2282,https://results.eci.gov.in/ResultAcGenMay2026/ConstituencywiseS2282.htm,2026-05-04 15:28:40
ATTUR,82,JAYASANKARAN. A.P.,All India Anna Dravida Munnetra Kazhagam,65898,1,Leading / Top Candidate,11757,54141,S2282,https://results.eci.gov.in/ResultAcGenMay2026/ConstituencywiseS2282.htm,2026-05-04 15:28:40
ATTUR,82,SELVABHARATHI. R.,Tamilaga Vettri Kazhagam,54141,2,Runner-up,0,54141,S2282,https://results.eci.gov.in/ResultAcGenMay2026/ConstituencywiseS2282.htm,2026-05-04 15:28:40
ATTUR,82,PALANIYAMMAL. S.,Desiya Makkal Sakthi Katchi,171,10,Trailing,0,54141,S2282,https://results.eci.gov.in/ResultAcGenMay2026/ConstituencywiseS2282.htm,2026-05-04 15:28:40
ATTUR,82,RAMESH. G.,Tamizhaga Vaazhvurimai Katchi,142,11,Trailing,0,54141,S2282,https://results.eci.gov.in/ResultAcGenMay2026/ConstituencywiseS2282.htm,2026-05-04 15:28:40
ATTUR,82,SELVAKANNAN. L.,Independent,133,12,Trailing,0,54141,S2282,https://results.eci.gov.in/ResultAcGenMay2026/ConstituencywiseS2282.htm,2026-05-04 15:28:40
ATTUR,82,POOMALAI. C.,Independent,188,9,Trailing,0,54141,S2282,https://results.eci.gov.in/ResultAcGenMay2026/ConstituencywiseS2282.htm,2026-05-04 15:28:40
ATTUR,82,MANIKANDAN. M.,Independent,73,16,Trailing,0,54141,S2282,https://results.eci.gov.in/ResultAcGenMay2026/ConstituencywiseS2282.htm,2026-05-04 15:28:40
ATTUR,82,MANIMARAN. A.,Independent,84,15,Trailing,0,54141,S2282,https://results.eci.gov.in/ResultAcGenMay2026/ConstituencywiseS2282.htm,2026-05-04 15:28:40
ATTUR,82,MANICKAM. K.,Independent,218,8,Trailing,0,54141,S2282,https://results.eci.gov.in/ResultAcGenMay2026/ConstituencywiseS2282.htm,2026-05-04 15:28:40
ATTUR,82,RAJESHKANNAN. K.,Independent,421,6,Trailing,0,54141,S2282,https://results.eci.gov.in/ResultAcGenMay2026/ConstituencywiseS2282.htm,2026-05-04 15:28:40
ATTUR,82,VARATHARAJ. G.,Independent,117,14,Trailing,0,54141,S2282,https://results.eci.gov.in/ResultAcGenMay2026/ConstituencywiseS2282.htm,2026-05-04 15:28:40
ATTUR,82,JAGAN. T.,Independent,126,13,Trailing,0,54141,S2282,https://results.eci.gov.in/ResultAcGenMay2026/ConstituencywiseS2282.htm,2026-05-04 15:28:40
ATTUR,82,NOTA,None of the Above,832,5,Trailing,0,54141,S2282,https://results.eci.gov.in/ResultAcGenMay2026/ConstituencywiseS2282.htm,2026-05-04 15:28:40
AVADI,6,S. CHARLES,Bahujan Samaj Party,386,6,Trailing,0,51473,S226,https://results.eci.gov.in/ResultAcGenMay2026/ConstituencywiseS226.htm,2026-05-04 15:28:45
AVADI,6,S.M.NASAR,Dravida Munnetra Kazhagam,51473,2,Runner-up,0,51473,S226,https://results.eci.gov.in/ResultAcGenMay2026/ConstituencywiseS226.htm,2026-05-04 15:28:45
AVADI,6,PUNITHA SHANMUGAM,Naam Tamilar Katchi,7916,4,Trailing,0,51473,S226,https://results.eci.gov.in/ResultAcGenMay2026/ConstituencywiseS226.htm,2026-05-04 15:28:45
AVADI,6,RAJASIMHA MAHENDRA,Bharatiya Janata Party,19133,3,Trailing,0,51473,S226,https://results.eci.gov.in/ResultAcGenMay2026/ConstituencywiseS226.htm,2026-05-04 15:28:45
AVADI,6,R.Edmund Jayendren,Tamizhaga Vaazhvurimai Katchi,239,8,Trailing,0,51473,S226,https://results.eci.gov.in/ResultAcGenMay2026/ConstituencywiseS226.htm,2026-05-04 15:28:45
AVADI,6,C.S. Karnan,Anti Corruption Dynamic Party,101,11,Trailing,0,51473,S226,https://results.eci.gov.in/ResultAcGenMay2026/ConstituencywiseS226.htm,2026-05-04 15:28:45
AVADI,6,SENTHILKUMAR. S,Anna Puratchi Thalaivar Amma Dravida Munnetra Kazhagam,72,16,Trailing,0,51473,S226,https://results.eci.gov.in/ResultAcGenMay2026/ConstituencywiseS226.htm,2026-05-04 15:28:45
AVADI,6,R. BAKTHAVATCHALAM,All India Puratchi Thalaivar Makkal Munnettra Kazhagam,338,7,Trailing,0,51473,S226,https://results.eci.gov.in/ResultAcGenMay2026/ConstituencywiseS226.htm,2026-05-04 15:28:45
AVADI,6,R.RAMESH KUMAR,Tamilaga Vettri Kazhagam,87762,1,Leading / Top Candidate,36289,51473,S226,https://results.eci.gov.in/ResultAcGenMay2026/ConstituencywiseS226.htm,2026-05-04 15:28:45
AVADI,6,P.JAYAKUMAR,Samaniya Makkal Nala Katchi,79,15,Trailing,0,51473,S226,https://results.eci.gov.in/ResultAcGenMay2026/ConstituencywiseS226.htm,2026-05-04 15:28:45
AVADI,6,K. ANNAMALAI,Independent,30,21,Trailing,0,51473,S226,https://results.eci.gov.in/ResultAcGenMay2026/ConstituencywiseS226.htm,2026-05-04 15:28:45
AVADI,6,G.D. ARUNKUMAR,Independent,97,12,Trailing,0,51473,S226,https://results.eci.gov.in/ResultAcGenMay2026/ConstituencywiseS226.htm,2026-05-04 15:28:45
AVADI,6,M. ERAJASIMMAN,Independent,53,18,Trailing,0,51473,S226,https://results.eci.gov.in/ResultAcGenMay2026/ConstituencywiseS226.htm,2026-05-04 15:28:45
AVADI,6,R. KUMAR,Independent,149,9,Trailing,0,51473,S226,https://results.eci.gov.in/ResultAcGenMay2026/ConstituencywiseS226.htm,2026-05-04 15:28:45
AVADI,6,S. SENTHILKUMAR,Independent,89,14,Trailing,0,51473,S226,https://results.eci.gov.in/ResultAcGenMay2026/ConstituencywiseS226.htm,2026-05-04 15:28:45
AVADI,6,P. CHELLAPANDIAN,Independent,124,10,Trailing,0,51473,S226,https://results.eci.gov.in/ResultAcGenMay2026/ConstituencywiseS226.htm,2026-05-04 15:28:45
AVADI,6,K. BALAKRISHNAN,Independent,68,17,Trailing,0,51473,S226,https://results.eci.gov.in/ResultAcGenMay2026/ConstituencywiseS226.htm,2026-05-04 15:28:45
AVADI,6,R. MANIKANDAN,Independent,95,13,Trailing,0,51473,S226,https://results.eci.gov.in/ResultAcGenMay2026/ConstituencywiseS226.htm,2026-05-04 15:28:45
AVADI,6,UNIESH RAJ. M,Independent,52,19,Trailing,0,51473,S226,https://results.eci.gov.in/ResultAcGenMay2026/ConstituencywiseS226.htm,2026-05-04 15:28:45
AVADI,6,RAJASEKAR. R,Independent,50,20,Trailing,0,51473,S226,https://results.eci.gov.in/ResultAcGenMay2026/ConstituencywiseS226.htm,2026-05-04 15:28:45
AVADI,6,NOTA,None of the Above,781,5,Trailing,0,51473,S226,https://results.eci.gov.in/ResultAcGenMay2026/ConstituencywiseS226.htm,2026-05-04 15:28:45
AVANASHI,112,DR. GOKILAMANI.V,Dravida Munnetra Kazhagam,44251,3,Trailing,0,47303,S22112,https://results.eci.gov.in/ResultAcGenMay2026/ConstituencywiseS22112.htm,2026-05-04 15:28:49
AVANASHI,112,GOVINDAN.P,Bahujan Samaj Party,447,7,Trailing,0,47303,S22112,https://results.eci.gov.in/ResultAcGenMay2026/ConstituencywiseS22112.htm,2026-05-04 15:28:49
AVANASHI,112,DR. L. MURUGAN,Bharatiya Janata Party,47303,2,Runner-up,0,47303,S22112,https://results.eci.gov.in/ResultAcGenMay2026/ConstituencywiseS22112.htm,2026-05-04 15:28:49
AVANASHI,112,MENAKA. V,Naam Tamilar Katchi,4944,4,Trailing,0,47303,S22112,https://results.eci.gov.in/ResultAcGenMay2026/ConstituencywiseS22112.htm,2026-05-04 15:28:49
AVANASHI,112,ARUMUGAM.R,Ganasangam Party of India,391,9,Trailing,0,47303,S22112,https://results.eci.gov.in/ResultAcGenMay2026/ConstituencywiseS22112.htm,2026-05-04 15:28:49
AVANASHI,112,KAMALI.S,Tamilaga Vettri Kazhagam,54787,1,Leading / Top Candidate,7484,47303,S22112,https://results.eci.gov.in/ResultAcGenMay2026/ConstituencywiseS22112.htm,2026-05-04 15:28:49
AVANASHI,112,CHINNASAMY.V,Tamizhaga Vaazhvurimai Katchi,189,12,Trailing,0,47303,S22112,https://results.eci.gov.in/ResultAcGenMay2026/ConstituencywiseS22112.htm,2026-05-04 15:28:49
AVANASHI,112,ARUMUGAM. P,Independent,130,15,Trailing,0,47303,S22112,https://results.eci.gov.in/ResultAcGenMay2026/ConstituencywiseS22112.htm,2026-05-04 15:28:49
AVANASHI,112,ANANDHI.S,Independent,174,13,Trailing,0,47303,S22112,https://results.eci.gov.in/ResultAcGenMay2026/ConstituencywiseS22112.htm,2026-05-04 15:28:49
AVANASHI,112,GOKILAMANI. M,Independent,498,6,Trailing,0,47303,S22112,https://results.eci.gov.in/ResultAcGenMay2026/ConstituencywiseS22112.htm,2026-05-04 15:28:49
AVANASHI,112,SATHIYARASU. R,Independent,160,14,Trailing,0,47303,S22112,https://results.eci.gov.in/ResultAcGenMay2026/ConstituencywiseS22112.htm,2026-05-04 15:28:49
AVANASHI,112,SUBRAMANI.C.K,Independent,201,11,Trailing,0,47303,S22112,https://results.eci.gov.in/ResultAcGenMay2026/ConstituencywiseS22112.htm,2026-05-04 15:28:49
AVANASHI,112,DHANABAL.R,Independent,437,8,Trailing,0,47303,S22112,https://results.eci.gov.in/ResultAcGenMay2026/ConstituencywiseS22112.htm,2026-05-04 15:28:49
AVANASHI,112,MOORTHI.R,Independent,227,10,Trailing,0,47303,S22112,https://results.eci.gov.in/ResultAcGenMay2026/ConstituencywiseS22112.htm,2026-05-04 15:28:49
AVANASHI,112,NOTA,None of the Above,1142,5,Trailing,0,47303,S22112,https://results.eci.gov.in/ResultAcGenMay2026/ConstituencywiseS22112.htm,2026-05-04 15:28:49
BARGUR,52,KAVINKUMAR. S,Naam Tamilar Katchi,2766,4,Trailing,0,36678,S2252,https://results.eci.gov.in/ResultAcGenMay2026/ConstituencywiseS2252.htm,2026-05-04 15:28:53
BARGUR,52,E.C. GOVINDARASAN,All India Anna Dravida Munnetra Kazhagam,36678,2,Runner-up,0,36678,S2252,https://results.eci.gov.in/ResultAcGenMay2026/ConstituencywiseS2252.htm,2026-05-04 15:28:53
BARGUR,52,D. SIVASANKARAN,Bahujan Samaj Party,423,5,Trailing,0,36678,S2252,https://results.eci.gov.in/ResultAcGenMay2026/ConstituencywiseS2252.htm,2026-05-04 15:28:53
BARGUR,52,D. MATHIAZHAGAN,Dravida Munnetra Kazhagam,34903,3,Trailing,0,36678,S2252,https://results.eci.gov.in/ResultAcGenMay2026/ConstituencywiseS2252.htm,2026-05-04 15:28:53
BARGUR,52,S. ALBERT FRANCIS XAVIER,Tamizhaga Vaazhvurimai Katchi,346,7,Trailing,0,36678,S2252,https://results.eci.gov.in/ResultAcGenMay2026/ConstituencywiseS2252.htm,2026-05-04 15:28:53
BARGUR,52,A. SUDHAKAR,Republican Party of India (Athawale),391,6,Trailing,0,36678,S2252,https://results.eci.gov.in/ResultAcGenMay2026/ConstituencywiseS2252.htm,2026-05-04 15:28:53
BARGUR,52,M. NEDUNCHEZLIAN,Periyar Ambedkar Munnetra Kazhagam (PAMK),173,12,Trailing,0,36678,S2252,https://results.eci.gov.in/ResultAcGenMay2026/ConstituencywiseS2252.htm,2026-05-04 15:28:53
BARGUR,52,MANI. K,All India Youth Development Party,294,9,Trailing,0,36678,S2252,https://results.eci.gov.in/ResultAcGenMay2026/ConstituencywiseS2252.htm,2026-05-04 15:28:53
BARGUR,52,E. MURALIDHARAN,Tamilaga Vettri Kazhagam,38555,1,Leading / Top Candidate,1877,36678,S2252,https://results.eci.gov.in/ResultAcGenMay2026/ConstituencywiseS2252.htm,2026-05-04 15:28:53
BARGUR,52,K. ANNADURAI,Independent,97,15,Trailing,0,36678,S2252,https://results.eci.gov.in/ResultAcGenMay2026/ConstituencywiseS2252.htm,2026-05-04 15:28:53
BARGUR,52,ANITHA MAYAPERUMAL,Independent,82,16,Trailing,0,36678,S2252,https://results.eci.gov.in/ResultAcGenMay2026/ConstituencywiseS2252.htm,2026-05-04 15:28:53
BARGUR,52,D. GOVINDARAJAN,Independent,116,14,Trailing,0,36678,S2252,https://results.eci.gov.in/ResultAcGenMay2026/ConstituencywiseS2252.htm,2026-05-04 15:28:53
BARGUR,52,E.C. GOVINDARAJE,Independent,176,11,Trailing,0,36678,S2252,https://results.eci.gov.in/ResultAcGenMay2026/ConstituencywiseS2252.htm,2026-05-04 15:28:53
BARGUR,52,S. SASIKUMAR,Independent,149,13,Trailing,0,36678,S2252,https://results.eci.gov.in/ResultAcGenMay2026/ConstituencywiseS2252.htm,2026-05-04 15:28:53
BARGUR,52,MATHESH. R,Independent,190,10,Trailing,0,36678,S2252,https://results.eci.gov.in/ResultAcGenMay2026/ConstituencywiseS2252.htm,2026-05-04 15:28:53
BARGUR,52,NOTA,None of the Above,337,8,Trailing,0,36678,S2252,https://results.eci.gov.in/ResultAcGenMay2026/ConstituencywiseS2252.htm,2026-05-04 15:28:53
BHAVANI,104,KARUPPANAN. K.C,All India Anna Dravida Munnetra Kazhagam,40874,1,Leading / Top Candidate,8437,32437,S22104,https://results.eci.gov.in/ResultAcGenMay2026/ConstituencywiseS22104.htm,2026-05-04 15:28:58
BHAVANI,104,CHANDRASEKAR. K.A,Dravida Munnetra Kazhagam,25771,3,Trailing,0,32437,S22104,https://results.eci.gov.in/ResultAcGenMay2026/ConstituencywiseS22104.htm,2026-05-04 15:28:58
BHAVANI,104,SEKAR. K,Bahujan Samaj Party,238,8,Trailing,0,32437,S22104,https://results.eci.gov.in/ResultAcGenMay2026/ConstituencywiseS22104.htm,2026-05-04 15:28:58
BHAVANI,104,MOHANADEVI. R,Naam Tamilar Katchi,2937,4,Trailing,0,32437,S22104,https://results.eci.gov.in/ResultAcGenMay2026/ConstituencywiseS22104.htm,2026-05-04 15:28:58
BHAVANI,104,PARASAKTHI. P,Samaniya Makkal Nala Katchi,54,15,Trailing,0,32437,S22104,https://results.eci.gov.in/ResultAcGenMay2026/ConstituencywiseS22104.htm,2026-05-04 15:28:58
BHAVANI,104,PALANISAMY. P.K,Tamizhaga Vaazhvurimai Katchi,199,10,Trailing,0,32437,S22104,https://results.eci.gov.in/ResultAcGenMay2026/ConstituencywiseS22104.htm,2026-05-04 15:28:58
BHAVANI,104,BALAKRISHNAN,Tamilaga Vettri Kazhagam,32437,2,Runner-up,0,32437,S22104,https://results.eci.gov.in/ResultAcGenMay2026/ConstituencywiseS22104.htm,2026-05-04 15:28:58
BHAVANI,104,VIMALRAJ. R,Makkal Munnetra Katchi,123,11,Trailing,0,32437,S22104,https://results.eci.gov.in/ResultAcGenMay2026/ConstituencywiseS22104.htm,2026-05-04 15:28:58
BHAVANI,104,ARUMUGAM. P.V,Independent,201,9,Trailing,0,32437,S22104,https://results.eci.gov.in/ResultAcGenMay2026/ConstituencywiseS22104.htm,2026-05-04 15:28:58
BHAVANI,104,KANNAN. M,Independent,267,7,Trailing,0,32437,S22104,https://results.eci.gov.in/ResultAcGenMay2026/ConstituencywiseS22104.htm,2026-05-04 15:28:58
BHAVANI,104,KARTHIKEYAN. P,Independent,70,14,Trailing,0,32437,S22104,https://results.eci.gov.in/ResultAcGenMay2026/ConstituencywiseS22104.htm,2026-05-04 15:28:58
BHAVANI,104,BOOPATHI RAJARAJA CHOZHAN. M,Independent,73,13,Trailing,0,32437,S22104,https://results.eci.gov.in/ResultAcGenMay2026/ConstituencywiseS22104.htm,2026-05-04 15:28:58
BHAVANI,104,PERUMAL. V.M,Independent,102,12,Trailing,0,32437,S22104,https://results.eci.gov.in/ResultAcGenMay2026/ConstituencywiseS22104.htm,2026-05-04 15:28:58
BHAVANI,104,MANIKKAM. P,Independent,309,6,Trailing,0,32437,S22104,https://results.eci.gov.in/ResultAcGenMay2026/ConstituencywiseS22104.htm,2026-05-04 15:28:58
BHAVANI,104,NOTA,None of the Above,767,5,Trailing,0,32437,S22104,https://results.eci.gov.in/ResultAcGenMay2026/ConstituencywiseS22104.htm,2026-05-04 15:28:58
BHAVANISAGAR,107,P.L.SUNDARAM,Communist Party of India,39507,3,Trailing,0,43279,S22107,https://results.eci.gov.in/ResultAcGenMay2026/ConstituencywiseS22107.htm,2026-05-04 15:29:02
BHAVANISAGAR,107,S.SOUNDARYA,Naam Tamilar Katchi,3298,4,Trailing,0,43279,S22107,https://results.eci.gov.in/ResultAcGenMay2026/ConstituencywiseS22107.htm,2026-05-04 15:29:02
BHAVANISAGAR,107,A.BANNARI,All India Anna Dravida Munnetra Kazhagam,44440,1,Leading / Top Candidate,1161,43279,S22107,https://results.eci.gov.in/ResultAcGenMay2026/ConstituencywiseS22107.htm,2026-05-04 15:29:02
BHAVANISAGAR,107,B.PALANISWAMY,Bahujan Samaj Party,724,6,Trailing,0,43279,S22107,https://results.eci.gov.in/ResultAcGenMay2026/ConstituencywiseS22107.htm,2026-05-04 15:29:02
BHAVANISAGAR,107,V.P.TAMILSELVI,Tamilaga Vettri Kazhagam,43279,2,Runner-up,0,43279,S22107,https://results.eci.gov.in/ResultAcGenMay2026/ConstituencywiseS22107.htm,2026-05-04 15:29:02
BHAVANISAGAR,107,RAKKI,All India Puratchi Thalaivar Makkal Munnettra Kazhagam,217,11,Trailing,0,43279,S22107,https://results.eci.gov.in/ResultAcGenMay2026/ConstituencywiseS22107.htm,2026-05-04 15:29:02
BHAVANISAGAR,107,A.AMRISH,Independent,120,13,Trailing,0,43279,S22107,https://results.eci.gov.in/ResultAcGenMay2026/ConstituencywiseS22107.htm,2026-05-04 15:29:02
BHAVANISAGAR,107,GOPALAN.M,Independent,135,12,Trailing,0,43279,S22107,https://results.eci.gov.in/ResultAcGenMay2026/ConstituencywiseS22107.htm,2026-05-04 15:29:02
BHAVANISAGAR,107,C.PALANICHAMY,Independent,324,9,Trailing,0,43279,S22107,https://results.eci.gov.in/ResultAcGenMay2026/ConstituencywiseS22107.htm,2026-05-04 15:29:02
BHAVANISAGAR,107,S.PALANISWAMY,Independent,235,10,Trailing,0,43279,S22107,https://results.eci.gov.in/ResultAcGenMay2026/ConstituencywiseS22107.htm,2026-05-04 15:29:02
BHAVANISAGAR,107,RAMAKRISHNAN,Independent,398,8,Trailing,0,43279,S22107,https://results.eci.gov.in/ResultAcGenMay2026/ConstituencywiseS22107.htm,2026-05-04 15:29:02
BHAVANISAGAR,107,DR.HANUMAIAH.C,Independent,429,7,Trailing,0,43279,S22107,https://results.eci.gov.in/ResultAcGenMay2026/ConstituencywiseS22107.htm,2026-05-04 15:29:02
BHAVANISAGAR,107,NOTA,None of the Above,1136,5,Trailing,0,43279,S22107,https://results.eci.gov.in/ResultAcGenMay2026/ConstituencywiseS22107.htm,2026-05-04 15:29:02
BHUVANAGIRI,157,ARUNMOZHITHEVAN . A,All India Anna Dravida Munnetra Kazhagam,44787,1,Leading / Top Candidate,6810,37977,S22157,https://results.eci.gov.in/ResultAcGenMay2026/ConstituencywiseS22157.htm,2026-05-04 15:29:07
BHUVANAGIRI,157,KUMARAVELU . M,Bahujan Samaj Party,217,7,Trailing,0,37977,S22157,https://results.eci.gov.in/ResultAcGenMay2026/ConstituencywiseS22157.htm,2026-05-04 15:29:07
BHUVANAGIRI,157,SARAVANAN. DURAI . K,Dravida Munnetra Kazhagam,37977,2,Runner-up,0,37977,S22157,https://results.eci.gov.in/ResultAcGenMay2026/ConstituencywiseS22157.htm,2026-05-04 15:29:07
BHUVANAGIRI,157,SUMATHI . S,Naam Tamilar Katchi,2902,4,Trailing,0,37977,S22157,https://results.eci.gov.in/ResultAcGenMay2026/ConstituencywiseS22157.htm,2026-05-04 15:29:07
BHUVANAGIRI,157,MAHALINGAM . T,Tamilaga Vettri Kazhagam,28846,3,Trailing,0,37977,S22157,https://results.eci.gov.in/ResultAcGenMay2026/ConstituencywiseS22157.htm,2026-05-04 15:29:07
BHUVANAGIRI,157,MUTHAMIZHAN . SEVA,Tamizhaga Vaazhvurimai Katchi,602,5,Trailing,0,37977,S22157,https://results.eci.gov.in/ResultAcGenMay2026/ConstituencywiseS22157.htm,2026-05-04 15:29:07
BHUVANAGIRI,157,ARUNMOZHI . V,Independent,175,9,Trailing,0,37977,S22157,https://results.eci.gov.in/ResultAcGenMay2026/ConstituencywiseS22157.htm,2026-05-04 15:29:07
BHUVANAGIRI,157,EZHILVENTHAN . P,Independent,18,14,Trailing,0,37977,S22157,https://results.eci.gov.in/ResultAcGenMay2026/ConstituencywiseS22157.htm,2026-05-04 15:29:07
BHUVANAGIRI,157,IYYAPPAN . S,Independent,43,13,Trailing,0,37977,S22157,https://results.eci.gov.in/ResultAcGenMay2026/ConstituencywiseS22157.htm,2026-05-04 15:29:07
BHUVANAGIRI,157,SARAVANAN . J,Independent,51,12,Trailing,0,37977,S22157,https://results.eci.gov.in/ResultAcGenMay2026/ConstituencywiseS22157.htm,2026-05-04 15:29:07
BHUVANAGIRI,157,BALAMURUGAN . M. R,Independent,169,10,Trailing,0,37977,S22157,https://results.eci.gov.in/ResultAcGenMay2026/ConstituencywiseS22157.htm,2026-05-04 15:29:07
BHUVANAGIRI,157,BALAMURUGAN . G. C,Independent,206,8,Trailing,0,37977,S22157,https://results.eci.gov.in/ResultAcGenMay2026/ConstituencywiseS22157.htm,2026-05-04 15:29:07
BHUVANAGIRI,157,RAJA SEKAR . G,Independent,160,11,Trailing,0,37977,S22157,https://results.eci.gov.in/ResultAcGenMay2026/ConstituencywiseS22157.htm,2026-05-04 15:29:07
BHUVANAGIRI,157,NOTA,None of the Above,397,6,Trailing,0,37977,S22157,https://results.eci.gov.in/ResultAcGenMay2026/ConstituencywiseS22157.htm,2026-05-04 15:29:07
BODINAYAKANUR,200,KALAIARASU.S,Naam Tamilar Katchi,5343,4,Trailing,0,41631,S22200,https://results.eci.gov.in/ResultAcGenMay2026/ConstituencywiseS22200.htm,2026-05-04 15:29:11
BODINAYAKANUR,200,NARAYANASAMY V.T.,All India Anna Dravida Munnetra Kazhagam,19885,3,Trailing,0,41631,S22200,https://results.eci.gov.in/ResultAcGenMay2026/ConstituencywiseS22200.htm,2026-05-04 15:29:11
BODINAYAKANUR,200,PANNEERSELVAM.O,Dravida Munnetra Kazhagam,44221,1,Leading / Top Candidate,2590,41631,S22200,https://results.eci.gov.in/ResultAcGenMay2026/ConstituencywiseS22200.htm,2026-05-04 15:29:11
BODINAYAKANUR,200,PADMANABHAN.N,All India Puratchi Thalaivar Makkal Munnettra Kazhagam,344,6,Trailing,0,41631,S22200,https://results.eci.gov.in/ResultAcGenMay2026/ConstituencywiseS22200.htm,2026-05-04 15:29:11
BODINAYAKANUR,200,DR.PANDIKUMAR.S,Communist Party of India (Marxist-Leninist) (Liberation),235,9,Trailing,0,41631,S22200,https://results.eci.gov.in/ResultAcGenMay2026/ConstituencywiseS22200.htm,2026-05-04 15:29:11
BODINAYAKANUR,200,PRAKASH.S,Tamilaga Vettri Kazhagam,41631,2,Runner-up,0,41631,S22200,https://results.eci.gov.in/ResultAcGenMay2026/ConstituencywiseS22200.htm,2026-05-04 15:29:11
BODINAYAKANUR,200,RAJA.M,Vishwa Tamil Kazhagam,97,11,Trailing,0,41631,S22200,https://results.eci.gov.in/ResultAcGenMay2026/ConstituencywiseS22200.htm,2026-05-04 15:29:11
BODINAYAKANUR,200,KARUPPAIAH.G,Independent,89,13,Trailing,0,41631,S22200,https://results.eci.gov.in/ResultAcGenMay2026/ConstituencywiseS22200.htm,2026-05-04 15:29:11
BODINAYAKANUR,200,GOWTHAM.R,Independent,45,16,Trailing,0,41631,S22200,https://results.eci.gov.in/ResultAcGenMay2026/ConstituencywiseS22200.htm,2026-05-04 15:29:11
BODINAYAKANUR,200,CHANDRASEKARAN.S,Independent,57,15,Trailing,0,41631,S22200,https://results.eci.gov.in/ResultAcGenMay2026/ConstituencywiseS22200.htm,2026-05-04 15:29:11
BODINAYAKANUR,200,SARAVANAKUMAR.V,Independent,87,14,Trailing,0,41631,S22200,https://results.eci.gov.in/ResultAcGenMay2026/ConstituencywiseS22200.htm,2026-05-04 15:29:11
BODINAYAKANUR,200,SELVAMURUGAN.P,Independent,268,7,Trailing,0,41631,S22200,https://results.eci.gov.in/ResultAcGenMay2026/ConstituencywiseS22200.htm,2026-05-04 15:29:11
BODINAYAKANUR,200,NAGANANTHINI.V,Independent,260,8,Trailing,0,41631,S22200,https://results.eci.gov.in/ResultAcGenMay2026/ConstituencywiseS22200.htm,2026-05-04 15:29:11
BODINAYAKANUR,200,BALASUBRAMANI.R,Independent,127,10,Trailing,0,41631,S22200,https://results.eci.gov.in/ResultAcGenMay2026/ConstituencywiseS22200.htm,2026-05-04 15:29:11
BODINAYAKANUR,200,VELRAJ.K,Independent,90,12,Trailing,0,41631,S22200,https://results.eci.gov.in/ResultAcGenMay2026/ConstituencywiseS22200.htm,2026-05-04 15:29:11
BODINAYAKANUR,200,NOTA,None of the Above,458,5,Trailing,0,41631,S22200,https://results.eci.gov.in/ResultAcGenMay2026/ConstituencywiseS22200.htm,2026-05-04 15:29:11
CHENGALPATTU,32,AMUTHA.N,Naam Tamilar Katchi,4339,4,Trailing,0,29962,S2232,https://results.eci.gov.in/ResultAcGenMay2026/ConstituencywiseS2232.htm,2026-05-04 15:29:15
CHENGALPATTU,32,M.GAJENDRAN,All India Anna Dravida Munnetra Kazhagam,19820,3,Trailing,0,29962,S2232,https://results.eci.gov.in/ResultAcGenMay2026/ConstituencywiseS2232.htm,2026-05-04 15:29:15
CHENGALPATTU,32,KARTHIKDHANDAPANI,Dravida Munnetra Kazhagam,29962,2,Runner-up,0,29962,S2232,https://results.eci.gov.in/ResultAcGenMay2026/ConstituencywiseS2232.htm,2026-05-04 15:29:15
CHENGALPATTU,32,S. SARAVANAN,Bahujan Samaj Party,107,6,Trailing,0,29962,S2232,https://results.eci.gov.in/ResultAcGenMay2026/ConstituencywiseS2232.htm,2026-05-04 15:29:15
CHENGALPATTU,32,S.SELVAM (A) CHELLA,Tamizhaga Vaazhvurimai Katchi,90,7,Trailing,0,29962,S2232,https://results.eci.gov.in/ResultAcGenMay2026/ConstituencywiseS2232.htm,2026-05-04 15:29:15
CHENGALPATTU,32,S. THIYAGARAJAN,Tamilaga Vettri Kazhagam,45386,1,Leading / Top Candidate,15424,29962,S2232,https://results.eci.gov.in/ResultAcGenMay2026/ConstituencywiseS2232.htm,2026-05-04 15:29:15
CHENGALPATTU,32,M.ANANDAN,Independent,84,8,Trailing,0,29962,S2232,https://results.eci.gov.in/ResultAcGenMay2026/ConstituencywiseS2232.htm,2026-05-04 15:29:15
CHENGALPATTU,32,A.ESAKKIAPPAN,Independent,39,13,Trailing,0,29962,S2232,https://results.eci.gov.in/ResultAcGenMay2026/ConstituencywiseS2232.htm,2026-05-04 15:29:15
CHENGALPATTU,32,KARTHICK.A,Independent,30,14,Trailing,0,29962,S2232,https://results.eci.gov.in/ResultAcGenMay2026/ConstituencywiseS2232.htm,2026-05-04 15:29:15
CHENGALPATTU,32,G. CHRISTOPHER,Independent,18,16,Trailing,0,29962,S2232,https://results.eci.gov.in/ResultAcGenMay2026/ConstituencywiseS2232.htm,2026-05-04 15:29:15
CHENGALPATTU,32,S.DELHI BABU,Independent,42,11,Trailing,0,29962,S2232,https://results.eci.gov.in/ResultAcGenMay2026/ConstituencywiseS2232.htm,2026-05-04 15:29:15
CHENGALPATTU,32,T. PREM BALAJI,Independent,24,15,Trailing,0,29962,S2232,https://results.eci.gov.in/ResultAcGenMay2026/ConstituencywiseS2232.htm,2026-05-04 15:29:15
CHENGALPATTU,32,V. RAMAKRISHNAN,Independent,54,10,Trailing,0,29962,S2232,https://results.eci.gov.in/ResultAcGenMay2026/ConstituencywiseS2232.htm,2026-05-04 15:29:15
CHENGALPATTU,32,C.VIMALRAJ,Independent,78,9,Trailing,0,29962,S2232,https://results.eci.gov.in/ResultAcGenMay2026/ConstituencywiseS2232.htm,2026-05-04 15:29:15
CHENGALPATTU,32,P.GEORGE DEVADOSS,Independent,42,12,Trailing,0,29962,S2232,https://results.eci.gov.in/ResultAcGenMay2026/ConstituencywiseS2232.htm,2026-05-04 15:29:15
CHENGALPATTU,32,NOTA,None of the Above,477,5,Trailing,0,29962,S2232,https://results.eci.gov.in/ResultAcGenMay2026/ConstituencywiseS2232.htm,2026-05-04 15:29:15
CHENGAM,62,M.P.GIRI,Dravida Munnetra Kazhagam,29368,3,Trailing,0,30879,S2262,https://results.eci.gov.in/ResultAcGenMay2026/ConstituencywiseS2262.htm,2026-05-04 15:29:20
CHENGAM,62,S.VELU,All India Anna Dravida Munnetra Kazhagam,35866,1,Leading / Top Candidate,4987,30879,S2262,https://results.eci.gov.in/ResultAcGenMay2026/ConstituencywiseS2262.htm,2026-05-04 15:29:20
CHENGAM,62,J.SHOBA,Naam Tamilar Katchi,2455,4,Trailing,0,30879,S2262,https://results.eci.gov.in/ResultAcGenMay2026/ConstituencywiseS2262.htm,2026-05-04 15:29:20
CHENGAM,62,C SELVAN,Republican Party of India (Athawale),314,6,Trailing,0,30879,S2262,https://results.eci.gov.in/ResultAcGenMay2026/ConstituencywiseS2262.htm,2026-05-04 15:29:20
CHENGAM,62,K BHARATHIDHASAN,Tamilaga Vettri Kazhagam,30879,2,Runner-up,0,30879,S2262,https://results.eci.gov.in/ResultAcGenMay2026/ConstituencywiseS2262.htm,2026-05-04 15:29:20
CHENGAM,62,K MANIKANDAN,Makkal Sananayaga Kudiyarasu Katchi,73,12,Trailing,0,30879,S2262,https://results.eci.gov.in/ResultAcGenMay2026/ConstituencywiseS2262.htm,2026-05-04 15:29:20
CHENGAM,62,C.MALATHI,Tamizhaga Vaazhvurimai Katchi,48,15,Trailing,0,30879,S2262,https://results.eci.gov.in/ResultAcGenMay2026/ConstituencywiseS2262.htm,2026-05-04 15:29:20
CHENGAM,62,A.CHIDAMBARAM,Independent,96,9,Trailing,0,30879,S2262,https://results.eci.gov.in/ResultAcGenMay2026/ConstituencywiseS2262.htm,2026-05-04 15:29:20
CHENGAM,62,P.SELVAM,Independent,50,14,Trailing,0,30879,S2262,https://results.eci.gov.in/ResultAcGenMay2026/ConstituencywiseS2262.htm,2026-05-04 15:29:20
CHENGAM,62,D DHILIPKUMAR,Independent,28,16,Trailing,0,30879,S2262,https://results.eci.gov.in/ResultAcGenMay2026/ConstituencywiseS2262.htm,2026-05-04 15:29:20
CHENGAM,62,A.BHARATHI,Independent,171,8,Trailing,0,30879,S2262,https://results.eci.gov.in/ResultAcGenMay2026/ConstituencywiseS2262.htm,2026-05-04 15:29:20
CHENGAM,62,A POONGODI,Independent,76,11,Trailing,0,30879,S2262,https://results.eci.gov.in/ResultAcGenMay2026/ConstituencywiseS2262.htm,2026-05-04 15:29:20
CHENGAM,62,M.MUGILARASAN,Independent,61,13,Trailing,0,30879,S2262,https://results.eci.gov.in/ResultAcGenMay2026/ConstituencywiseS2262.htm,2026-05-04 15:29:20
CHENGAM,62,M.RAMAN MASILAMANI,Independent,80,10,Trailing,0,30879,S2262,https://results.eci.gov.in/ResultAcGenMay2026/ConstituencywiseS2262.htm,2026-05-04 15:29:20
CHENGAM,62,K.VELU,Independent,188,7,Trailing,0,30879,S2262,https://results.eci.gov.in/ResultAcGenMay2026/ConstituencywiseS2262.htm,2026-05-04 15:29:20
CHENGAM,62,NOTA,None of the Above,485,5,Trailing,0,30879,S2262,https://results.eci.gov.in/ResultAcGenMay2026/ConstituencywiseS2262.htm,2026-05-04 15:29:20
CHEPAUK-THIRUVALLIKENI,19,AADIRAJARAM,All India Anna Dravida Munnetra Kazhagam,11776,3,Trailing,0,36634,S2219,https://results.eci.gov.in/ResultAcGenMay2026/ConstituencywiseS2219.htm,2026-05-04 15:29:24
CHEPAUK-THIRUVALLIKENI,19,AYSHA,Naam Tamilar Katchi,1939,4,Trailing,0,36634,S2219,https://results.eci.gov.in/ResultAcGenMay2026/ConstituencywiseS2219.htm,2026-05-04 15:29:24
CHEPAUK-THIRUVALLIKENI,19,UDHAYANIDHI STALIN,Dravida Munnetra Kazhagam,40953,1,Leading / Top Candidate,4319,36634,S2219,https://results.eci.gov.in/ResultAcGenMay2026/ConstituencywiseS2219.htm,2026-05-04 15:29:24
CHEPAUK-THIRUVALLIKENI,19,MOHAMMED YASSER,Bahujan Samaj Party,158,6,Trailing,0,36634,S2219,https://results.eci.gov.in/ResultAcGenMay2026/ConstituencywiseS2219.htm,2026-05-04 15:29:24
CHEPAUK-THIRUVALLIKENI,19,IRFAN BASHA,Tamizhaga Vaazhvurimai Katchi,101,8,Trailing,0,36634,S2219,https://results.eci.gov.in/ResultAcGenMay2026/ConstituencywiseS2219.htm,2026-05-04 15:29:24
CHEPAUK-THIRUVALLIKENI,19,SELVAM. D,Tamilaga Vettri Kazhagam,36634,2,Runner-up,0,36634,S2219,https://results.eci.gov.in/ResultAcGenMay2026/ConstituencywiseS2219.htm,2026-05-04 15:29:24
CHEPAUK-THIRUVALLIKENI,19,AGNI AALVAR,Independent,142,7,Trailing,0,36634,S2219,https://results.eci.gov.in/ResultAcGenMay2026/ConstituencywiseS2219.htm,2026-05-04 15:29:24
CHEPAUK-THIRUVALLIKENI,19,ATHIMULAM,Independent,18,22,Trailing,0,36634,S2219,https://results.eci.gov.in/ResultAcGenMay2026/ConstituencywiseS2219.htm,2026-05-04 15:29:24
CHEPAUK-THIRUVALLIKENI,19,AYISHA,Independent,50,12,Trailing,0,36634,S2219,https://results.eci.gov.in/ResultAcGenMay2026/ConstituencywiseS2219.htm,2026-05-04 15:29:24
CHEPAUK-THIRUVALLIKENI,19,ARUMUGAM. C,Independent,13,25,Trailing,0,36634,S2219,https://results.eci.gov.in/ResultAcGenMay2026/ConstituencywiseS2219.htm,2026-05-04 15:29:24
CHEPAUK-THIRUVALLIKENI,19,KUMAR. M,Independent,25,16,Trailing,0,36634,S2219,https://results.eci.gov.in/ResultAcGenMay2026/ConstituencywiseS2219.htm,2026-05-04 15:29:24
CHEPAUK-THIRUVALLIKENI,19,SAAMY. S.K. DR,Independent,23,18,Trailing,0,36634,S2219,https://results.eci.gov.in/ResultAcGenMay2026/ConstituencywiseS2219.htm,2026-05-04 15:29:24
CHEPAUK-THIRUVALLIKENI,19,SEENIVASAN. L,Independent,16,24,Trailing,0,36634,S2219,https://results.eci.gov.in/ResultAcGenMay2026/ConstituencywiseS2219.htm,2026-05-04 15:29:24
CHEPAUK-THIRUVALLIKENI,19,SELVAM. K,Independent,21,19,Trailing,0,36634,S2219,https://results.eci.gov.in/ResultAcGenMay2026/ConstituencywiseS2219.htm,2026-05-04 15:29:24
CHEPAUK-THIRUVALLIKENI,19,SYEED LAYAK BHASHA,Independent,47,13,Trailing,0,36634,S2219,https://results.eci.gov.in/ResultAcGenMay2026/ConstituencywiseS2219.htm,2026-05-04 15:29:24
CHEPAUK-THIRUVALLIKENI,19,BHARATHKUMAR. G,Independent,40,14,Trailing,0,36634,S2219,https://results.eci.gov.in/ResultAcGenMay2026/ConstituencywiseS2219.htm,2026-05-04 15:29:24
CHEPAUK-THIRUVALLIKENI,19,MILANY. P,Independent,20,20,Trailing,0,36634,S2219,https://results.eci.gov.in/ResultAcGenMay2026/ConstituencywiseS2219.htm,2026-05-04 15:29:24
CHEPAUK-THIRUVALLIKENI,19,MIRZA SAFDER ALI,Independent,66,11,Trailing,0,36634,S2219,https://results.eci.gov.in/ResultAcGenMay2026/ConstituencywiseS2219.htm,2026-05-04 15:29:24
CHEPAUK-THIRUVALLIKENI,19,MOHAMED DHARIK. I,Independent,25,17,Trailing,0,36634,S2219,https://results.eci.gov.in/ResultAcGenMay2026/ConstituencywiseS2219.htm,2026-05-04 15:29:24
CHEPAUK-THIRUVALLIKENI,19,MOHAMED MEERA. A,Independent,32,15,Trailing,0,36634,S2219,https://results.eci.gov.in/ResultAcGenMay2026/ConstituencywiseS2219.htm,2026-05-04 15:29:24
CHEPAUK-THIRUVALLIKENI,19,RAJASEKAR. S,Independent,75,10,Trailing,0,36634,S2219,https://results.eci.gov.in/ResultAcGenMay2026/ConstituencywiseS2219.htm,2026-05-04 15:29:24
CHEPAUK-THIRUVALLIKENI,19,RAJESHKUMAR. K,Independent,86,9,Trailing,0,36634,S2219,https://results.eci.gov.in/ResultAcGenMay2026/ConstituencywiseS2219.htm,2026-05-04 15:29:24
CHEPAUK-THIRUVALLIKENI,19,VIJAYA KUMAR. B,Independent,20,21,Trailing,0,36634,S2219,https://results.eci.gov.in/ResultAcGenMay2026/ConstituencywiseS2219.htm,2026-05-04 15:29:24
CHEPAUK-THIRUVALLIKENI,19,SELVAM ( ALIAS ) VENKATESH,Independent,13,26,Trailing,0,36634,S2219,https://results.eci.gov.in/ResultAcGenMay2026/ConstituencywiseS2219.htm,2026-05-04 15:29:24
CHEPAUK-THIRUVALLIKENI,19,SELVAM ( ALIAS ) HARINARAYANAN,Independent,17,23,Trailing,0,36634,S2219,https://results.eci.gov.in/ResultAcGenMay2026/ConstituencywiseS2219.htm,2026-05-04 15:29:24
CHEPAUK-THIRUVALLIKENI,19,NOTA,None of the Above,414,5,Trailing,0,36634,S2219,https://results.eci.gov.in/ResultAcGenMay2026/ConstituencywiseS2219.htm,2026-05-04 15:29:24
CHEYYAR,68,TAMILSELVAN. M,Naam Tamilar Katchi,6775,4,Trailing,0,63670,S2268,https://results.eci.gov.in/ResultAcGenMay2026/ConstituencywiseS2268.htm,2026-05-04 15:29:28
CHEYYAR,68,MUKKUR N. SUBRAMANIAN,All India Anna Dravida Munnetra Kazhagam,83518,1,Leading / Top Candidate,19848,63670,S2268,https://results.eci.gov.in/ResultAcGenMay2026/ConstituencywiseS2268.htm,2026-05-04 15:29:28
CHEYYAR,68,JOTHI. O,Dravida Munnetra Kazhagam,57878,3,Trailing,0,63670,S2268,https://results.eci.gov.in/ResultAcGenMay2026/ConstituencywiseS2268.htm,2026-05-04 15:29:28
CHEYYAR,68,KUTTIMANI. S,Veerath Thiyagi Viswanathadoss Thozhilalarkal Katchi,384,6,Trailing,0,63670,S2268,https://results.eci.gov.in/ResultAcGenMay2026/ConstituencywiseS2268.htm,2026-05-04 15:29:28
CHEYYAR,68,CHANDRASEKARAN. M,All India Jananayaka Makkal Kazhagam,138,14,Trailing,0,63670,S2268,https://results.eci.gov.in/ResultAcGenMay2026/ConstituencywiseS2268.htm,2026-05-04 15:29:28
CHEYYAR,68,SRINIVASAN. K,Aanaithinthiya Jananayaka Pathukappu Kazhagam,257,10,Trailing,0,63670,S2268,https://results.eci.gov.in/ResultAcGenMay2026/ConstituencywiseS2268.htm,2026-05-04 15:29:28
CHEYYAR,68,DURUGAN. M,Vanchit Bahujan Aaghadi,310,8,Trailing,0,63670,S2268,https://results.eci.gov.in/ResultAcGenMay2026/ConstituencywiseS2268.htm,2026-05-04 15:29:28
CHEYYAR,68,DUSI K MOHAN,Tamilaga Vettri Kazhagam,63670,2,Runner-up,0,63670,S2268,https://results.eci.gov.in/ResultAcGenMay2026/ConstituencywiseS2268.htm,2026-05-04 15:29:28
CHEYYAR,68,PALANI. M,Tamizhaga Vaazhvurimai Katchi,178,12,Trailing,0,63670,S2268,https://results.eci.gov.in/ResultAcGenMay2026/ConstituencywiseS2268.htm,2026-05-04 15:29:28
CHEYYAR,68,RAGUPATHI. S,Anti Corruption Dynamic Party,141,13,Trailing,0,63670,S2268,https://results.eci.gov.in/ResultAcGenMay2026/ConstituencywiseS2268.htm,2026-05-04 15:29:28
CHEYYAR,68,VENKATESAN. V,Anaithindia Samudaya Munnetra Kazhagam,213,11,Trailing,0,63670,S2268,https://results.eci.gov.in/ResultAcGenMay2026/ConstituencywiseS2268.htm,2026-05-04 15:29:28
CHEYYAR,68,ARJUNAN. M,Independent,303,9,Trailing,0,63670,S2268,https://results.eci.gov.in/ResultAcGenMay2026/ConstituencywiseS2268.htm,2026-05-04 15:29:28
CHEYYAR,68,MOHAN. R,Independent,376,7,Trailing,0,63670,S2268,https://results.eci.gov.in/ResultAcGenMay2026/ConstituencywiseS2268.htm,2026-05-04 15:29:28
CHEYYAR,68,NOTA,None of the Above,919,5,Trailing,0,63670,S2268,https://results.eci.gov.in/ResultAcGenMay2026/ConstituencywiseS2268.htm,2026-05-04 15:29:28
CHEYYUR,34,SINTHANAI SELVAN,Viduthalai Chiruthaigal Katchi,50087,3,Trailing,0,51143,S2234,https://results.eci.gov.in/ResultAcGenMay2026/ConstituencywiseS2234.htm,2026-05-04 15:29:33
CHEYYUR,34,SWATHILAKSHMI SEKAR,Naam Tamilar Katchi,4203,4,Trailing,0,51143,S2234,https://results.eci.gov.in/ResultAcGenMay2026/ConstituencywiseS2234.htm,2026-05-04 15:29:33
CHEYYUR,34,RAJASEKAR. E,All India Anna Dravida Munnetra Kazhagam,54336,1,Leading / Top Candidate,3193,51143,S2234,https://results.eci.gov.in/ResultAcGenMay2026/ConstituencywiseS2234.htm,2026-05-04 15:29:33
CHEYYUR,34,GANGADURAI. K,Tamizhaga Vaazhvurimai Katchi,331,7,Trailing,0,51143,S2234,https://results.eci.gov.in/ResultAcGenMay2026/ConstituencywiseS2234.htm,2026-05-04 15:29:33
CHEYYUR,34,MURUGAVEL. A,All India Puratchi Thalaivar Makkal Munnettra Kazhagam,356,6,Trailing,0,51143,S2234,https://results.eci.gov.in/ResultAcGenMay2026/ConstituencywiseS2234.htm,2026-05-04 15:29:33
CHEYYUR,34,MOHAN RAJA.M.G.K,Tamilaga Vettri Kazhagam,51143,2,Runner-up,0,51143,S2234,https://results.eci.gov.in/ResultAcGenMay2026/ConstituencywiseS2234.htm,2026-05-04 15:29:33
CHEYYUR,34,AMBETHKAR. S,Independent,273,9,Trailing,0,51143,S2234,https://results.eci.gov.in/ResultAcGenMay2026/ConstituencywiseS2234.htm,2026-05-04 15:29:33
CHEYYUR,34,ARUN. C,Independent,67,14,Trailing,0,51143,S2234,https://results.eci.gov.in/ResultAcGenMay2026/ConstituencywiseS2234.htm,2026-05-04 15:29:33
CHEYYUR,34,EZHIL. E,Independent,102,12,Trailing,0,51143,S2234,https://results.eci.gov.in/ResultAcGenMay2026/ConstituencywiseS2234.htm,2026-05-04 15:29:33
CHEYYUR,34,KRISHNAKANTH. E,Independent,97,13,Trailing,0,51143,S2234,https://results.eci.gov.in/ResultAcGenMay2026/ConstituencywiseS2234.htm,2026-05-04 15:29:33
CHEYYUR,34,GOPIKRISHNA. D,Independent,140,10,Trailing,0,51143,S2234,https://results.eci.gov.in/ResultAcGenMay2026/ConstituencywiseS2234.htm,2026-05-04 15:29:33
CHEYYUR,34,RAJA. K,Independent,291,8,Trailing,0,51143,S2234,https://results.eci.gov.in/ResultAcGenMay2026/ConstituencywiseS2234.htm,2026-05-04 15:29:33
CHEYYUR,34,JEGAN. M,Independent,139,11,Trailing,0,51143,S2234,https://results.eci.gov.in/ResultAcGenMay2026/ConstituencywiseS2234.htm,2026-05-04 15:29:33
CHEYYUR,34,NOTA,None of the Above,689,5,Trailing,0,51143,S2234,https://results.eci.gov.in/ResultAcGenMay2026/ConstituencywiseS2234.htm,2026-05-04 15:29:33
CHIDAMBARAM,158,THAMIMUN ANSARI. M,Dravida Munnetra Kazhagam,45938,1,Leading / Top Candidate,4179,41759,S22158,https://results.eci.gov.in/ResultAcGenMay2026/ConstituencywiseS22158.htm,2026-05-04 15:29:37
CHIDAMBARAM,158,THAMIZH,Naam Tamilar Katchi,4042,4,Trailing,0,41759,S22158,https://results.eci.gov.in/ResultAcGenMay2026/ConstituencywiseS22158.htm,2026-05-04 15:29:37
CHIDAMBARAM,158,PANDIAN. K.A,All India Anna Dravida Munnetra Kazhagam,41759,2,Runner-up,0,41759,S22158,https://results.eci.gov.in/ResultAcGenMay2026/ConstituencywiseS22158.htm,2026-05-04 15:29:37
CHIDAMBARAM,158,DHANASEKARAN. M,All India Puratchi Thalaivar Makkal Munnettra Kazhagam,223,6,Trailing,0,41759,S22158,https://results.eci.gov.in/ResultAcGenMay2026/ConstituencywiseS22158.htm,2026-05-04 15:29:37
CHIDAMBARAM,158,NEDUNCHEZHIYAN,Tamilaga Vettri Kazhagam,35496,3,Trailing,0,41759,S22158,https://results.eci.gov.in/ResultAcGenMay2026/ConstituencywiseS22158.htm,2026-05-04 15:29:37
CHIDAMBARAM,158,MUNISANKAR. K,Anna Puratchi Thalaivar Amma Dravida Munnetra Kazhagam,91,12,Trailing,0,41759,S22158,https://results.eci.gov.in/ResultAcGenMay2026/ConstituencywiseS22158.htm,2026-05-04 15:29:37
CHIDAMBARAM,158,EASAN NATARAJAN. T,Independent,95,11,Trailing,0,41759,S22158,https://results.eci.gov.in/ResultAcGenMay2026/ConstituencywiseS22158.htm,2026-05-04 15:29:37
CHIDAMBARAM,158,THIRUGNANAM. K,Independent,118,8,Trailing,0,41759,S22158,https://results.eci.gov.in/ResultAcGenMay2026/ConstituencywiseS22158.htm,2026-05-04 15:29:37
CHIDAMBARAM,158,MANIMARAN. D,Independent,145,7,Trailing,0,41759,S22158,https://results.eci.gov.in/ResultAcGenMay2026/ConstituencywiseS22158.htm,2026-05-04 15:29:37
CHIDAMBARAM,158,VENKATESAN. D,Independent,118,9,Trailing,0,41759,S22158,https://results.eci.gov.in/ResultAcGenMay2026/ConstituencywiseS22158.htm,2026-05-04 15:29:37
CHIDAMBARAM,158,ER. JAYAKKUMAR. R,Independent,110,10,Trailing,0,41759,S22158,https://results.eci.gov.in/ResultAcGenMay2026/ConstituencywiseS22158.htm,2026-05-04 15:29:37
CHIDAMBARAM,158,NOTA,None of the Above,513,5,Trailing,0,41759,S22158,https://results.eci.gov.in/ResultAcGenMay2026/ConstituencywiseS22158.htm,2026-05-04 15:29:37
COIMBATORE (NORTH),118,P. KRISHNASAMY,Bahujan Samaj Party,133,7,Trailing,0,26307,S22118,https://results.eci.gov.in/ResultAcGenMay2026/ConstituencywiseS22118.htm,2026-05-04 15:29:42
COIMBATORE (NORTH),118,DURAI. SENTHAMIL SELVAN B.E,Dravida Munnetra Kazhagam,26307,2,Runner-up,0,26307,S22118,https://results.eci.gov.in/ResultAcGenMay2026/ConstituencywiseS22118.htm,2026-05-04 15:29:42
COIMBATORE (NORTH),118,NARMADHA. G.,Naam Tamilar Katchi,3561,4,Trailing,0,26307,S22118,https://results.eci.gov.in/ResultAcGenMay2026/ConstituencywiseS22118.htm,2026-05-04 15:29:42
COIMBATORE (NORTH),118,VANATHI SRINIVASAN,Bharatiya Janata Party,21117,3,Trailing,0,26307,S22118,https://results.eci.gov.in/ResultAcGenMay2026/ConstituencywiseS22118.htm,2026-05-04 15:29:42
COIMBATORE (NORTH),118,K. UDHAYAKUMAR,Thamizhaka Padaippalar Makkal Katchi,132,8,Trailing,0,26307,S22118,https://results.eci.gov.in/ResultAcGenMay2026/ConstituencywiseS22118.htm,2026-05-04 15:29:42
COIMBATORE (NORTH),118,V. SAMPATHKUMAR,Tamilaga Vettri Kazhagam,34153,1,Leading / Top Candidate,7846,26307,S22118,https://results.eci.gov.in/ResultAcGenMay2026/ConstituencywiseS22118.htm,2026-05-04 15:29:42
COIMBATORE (NORTH),118,S. SENTHILKUMAR,Samaniya Makkal Nala Katchi,47,16,Trailing,0,26307,S22118,https://results.eci.gov.in/ResultAcGenMay2026/ConstituencywiseS22118.htm,2026-05-04 15:29:42
COIMBATORE (NORTH),118,S. MEENAKSHI SUNDARAM,Tamizhaga Murpokku Makkal Katchi,32,21,Trailing,0,26307,S22118,https://results.eci.gov.in/ResultAcGenMay2026/ConstituencywiseS22118.htm,2026-05-04 15:29:42
COIMBATORE (NORTH),118,K. RAGHUL GANDHI,All India Puratchi Thalaivar Makkal Munnettra Kazhagam,47,17,Trailing,0,26307,S22118,https://results.eci.gov.in/ResultAcGenMay2026/ConstituencywiseS22118.htm,2026-05-04 15:29:42
COIMBATORE (NORTH),118,RAJASEKARAN. B.,Tamizhaga Vaazhvurimai Katchi,59,11,Trailing,0,26307,S22118,https://results.eci.gov.in/ResultAcGenMay2026/ConstituencywiseS22118.htm,2026-05-04 15:29:42
COIMBATORE (NORTH),118,G.D. KRISHNAKUMAR,Independent,39,19,Trailing,0,26307,S22118,https://results.eci.gov.in/ResultAcGenMay2026/ConstituencywiseS22118.htm,2026-05-04 15:29:42
COIMBATORE (NORTH),118,V. KRISHNAN,Independent,51,13,Trailing,0,26307,S22118,https://results.eci.gov.in/ResultAcGenMay2026/ConstituencywiseS22118.htm,2026-05-04 15:29:42
COIMBATORE (NORTH),118,R. SATHISH KUMAR,Independent,24,24,Trailing,0,26307,S22118,https://results.eci.gov.in/ResultAcGenMay2026/ConstituencywiseS22118.htm,2026-05-04 15:29:42
COIMBATORE (NORTH),118,K. SAMPATH KUMAR,Independent,24,25,Trailing,0,26307,S22118,https://results.eci.gov.in/ResultAcGenMay2026/ConstituencywiseS22118.htm,2026-05-04 15:29:42
COIMBATORE (NORTH),118,S. SAMPATHKUMAR,Independent,56,12,Trailing,0,26307,S22118,https://results.eci.gov.in/ResultAcGenMay2026/ConstituencywiseS22118.htm,2026-05-04 15:29:42
COIMBATORE (NORTH),118,R. SAMPATH KUMAR,Independent,123,9,Trailing,0,26307,S22118,https://results.eci.gov.in/ResultAcGenMay2026/ConstituencywiseS22118.htm,2026-05-04 15:29:42
COIMBATORE (NORTH),118,P. SARAVANAN,Independent,50,14,Trailing,0,26307,S22118,https://results.eci.gov.in/ResultAcGenMay2026/ConstituencywiseS22118.htm,2026-05-04 15:29:42
COIMBATORE (NORTH),118,A.K. SENTHAMIZH SELVAN,Independent,142,6,Trailing,0,26307,S22118,https://results.eci.gov.in/ResultAcGenMay2026/ConstituencywiseS22118.htm,2026-05-04 15:29:42
COIMBATORE (NORTH),118,R. SETHURAGUNATHAN,Independent,25,23,Trailing,0,26307,S22118,https://results.eci.gov.in/ResultAcGenMay2026/ConstituencywiseS22118.htm,2026-05-04 15:29:42
COIMBATORE (NORTH),118,S. DHANA RAJ,Independent,42,18,Trailing,0,26307,S22118,https://results.eci.gov.in/ResultAcGenMay2026/ConstituencywiseS22118.htm,2026-05-04 15:29:42
COIMBATORE (NORTH),118,PALANIKUMAR. V.,Independent,49,15,Trailing,0,26307,S22118,https://results.eci.gov.in/ResultAcGenMay2026/ConstituencywiseS22118.htm,2026-05-04 15:29:42
COIMBATORE (NORTH),118,BALU. P.M.,Independent,111,10,Trailing,0,26307,S22118,https://results.eci.gov.in/ResultAcGenMay2026/ConstituencywiseS22118.htm,2026-05-04 15:29:42
COIMBATORE (NORTH),118,R. MANIAN,Independent,30,22,Trailing,0,26307,S22118,https://results.eci.gov.in/ResultAcGenMay2026/ConstituencywiseS22118.htm,2026-05-04 15:29:42
COIMBATORE (NORTH),118,A. MARIMUTHU,Independent,19,27,Trailing,0,26307,S22118,https://results.eci.gov.in/ResultAcGenMay2026/ConstituencywiseS22118.htm,2026-05-04 15:29:42
COIMBATORE (NORTH),118,A. RAMESH,Independent,9,29,Trailing,0,26307,S22118,https://results.eci.gov.in/ResultAcGenMay2026/ConstituencywiseS22118.htm,2026-05-04 15:29:42
COIMBATORE (NORTH),118,RAVI. V,Independent,38,20,Trailing,0,26307,S22118,https://results.eci.gov.in/ResultAcGenMay2026/ConstituencywiseS22118.htm,2026-05-04 15:29:42
COIMBATORE (NORTH),118,G. RAJKUMAR,Independent,15,28,Trailing,0,26307,S22118,https://results.eci.gov.in/ResultAcGenMay2026/ConstituencywiseS22118.htm,2026-05-04 15:29:42
COIMBATORE (NORTH),118,V. LINGARAJA,Independent,22,26,Trailing,0,26307,S22118,https://results.eci.gov.in/ResultAcGenMay2026/ConstituencywiseS22118.htm,2026-05-04 15:29:42
COIMBATORE (NORTH),118,NOTA,None of the Above,453,5,Trailing,0,26307,S22118,https://results.eci.gov.in/ResultAcGenMay2026/ConstituencywiseS22118.htm,2026-05-04 15:29:42
COIMBATORE (SOUTH),120,AMMAN K.ARJUNAN,All India Anna Dravida Munnetra Kazhagam,16330,3,Trailing,0,30327,S22120,https://results.eci.gov.in/ResultAcGenMay2026/ConstituencywiseS22120.htm,2026-05-04 15:29:46
COIMBATORE (SOUTH),120,V SENTHILBALAJI,Dravida Munnetra Kazhagam,31525,1,Leading / Top Candidate,1198,30327,S22120,https://results.eci.gov.in/ResultAcGenMay2026/ConstituencywiseS22120.htm,2026-05-04 15:29:46
COIMBATORE (SOUTH),120,PERARIVALAN. V,Naam Tamilar Katchi,3049,4,Trailing,0,30327,S22120,https://results.eci.gov.in/ResultAcGenMay2026/ConstituencywiseS22120.htm,2026-05-04 15:29:46
COIMBATORE (SOUTH),120,GOKULA KRISHNAN.S,Tamizhaga Vaazhvurimai Katchi,95,6,Trailing,0,30327,S22120,https://results.eci.gov.in/ResultAcGenMay2026/ConstituencywiseS22120.htm,2026-05-04 15:29:46
COIMBATORE (SOUTH),120,V. SENTHILKUMAR,Tamilaga Vettri Kazhagam,30327,2,Runner-up,0,30327,S22120,https://results.eci.gov.in/ResultAcGenMay2026/ConstituencywiseS22120.htm,2026-05-04 15:29:46
COIMBATORE (SOUTH),120,B. DHANDAPANI,New Generation People's Party,88,7,Trailing,0,30327,S22120,https://results.eci.gov.in/ResultAcGenMay2026/ConstituencywiseS22120.htm,2026-05-04 15:29:46
COIMBATORE (SOUTH),120,G. MAHESHWARAN,Tamizhaga Murpokku Makkal Katchi,16,25,Trailing,0,30327,S22120,https://results.eci.gov.in/ResultAcGenMay2026/ConstituencywiseS22120.htm,2026-05-04 15:29:46
COIMBATORE (SOUTH),120,N. ABILAZAN,Independent,20,22,Trailing,0,30327,S22120,https://results.eci.gov.in/ResultAcGenMay2026/ConstituencywiseS22120.htm,2026-05-04 15:29:46
COIMBATORE (SOUTH),120,IMTHIYAS,Independent,36,15,Trailing,0,30327,S22120,https://results.eci.gov.in/ResultAcGenMay2026/ConstituencywiseS22120.htm,2026-05-04 15:29:46
COIMBATORE (SOUTH),120,P. KATHIRAVAN,Independent,12,31,Trailing,0,30327,S22120,https://results.eci.gov.in/ResultAcGenMay2026/ConstituencywiseS22120.htm,2026-05-04 15:29:46
COIMBATORE (SOUTH),120,GOPALAKRISHNAN,Independent,13,30,Trailing,0,30327,S22120,https://results.eci.gov.in/ResultAcGenMay2026/ConstituencywiseS22120.htm,2026-05-04 15:29:46
COIMBATORE (SOUTH),120,P. SANGARARAJ,Independent,18,24,Trailing,0,30327,S22120,https://results.eci.gov.in/ResultAcGenMay2026/ConstituencywiseS22120.htm,2026-05-04 15:29:46
COIMBATORE (SOUTH),120,J. SURIYAKUMAR,Independent,23,20,Trailing,0,30327,S22120,https://results.eci.gov.in/ResultAcGenMay2026/ConstituencywiseS22120.htm,2026-05-04 15:29:46
COIMBATORE (SOUTH),120,M. SENTHILKUMAR,Independent,87,8,Trailing,0,30327,S22120,https://results.eci.gov.in/ResultAcGenMay2026/ConstituencywiseS22120.htm,2026-05-04 15:29:46
COIMBATORE (SOUTH),120,V. SENTHILKUMAR,Independent,54,13,Trailing,0,30327,S22120,https://results.eci.gov.in/ResultAcGenMay2026/ConstituencywiseS22120.htm,2026-05-04 15:29:46
COIMBATORE (SOUTH),120,K. DINESH KUMAR,Independent,64,11,Trailing,0,30327,S22120,https://results.eci.gov.in/ResultAcGenMay2026/ConstituencywiseS22120.htm,2026-05-04 15:29:46
COIMBATORE (SOUTH),120,P. PALANIVEL,Independent,78,10,Trailing,0,30327,S22120,https://results.eci.gov.in/ResultAcGenMay2026/ConstituencywiseS22120.htm,2026-05-04 15:29:46
COIMBATORE (SOUTH),120,J. PRAVEENKUMAR,Independent,83,9,Trailing,0,30327,S22120,https://results.eci.gov.in/ResultAcGenMay2026/ConstituencywiseS22120.htm,2026-05-04 15:29:46
COIMBATORE (SOUTH),120,T. MAGIZHAN,Independent,24,18,Trailing,0,30327,S22120,https://results.eci.gov.in/ResultAcGenMay2026/ConstituencywiseS22120.htm,2026-05-04 15:29:46
COIMBATORE (SOUTH),120,P. MANOJ,Independent,15,27,Trailing,0,30327,S22120,https://results.eci.gov.in/ResultAcGenMay2026/ConstituencywiseS22120.htm,2026-05-04 15:29:46
COIMBATORE (SOUTH),120,B. YUVARAJ,Independent,57,12,Trailing,0,30327,S22120,https://results.eci.gov.in/ResultAcGenMay2026/ConstituencywiseS22120.htm,2026-05-04 15:29:46
COIMBATORE (SOUTH),120,S. RANGARAJ,Independent,41,14,Trailing,0,30327,S22120,https://results.eci.gov.in/ResultAcGenMay2026/ConstituencywiseS22120.htm,2026-05-04 15:29:46
COIMBATORE (SOUTH),120,M. RAVICHANDRAN,Independent,15,28,Trailing,0,30327,S22120,https://results.eci.gov.in/ResultAcGenMay2026/ConstituencywiseS22120.htm,2026-05-04 15:29:46
COIMBATORE (SOUTH),120,K.S. RAJAGOPAL,Independent,10,32,Trailing,0,30327,S22120,https://results.eci.gov.in/ResultAcGenMay2026/ConstituencywiseS22120.htm,2026-05-04 15:29:46
COIMBATORE (SOUTH),120,K. RAJAPANDIAN,Independent,15,29,Trailing,0,30327,S22120,https://results.eci.gov.in/ResultAcGenMay2026/ConstituencywiseS22120.htm,2026-05-04 15:29:46
COIMBATORE (SOUTH),120,D. VIGNESHWARAN,Independent,16,26,Trailing,0,30327,S22120,https://results.eci.gov.in/ResultAcGenMay2026/ConstituencywiseS22120.htm,2026-05-04 15:29:46
COIMBATORE (SOUTH),120,K. VIJAYAN,Independent,20,23,Trailing,0,30327,S22120,https://results.eci.gov.in/ResultAcGenMay2026/ConstituencywiseS22120.htm,2026-05-04 15:29:46
COIMBATORE (SOUTH),120,VENKATACHALAM PARAMASIVAM,Independent,24,19,Trailing,0,30327,S22120,https://results.eci.gov.in/ResultAcGenMay2026/ConstituencywiseS22120.htm,2026-05-04 15:29:46
COIMBATORE (SOUTH),120,V. VELMURUGAN,Independent,25,17,Trailing,0,30327,S22120,https://results.eci.gov.in/ResultAcGenMay2026/ConstituencywiseS22120.htm,2026-05-04 15:29:46
COIMBATORE (SOUTH),120,M. JOHN BOSCO,Independent,22,21,Trailing,0,30327,S22120,https://results.eci.gov.in/ResultAcGenMay2026/ConstituencywiseS22120.htm,2026-05-04 15:29:46
COIMBATORE (SOUTH),120,L. HAKKIM,Independent,27,16,Trailing,0,30327,S22120,https://results.eci.gov.in/ResultAcGenMay2026/ConstituencywiseS22120.htm,2026-05-04 15:29:46
COIMBATORE (SOUTH),120,NOTA,None of the Above,447,5,Trailing,0,30327,S22120,https://results.eci.gov.in/ResultAcGenMay2026/ConstituencywiseS22120.htm,2026-05-04 15:29:46
COLACHAL,231,ANCY SHOBA RANI. L,Naam Tamilar Katchi,6439,4,Trailing,0,29889,S22231,https://results.eci.gov.in/ResultAcGenMay2026/ConstituencywiseS22231.htm,2026-05-04 15:29:50
COLACHAL,231,SIVAKUMAR. T,Bharatiya Janata Party,17573,3,Trailing,0,29889,S22231,https://results.eci.gov.in/ResultAcGenMay2026/ConstituencywiseS22231.htm,2026-05-04 15:29:50
COLACHAL,231,THARAHAI CUTHBERT,Indian National Congress,36520,1,Leading / Top Candidate,6631,29889,S22231,https://results.eci.gov.in/ResultAcGenMay2026/ConstituencywiseS22231.htm,2026-05-04 15:29:50
COLACHAL,231,RAJASINGH. C,Bahujan Samaj Party,153,6,Trailing,0,29889,S22231,https://results.eci.gov.in/ResultAcGenMay2026/ConstituencywiseS22231.htm,2026-05-04 15:29:50
COLACHAL,231,ANTHONY MUTHU. S.M,Communist Party of India (Marxist-Leninist) (Liberation),152,7,Trailing,0,29889,S22231,https://results.eci.gov.in/ResultAcGenMay2026/ConstituencywiseS22231.htm,2026-05-04 15:29:50
COLACHAL,231,GANESH. N,Thamizhaka Padaippalar Makkal Katchi,95,9,Trailing,0,29889,S22231,https://results.eci.gov.in/ResultAcGenMay2026/ConstituencywiseS22231.htm,2026-05-04 15:29:50
COLACHAL,231,CHRIST MILLER. S,All India Puratchi Thalaivar Makkal Munnettra Kazhagam,72,10,Trailing,0,29889,S22231,https://results.eci.gov.in/ResultAcGenMay2026/ConstituencywiseS22231.htm,2026-05-04 15:29:50
COLACHAL,231,KOIL RAJ. R,Naam Indiar Party,71,11,Trailing,0,29889,S22231,https://results.eci.gov.in/ResultAcGenMay2026/ConstituencywiseS22231.htm,2026-05-04 15:29:50
COLACHAL,231,PREM ALEX LAWRENCE,Tamilaga Vettri Kazhagam,29889,2,Runner-up,0,29889,S22231,https://results.eci.gov.in/ResultAcGenMay2026/ConstituencywiseS22231.htm,2026-05-04 15:29:50
COLACHAL,231,MURALI. M,Tamizhaga Vaazhvurimai Katchi,70,13,Trailing,0,29889,S22231,https://results.eci.gov.in/ResultAcGenMay2026/ConstituencywiseS22231.htm,2026-05-04 15:29:50
COLACHAL,231,ANTONY ALANKARAM. K,Independent,55,14,Trailing,0,29889,S22231,https://results.eci.gov.in/ResultAcGenMay2026/ConstituencywiseS22231.htm,2026-05-04 15:29:50
COLACHAL,231,SARAVANAN. M,Independent,71,12,Trailing,0,29889,S22231,https://results.eci.gov.in/ResultAcGenMay2026/ConstituencywiseS22231.htm,2026-05-04 15:29:50
COLACHAL,231,SELVARAJ. M,Independent,121,8,Trailing,0,29889,S22231,https://results.eci.gov.in/ResultAcGenMay2026/ConstituencywiseS22231.htm,2026-05-04 15:29:50
COLACHAL,231,NOTA,None of the Above,224,5,Trailing,0,29889,S22231,https://results.eci.gov.in/ResultAcGenMay2026/ConstituencywiseS22231.htm,2026-05-04 15:29:50
COONOOR,110,K. DEENU,Naam Tamilar Katchi,4695,4,Trailing,0,42371,S22110,https://results.eci.gov.in/ResultAcGenMay2026/ConstituencywiseS22110.htm,2026-05-04 15:29:55
COONOOR,110,A. RAMU,All India Anna Dravida Munnetra Kazhagam,42371,2,Runner-up,0,42371,S22110,https://results.eci.gov.in/ResultAcGenMay2026/ConstituencywiseS22110.htm,2026-05-04 15:29:55
COONOOR,110,M. RAJU,Dravida Munnetra Kazhagam,50470,1,Leading / Top Candidate,8099,42371,S22110,https://results.eci.gov.in/ResultAcGenMay2026/ConstituencywiseS22110.htm,2026-05-04 15:29:55
COONOOR,110,C. THANGARAJU,Tamilaga Vettri Kazhagam,42225,3,Trailing,0,42371,S22110,https://results.eci.gov.in/ResultAcGenMay2026/ConstituencywiseS22110.htm,2026-05-04 15:29:55
COONOOR,110,C. DINESH KUMAR,Independent,573,6,Trailing,0,42371,S22110,https://results.eci.gov.in/ResultAcGenMay2026/ConstituencywiseS22110.htm,2026-05-04 15:29:55
COONOOR,110,D. VIDHYASAGAR,Independent,340,7,Trailing,0,42371,S22110,https://results.eci.gov.in/ResultAcGenMay2026/ConstituencywiseS22110.htm,2026-05-04 15:29:55
COONOOR,110,NOTA,None of the Above,720,5,Trailing,0,42371,S22110,https://results.eci.gov.in/ResultAcGenMay2026/ConstituencywiseS22110.htm,2026-05-04 15:29:55
CUDDALORE,155,A.S.CHANDARASEKARAN,Indian National Congress,36732,2,Runner-up,0,36732,S22155,https://results.eci.gov.in/ResultAcGenMay2026/ConstituencywiseS22155.htm,2026-05-04 15:29:59
CUDDALORE,155,M.C.SAMPATH,All India Anna Dravida Munnetra Kazhagam,36236,3,Trailing,0,36732,S22155,https://results.eci.gov.in/ResultAcGenMay2026/ConstituencywiseS22155.htm,2026-05-04 15:29:59
CUDDALORE,155,S.SARASU,Naam Tamilar Katchi,3782,4,Trailing,0,36732,S22155,https://results.eci.gov.in/ResultAcGenMay2026/ConstituencywiseS22155.htm,2026-05-04 15:29:59
CUDDALORE,155,P.NATARAJAN,Bahujan Samaj Party,80,11,Trailing,0,36732,S22155,https://results.eci.gov.in/ResultAcGenMay2026/ConstituencywiseS22155.htm,2026-05-04 15:29:59
CUDDALORE,155,S. RAMASAMY,All India Puratchi Thalaivar Makkal Munnettra Kazhagam,271,7,Trailing,0,36732,S22155,https://results.eci.gov.in/ResultAcGenMay2026/ConstituencywiseS22155.htm,2026-05-04 15:29:59
CUDDALORE,155,B.RAJKUMAR,Tamilaga Vettri Kazhagam,44042,1,Leading / Top Candidate,7310,36732,S22155,https://results.eci.gov.in/ResultAcGenMay2026/ConstituencywiseS22155.htm,2026-05-04 15:29:59
CUDDALORE,155,K.LENIN,Tamizhaga Vaazhvurimai Katchi,377,6,Trailing,0,36732,S22155,https://results.eci.gov.in/ResultAcGenMay2026/ConstituencywiseS22155.htm,2026-05-04 15:29:59
CUDDALORE,155,S.RAJAMOHAN,Independent,31,16,Trailing,0,36732,S22155,https://results.eci.gov.in/ResultAcGenMay2026/ConstituencywiseS22155.htm,2026-05-04 15:29:59
CUDDALORE,155,E.GURUBARAN,Independent,54,12,Trailing,0,36732,S22155,https://results.eci.gov.in/ResultAcGenMay2026/ConstituencywiseS22155.htm,2026-05-04 15:29:59
CUDDALORE,155,V. SUGANTHI,Independent,39,14,Trailing,0,36732,S22155,https://results.eci.gov.in/ResultAcGenMay2026/ConstituencywiseS22155.htm,2026-05-04 15:29:59
CUDDALORE,155,P.NAGASUNDARAM,Independent,221,8,Trailing,0,36732,S22155,https://results.eci.gov.in/ResultAcGenMay2026/ConstituencywiseS22155.htm,2026-05-04 15:29:59
CUDDALORE,155,E.FAROOK ALI,Independent,35,15,Trailing,0,36732,S22155,https://results.eci.gov.in/ResultAcGenMay2026/ConstituencywiseS22155.htm,2026-05-04 15:29:59
CUDDALORE,155,R.MAYAVAN,Independent,50,13,Trailing,0,36732,S22155,https://results.eci.gov.in/ResultAcGenMay2026/ConstituencywiseS22155.htm,2026-05-04 15:29:59
CUDDALORE,155,R.RAMACHANDRAN,Independent,127,10,Trailing,0,36732,S22155,https://results.eci.gov.in/ResultAcGenMay2026/ConstituencywiseS22155.htm,2026-05-04 15:29:59
CUDDALORE,155,R. VEERAMANI,Independent,146,9,Trailing,0,36732,S22155,https://results.eci.gov.in/ResultAcGenMay2026/ConstituencywiseS22155.htm,2026-05-04 15:29:59
CUDDALORE,155,NOTA,None of the Above,617,5,Trailing,0,36732,S22155,https://results.eci.gov.in/ResultAcGenMay2026/ConstituencywiseS22155.htm,2026-05-04 15:29:59
CUMBUM,201,ANBUSELVI A,Naam Tamilar Katchi,4607,4,Trailing,0,32030,S22201,https://results.eci.gov.in/ResultAcGenMay2026/ConstituencywiseS22201.htm,2026-05-04 15:30:03
CUMBUM,201,ERAMAKRISHNAN N,Dravida Munnetra Kazhagam,32030,2,Runner-up,0,32030,S22201,https://results.eci.gov.in/ResultAcGenMay2026/ConstituencywiseS22201.htm,2026-05-04 15:30:03
CUMBUM,201,JAKKAIYAN S.T.K.,All India Anna Dravida Munnetra Kazhagam,11610,3,Trailing,0,32030,S22201,https://results.eci.gov.in/ResultAcGenMay2026/ConstituencywiseS22201.htm,2026-05-04 15:30:03
CUMBUM,201,KATHIRAVAN S,New Generation People's Party,130,8,Trailing,0,32030,S22201,https://results.eci.gov.in/ResultAcGenMay2026/ConstituencywiseS22201.htm,2026-05-04 15:30:03
CUMBUM,201,MUTHU BAGAVATHI M.,Tamizhaga Vaazhvurimai Katchi,167,7,Trailing,0,32030,S22201,https://results.eci.gov.in/ResultAcGenMay2026/ConstituencywiseS22201.htm,2026-05-04 15:30:03
CUMBUM,201,JEGANATHMISHRA PLA,Tamilaga Vettri Kazhagam,35399,1,Leading / Top Candidate,3369,32030,S22201,https://results.eci.gov.in/ResultAcGenMay2026/ConstituencywiseS22201.htm,2026-05-04 15:30:03
CUMBUM,201,ASHOK KUMAR A,Independent,86,12,Trailing,0,32030,S22201,https://results.eci.gov.in/ResultAcGenMay2026/ConstituencywiseS22201.htm,2026-05-04 15:30:03
CUMBUM,201,ARUNKUMAR A,Independent,65,14,Trailing,0,32030,S22201,https://results.eci.gov.in/ResultAcGenMay2026/ConstituencywiseS22201.htm,2026-05-04 15:30:03
CUMBUM,201,SARAVANAN S.R.,Independent,36,17,Trailing,0,32030,S22201,https://results.eci.gov.in/ResultAcGenMay2026/ConstituencywiseS22201.htm,2026-05-04 15:30:03
CUMBUM,201,SUBRAMANIYAM L R,Independent,31,18,Trailing,0,32030,S22201,https://results.eci.gov.in/ResultAcGenMay2026/ConstituencywiseS22201.htm,2026-05-04 15:30:03
CUMBUM,201,THASTHAKEER I,Independent,100,10,Trailing,0,32030,S22201,https://results.eci.gov.in/ResultAcGenMay2026/ConstituencywiseS22201.htm,2026-05-04 15:30:03
CUMBUM,201,NANTHAKUMAR A.,Independent,30,19,Trailing,0,32030,S22201,https://results.eci.gov.in/ResultAcGenMay2026/ConstituencywiseS22201.htm,2026-05-04 15:30:03
CUMBUM,201,BALAN R,Independent,44,16,Trailing,0,32030,S22201,https://results.eci.gov.in/ResultAcGenMay2026/ConstituencywiseS22201.htm,2026-05-04 15:30:03
CUMBUM,201,PRAKASH P.,Independent,70,13,Trailing,0,32030,S22201,https://results.eci.gov.in/ResultAcGenMay2026/ConstituencywiseS22201.htm,2026-05-04 15:30:03
CUMBUM,201,MUTHUSELVAM G.,Independent,111,9,Trailing,0,32030,S22201,https://results.eci.gov.in/ResultAcGenMay2026/ConstituencywiseS22201.htm,2026-05-04 15:30:03
CUMBUM,201,RAJADURAI S,Independent,50,15,Trailing,0,32030,S22201,https://results.eci.gov.in/ResultAcGenMay2026/ConstituencywiseS22201.htm,2026-05-04 15:30:03
CUMBUM,201,RAJAMOHAMMED T,Independent,216,6,Trailing,0,32030,S22201,https://results.eci.gov.in/ResultAcGenMay2026/ConstituencywiseS22201.htm,2026-05-04 15:30:03
CUMBUM,201,VINOTH KUMAR R,Independent,92,11,Trailing,0,32030,S22201,https://results.eci.gov.in/ResultAcGenMay2026/ConstituencywiseS22201.htm,2026-05-04 15:30:03
CUMBUM,201,NOTA,None of the Above,274,5,Trailing,0,32030,S22201,https://results.eci.gov.in/ResultAcGenMay2026/ConstituencywiseS22201.htm,2026-05-04 15:30:03
DHARAPURAM,101,INDIRANI.T,Dravida Munnetra Kazhagam,55909,2,Runner-up,0,55909,S22101,https://results.eci.gov.in/ResultAcGenMay2026/ConstituencywiseS22101.htm,2026-05-04 15:30:08
DHARAPURAM,101,SATHYABAMA.P,All India Anna Dravida Munnetra Kazhagam,69041,1,Leading / Top Candidate,13132,55909,S22101,https://results.eci.gov.in/ResultAcGenMay2026/ConstituencywiseS22101.htm,2026-05-04 15:30:08
DHARAPURAM,101,DHIVYA,Naam Tamilar Katchi,5176,4,Trailing,0,55909,S22101,https://results.eci.gov.in/ResultAcGenMay2026/ConstituencywiseS22101.htm,2026-05-04 15:30:08
DHARAPURAM,101,GOWRI CHITRA,Tamilaga Vettri Kazhagam,41443,3,Trailing,0,55909,S22101,https://results.eci.gov.in/ResultAcGenMay2026/ConstituencywiseS22101.htm,2026-05-04 15:30:08
DHARAPURAM,101,ANANTHI.S,Independent,129,8,Trailing,0,55909,S22101,https://results.eci.gov.in/ResultAcGenMay2026/ConstituencywiseS22101.htm,2026-05-04 15:30:08
DHARAPURAM,101,INDHIRANI.C,Independent,122,9,Trailing,0,55909,S22101,https://results.eci.gov.in/ResultAcGenMay2026/ConstituencywiseS22101.htm,2026-05-04 15:30:08
DHARAPURAM,101,GOWRI.P,Independent,105,10,Trailing,0,55909,S22101,https://results.eci.gov.in/ResultAcGenMay2026/ConstituencywiseS22101.htm,2026-05-04 15:30:08
DHARAPURAM,101,MOHANRAJ.M,Independent,154,7,Trailing,0,55909,S22101,https://results.eci.gov.in/ResultAcGenMay2026/ConstituencywiseS22101.htm,2026-05-04 15:30:08
DHARAPURAM,101,ROHINI.S,Independent,310,6,Trailing,0,55909,S22101,https://results.eci.gov.in/ResultAcGenMay2026/ConstituencywiseS22101.htm,2026-05-04 15:30:08
DHARAPURAM,101,NOTA,None of the Above,919,5,Trailing,0,55909,S22101,https://results.eci.gov.in/ResultAcGenMay2026/ConstituencywiseS22101.htm,2026-05-04 15:30:08
DHARMAPURI,59,DR. ELANGOVAN. V.,Desiya Murpokku Dravida Kazhagam,48260,3,Trailing,0,60415,S2259,https://results.eci.gov.in/ResultAcGenMay2026/ConstituencywiseS2259.htm,2026-05-04 15:30:12
DHARMAPURI,59,SHANTHALAKSHMI. K.,Naam Tamilar Katchi,5390,4,Trailing,0,60415,S2259,https://results.eci.gov.in/ResultAcGenMay2026/ConstituencywiseS2259.htm,2026-05-04 15:30:12
DHARMAPURI,59,SARAVANAN. A.,Aanaithinthiya Jananayaka Pathukappu Kazhagam,931,5,Trailing,0,60415,S2259,https://results.eci.gov.in/ResultAcGenMay2026/ConstituencywiseS2259.htm,2026-05-04 15:30:12
DHARMAPURI,59,SIVAGAMI. G.,Tamilar Makkal Katchi,305,13,Trailing,0,60415,S2259,https://results.eci.gov.in/ResultAcGenMay2026/ConstituencywiseS2259.htm,2026-05-04 15:30:12
DHARMAPURI,59,SIVAN. M.,Tamilaga Vettri Kazhagam,60415,2,Runner-up,0,60415,S2259,https://results.eci.gov.in/ResultAcGenMay2026/ConstituencywiseS2259.htm,2026-05-04 15:30:12
DHARMAPURI,59,SOWMIYA ANBUMANI,Pattali Makkal Katchi,73986,1,Leading / Top Candidate,13571,60415,S2259,https://results.eci.gov.in/ResultAcGenMay2026/ConstituencywiseS2259.htm,2026-05-04 15:30:12
DHARMAPURI,59,PRASANTH. DBJ.,Tamizhaga Vaazhvurimai Katchi,647,8,Trailing,0,60415,S2259,https://results.eci.gov.in/ResultAcGenMay2026/ConstituencywiseS2259.htm,2026-05-04 15:30:12
DHARMAPURI,59,MANIKANDAN. S.,Vishwa Tamil Kazhagam,564,10,Trailing,0,60415,S2259,https://results.eci.gov.in/ResultAcGenMay2026/ConstituencywiseS2259.htm,2026-05-04 15:30:12
DHARMAPURI,59,MADHU. P.,Naadaalum Makkal Katchi,390,12,Trailing,0,60415,S2259,https://results.eci.gov.in/ResultAcGenMay2026/ConstituencywiseS2259.htm,2026-05-04 15:30:12
DHARMAPURI,59,ARUMUGAM. MUNI.,Independent,157,16,Trailing,0,60415,S2259,https://results.eci.gov.in/ResultAcGenMay2026/ConstituencywiseS2259.htm,2026-05-04 15:30:12
DHARMAPURI,59,KUMAR. V.,Independent,267,15,Trailing,0,60415,S2259,https://results.eci.gov.in/ResultAcGenMay2026/ConstituencywiseS2259.htm,2026-05-04 15:30:12
DHARMAPURI,59,SARAVANAN. G.,Independent,750,7,Trailing,0,60415,S2259,https://results.eci.gov.in/ResultAcGenMay2026/ConstituencywiseS2259.htm,2026-05-04 15:30:12
DHARMAPURI,59,SIVAM. R.,Independent,124,19,Trailing,0,60415,S2259,https://results.eci.gov.in/ResultAcGenMay2026/ConstituencywiseS2259.htm,2026-05-04 15:30:12
DHARMAPURI,59,SIVAN. A.,Independent,283,14,Trailing,0,60415,S2259,https://results.eci.gov.in/ResultAcGenMay2026/ConstituencywiseS2259.htm,2026-05-04 15:30:12
DHARMAPURI,59,SUNDARAMOORTHY. M.,Independent,148,17,Trailing,0,60415,S2259,https://results.eci.gov.in/ResultAcGenMay2026/ConstituencywiseS2259.htm,2026-05-04 15:30:12
DHARMAPURI,59,THIRUPATHI. M.,Independent,607,9,Trailing,0,60415,S2259,https://results.eci.gov.in/ResultAcGenMay2026/ConstituencywiseS2259.htm,2026-05-04 15:30:12
DHARMAPURI,59,NAGARAJAN. D.,Independent,485,11,Trailing,0,60415,S2259,https://results.eci.gov.in/ResultAcGenMay2026/ConstituencywiseS2259.htm,2026-05-04 15:30:12
DHARMAPURI,59,PALANI. K.,Independent,131,18,Trailing,0,60415,S2259,https://results.eci.gov.in/ResultAcGenMay2026/ConstituencywiseS2259.htm,2026-05-04 15:30:12
DHARMAPURI,59,PRABHAKARAN. M.,Independent,86,20,Trailing,0,60415,S2259,https://results.eci.gov.in/ResultAcGenMay2026/ConstituencywiseS2259.htm,2026-05-04 15:30:12
DHARMAPURI,59,NOTA,None of the Above,789,6,Trailing,0,60415,S2259,https://results.eci.gov.in/ResultAcGenMay2026/ConstituencywiseS2259.htm,2026-05-04 15:30:12
DINDIGUL,132,SREENIVASAN. C,All India Anna Dravida Munnetra Kazhagam,41412,3,Trailing,0,52760,S22132,https://results.eci.gov.in/ResultAcGenMay2026/ConstituencywiseS22132.htm,2026-05-04 15:30:17
DINDIGUL,132,SENTHILKUMAR. I.P,Dravida Munnetra Kazhagam,53839,1,Leading / Top Candidate,1079,52760,S22132,https://results.eci.gov.in/ResultAcGenMay2026/ConstituencywiseS22132.htm,2026-05-04 15:30:17
DINDIGUL,132,MUTHARASI. S,Naam Tamilar Katchi,5455,4,Trailing,0,52760,S22132,https://results.eci.gov.in/ResultAcGenMay2026/ConstituencywiseS22132.htm,2026-05-04 15:30:17
DINDIGUL,132,GOPI KRISHNAN PILLAI. S,Rashtriya Samaj Dal (R),77,13,Trailing,0,52760,S22132,https://results.eci.gov.in/ResultAcGenMay2026/ConstituencywiseS22132.htm,2026-05-04 15:30:17
DINDIGUL,132,SHEIK BAREETH.B,Tamizhaga Vaazhvurimai Katchi,176,7,Trailing,0,52760,S22132,https://results.eci.gov.in/ResultAcGenMay2026/ConstituencywiseS22132.htm,2026-05-04 15:30:17
DINDIGUL,132,NAZEER RAJA. G,Tamilaga Vettri Kazhagam,52760,2,Runner-up,0,52760,S22132,https://results.eci.gov.in/ResultAcGenMay2026/ConstituencywiseS22132.htm,2026-05-04 15:30:17
DINDIGUL,132,PRADEEP. M,Puthiya Tamilagam,164,9,Trailing,0,52760,S22132,https://results.eci.gov.in/ResultAcGenMay2026/ConstituencywiseS22132.htm,2026-05-04 15:30:17
DINDIGUL,132,RAMUTHEVAR. P,All India Puratchi Thalaivar Makkal Munnettra Kazhagam,144,11,Trailing,0,52760,S22132,https://results.eci.gov.in/ResultAcGenMay2026/ConstituencywiseS22132.htm,2026-05-04 15:30:17
DINDIGUL,132,ANIS BABU. M,Independent,52,16,Trailing,0,52760,S22132,https://results.eci.gov.in/ResultAcGenMay2026/ConstituencywiseS22132.htm,2026-05-04 15:30:17
DINDIGUL,132,AROCKIA DASS. J,Independent,44,17,Trailing,0,52760,S22132,https://results.eci.gov.in/ResultAcGenMay2026/ConstituencywiseS22132.htm,2026-05-04 15:30:17
DINDIGUL,132,UMAR ALI. R,Independent,74,14,Trailing,0,52760,S22132,https://results.eci.gov.in/ResultAcGenMay2026/ConstituencywiseS22132.htm,2026-05-04 15:30:17
DINDIGUL,132,GANESH PERUMAL. D,Independent,36,18,Trailing,0,52760,S22132,https://results.eci.gov.in/ResultAcGenMay2026/ConstituencywiseS22132.htm,2026-05-04 15:30:17
DINDIGUL,132,KARMEGAM. R,Independent,34,19,Trailing,0,52760,S22132,https://results.eci.gov.in/ResultAcGenMay2026/ConstituencywiseS22132.htm,2026-05-04 15:30:17
DINDIGUL,132,SARANYA. M,Independent,59,15,Trailing,0,52760,S22132,https://results.eci.gov.in/ResultAcGenMay2026/ConstituencywiseS22132.htm,2026-05-04 15:30:17
DINDIGUL,132,SEENIVASAN. P,Independent,119,12,Trailing,0,52760,S22132,https://results.eci.gov.in/ResultAcGenMay2026/ConstituencywiseS22132.htm,2026-05-04 15:30:17
DINDIGUL,132,SELVADHAYANITHI. M,Independent,214,6,Trailing,0,52760,S22132,https://results.eci.gov.in/ResultAcGenMay2026/ConstituencywiseS22132.htm,2026-05-04 15:30:17
DINDIGUL,132,NAGARAJ. N,Independent,176,8,Trailing,0,52760,S22132,https://results.eci.gov.in/ResultAcGenMay2026/ConstituencywiseS22132.htm,2026-05-04 15:30:17
DINDIGUL,132,BABU. S,Independent,150,10,Trailing,0,52760,S22132,https://results.eci.gov.in/ResultAcGenMay2026/ConstituencywiseS22132.htm,2026-05-04 15:30:17
DINDIGUL,132,MUNIYAPPAN. M,Independent,28,20,Trailing,0,52760,S22132,https://results.eci.gov.in/ResultAcGenMay2026/ConstituencywiseS22132.htm,2026-05-04 15:30:17
DINDIGUL,132,RAJENDRAN. G,Independent,25,21,Trailing,0,52760,S22132,https://results.eci.gov.in/ResultAcGenMay2026/ConstituencywiseS22132.htm,2026-05-04 15:30:17
DINDIGUL,132,NOTA,None of the Above,576,5,Trailing,0,52760,S22132,https://results.eci.gov.in/ResultAcGenMay2026/ConstituencywiseS22132.htm,2026-05-04 15:30:17
DR.RADHAKRISHNAN NAGAR,11,R.S.RAAJESH,All India Anna Dravida Munnetra Kazhagam,11416,3,Trailing,0,24511,S2211,https://results.eci.gov.in/ResultAcGenMay2026/ConstituencywiseS2211.htm,2026-05-04 15:30:21
DR.RADHAKRISHNAN NAGAR,11,VENNILA.T,Naam Tamilar Katchi,2693,4,Trailing,0,24511,S2211,https://results.eci.gov.in/ResultAcGenMay2026/ConstituencywiseS2211.htm,2026-05-04 15:30:21
DR.RADHAKRISHNAN NAGAR,11,J. JOHN EBENEZER,Dravida Munnetra Kazhagam,24511,2,Runner-up,0,24511,S2211,https://results.eci.gov.in/ResultAcGenMay2026/ConstituencywiseS2211.htm,2026-05-04 15:30:21
DR.RADHAKRISHNAN NAGAR,11,E. RAAMADASAN,Makkal Nalvaazhvuk Katchi,118,7,Trailing,0,24511,S2211,https://results.eci.gov.in/ResultAcGenMay2026/ConstituencywiseS2211.htm,2026-05-04 15:30:21
DR.RADHAKRISHNAN NAGAR,11,D.KARTHIKEYAN,Samata Party,22,18,Trailing,0,24511,S2211,https://results.eci.gov.in/ResultAcGenMay2026/ConstituencywiseS2211.htm,2026-05-04 15:30:21
DR.RADHAKRISHNAN NAGAR,11,CHANDRASEKAR,Tamizhaga Murpokku Makkal Katchi,18,24,Trailing,0,24511,S2211,https://results.eci.gov.in/ResultAcGenMay2026/ConstituencywiseS2211.htm,2026-05-04 15:30:21
DR.RADHAKRISHNAN NAGAR,11,B.NAVIN,Tamizhaga Vaazhvurimai Katchi,142,6,Trailing,0,24511,S2211,https://results.eci.gov.in/ResultAcGenMay2026/ConstituencywiseS2211.htm,2026-05-04 15:30:21
DR.RADHAKRISHNAN NAGAR,11,N. MARIE WILSON,Tamilaga Vettri Kazhagam,43372,1,Leading / Top Candidate,18861,24511,S2211,https://results.eci.gov.in/ResultAcGenMay2026/ConstituencywiseS2211.htm,2026-05-04 15:30:21
DR.RADHAKRISHNAN NAGAR,11,A.MOHANRAJ,Socialist Unity Centre Of India (COMMUNIST),66,10,Trailing,0,24511,S2211,https://results.eci.gov.in/ResultAcGenMay2026/ConstituencywiseS2211.htm,2026-05-04 15:30:21
DR.RADHAKRISHNAN NAGAR,11,AMUDHA.N,Independent,12,30,Trailing,0,24511,S2211,https://results.eci.gov.in/ResultAcGenMay2026/ConstituencywiseS2211.htm,2026-05-04 15:30:21
DR.RADHAKRISHNAN NAGAR,11,D. AJITH KUMAR,Independent,11,32,Trailing,0,24511,S2211,https://results.eci.gov.in/ResultAcGenMay2026/ConstituencywiseS2211.htm,2026-05-04 15:30:21
DR.RADHAKRISHNAN NAGAR,11,S.EMMANUVEL,Independent,8,38,Trailing,0,24511,S2211,https://results.eci.gov.in/ResultAcGenMay2026/ConstituencywiseS2211.htm,2026-05-04 15:30:21
DR.RADHAKRISHNAN NAGAR,11,A. USHA,Independent,12,31,Trailing,0,24511,S2211,https://results.eci.gov.in/ResultAcGenMay2026/ConstituencywiseS2211.htm,2026-05-04 15:30:21
DR.RADHAKRISHNAN NAGAR,11,R.ETHIRAJ,Independent,20,20,Trailing,0,24511,S2211,https://results.eci.gov.in/ResultAcGenMay2026/ConstituencywiseS2211.htm,2026-05-04 15:30:21
DR.RADHAKRISHNAN NAGAR,11,V.SHANKAR,Independent,11,33,Trailing,0,24511,S2211,https://results.eci.gov.in/ResultAcGenMay2026/ConstituencywiseS2211.htm,2026-05-04 15:30:21
DR.RADHAKRISHNAN NAGAR,11,M. SATHISH,Independent,50,11,Trailing,0,24511,S2211,https://results.eci.gov.in/ResultAcGenMay2026/ConstituencywiseS2211.htm,2026-05-04 15:30:21
DR.RADHAKRISHNAN NAGAR,11,J.SARAVANAKUMAR,Independent,68,9,Trailing,0,24511,S2211,https://results.eci.gov.in/ResultAcGenMay2026/ConstituencywiseS2211.htm,2026-05-04 15:30:21
DR.RADHAKRISHNAN NAGAR,11,L.SARAVANAN,Independent,19,22,Trailing,0,24511,S2211,https://results.eci.gov.in/ResultAcGenMay2026/ConstituencywiseS2211.htm,2026-05-04 15:30:21
DR.RADHAKRISHNAN NAGAR,11,V.SUDHAKAR,Independent,40,13,Trailing,0,24511,S2211,https://results.eci.gov.in/ResultAcGenMay2026/ConstituencywiseS2211.htm,2026-05-04 15:30:21
DR.RADHAKRISHNAN NAGAR,11,K. SUJITH,Independent,6,39,Trailing,0,24511,S2211,https://results.eci.gov.in/ResultAcGenMay2026/ConstituencywiseS2211.htm,2026-05-04 15:30:21
DR.RADHAKRISHNAN NAGAR,11,R.TAMILARASAN,Independent,16,25,Trailing,0,24511,S2211,https://results.eci.gov.in/ResultAcGenMay2026/ConstituencywiseS2211.htm,2026-05-04 15:30:21
DR.RADHAKRISHNAN NAGAR,11,TAMILSELVAN,Independent,11,34,Trailing,0,24511,S2211,https://results.eci.gov.in/ResultAcGenMay2026/ConstituencywiseS2211.htm,2026-05-04 15:30:21
DR.RADHAKRISHNAN NAGAR,11,R.DEVAKUMAR,Independent,13,28,Trailing,0,24511,S2211,https://results.eci.gov.in/ResultAcGenMay2026/ConstituencywiseS2211.htm,2026-05-04 15:30:21
DR.RADHAKRISHNAN NAGAR,11,D.PRABHU,Independent,86,8,Trailing,0,24511,S2211,https://results.eci.gov.in/ResultAcGenMay2026/ConstituencywiseS2211.htm,2026-05-04 15:30:21
DR.RADHAKRISHNAN NAGAR,11,G. BOTHI RAJAN,Independent,20,21,Trailing,0,24511,S2211,https://results.eci.gov.in/ResultAcGenMay2026/ConstituencywiseS2211.htm,2026-05-04 15:30:21
DR.RADHAKRISHNAN NAGAR,11,MANIKANDAN.H,Independent,15,27,Trailing,0,24511,S2211,https://results.eci.gov.in/ResultAcGenMay2026/ConstituencywiseS2211.htm,2026-05-04 15:30:21
DR.RADHAKRISHNAN NAGAR,11,G. MADHAN KUMAR,Independent,9,37,Trailing,0,24511,S2211,https://results.eci.gov.in/ResultAcGenMay2026/ConstituencywiseS2211.htm,2026-05-04 15:30:21
DR.RADHAKRISHNAN NAGAR,11,V. MADHAN MOHAN,Independent,16,26,Trailing,0,24511,S2211,https://results.eci.gov.in/ResultAcGenMay2026/ConstituencywiseS2211.htm,2026-05-04 15:30:21
DR.RADHAKRISHNAN NAGAR,11,P. MARIMUTHU,Independent,11,35,Trailing,0,24511,S2211,https://results.eci.gov.in/ResultAcGenMay2026/ConstituencywiseS2211.htm,2026-05-04 15:30:21
DR.RADHAKRISHNAN NAGAR,11,R. MUTHU CHELLA BHARATHI,Independent,21,19,Trailing,0,24511,S2211,https://results.eci.gov.in/ResultAcGenMay2026/ConstituencywiseS2211.htm,2026-05-04 15:30:21
DR.RADHAKRISHNAN NAGAR,11,K. MURALI,Independent,44,12,Trailing,0,24511,S2211,https://results.eci.gov.in/ResultAcGenMay2026/ConstituencywiseS2211.htm,2026-05-04 15:30:21
DR.RADHAKRISHNAN NAGAR,11,J.MURALI KRISHNAN,Independent,19,23,Trailing,0,24511,S2211,https://results.eci.gov.in/ResultAcGenMay2026/ConstituencywiseS2211.htm,2026-05-04 15:30:21
DR.RADHAKRISHNAN NAGAR,11,C. RAJAMANICKAM,Independent,24,16,Trailing,0,24511,S2211,https://results.eci.gov.in/ResultAcGenMay2026/ConstituencywiseS2211.htm,2026-05-04 15:30:21
DR.RADHAKRISHNAN NAGAR,11,J.VIJAYAN,Independent,11,36,Trailing,0,24511,S2211,https://results.eci.gov.in/ResultAcGenMay2026/ConstituencywiseS2211.htm,2026-05-04 15:30:21
DR.RADHAKRISHNAN NAGAR,11,A.VIJAY,Independent,25,14,Trailing,0,24511,S2211,https://results.eci.gov.in/ResultAcGenMay2026/ConstituencywiseS2211.htm,2026-05-04 15:30:21
DR.RADHAKRISHNAN NAGAR,11,G. VIJAY,Independent,24,17,Trailing,0,24511,S2211,https://results.eci.gov.in/ResultAcGenMay2026/ConstituencywiseS2211.htm,2026-05-04 15:30:21
DR.RADHAKRISHNAN NAGAR,11,C.JANARTHANAN,Independent,25,15,Trailing,0,24511,S2211,https://results.eci.gov.in/ResultAcGenMay2026/ConstituencywiseS2211.htm,2026-05-04 15:30:21
DR.RADHAKRISHNAN NAGAR,11,D. JANARTHANAN,Independent,13,29,Trailing,0,24511,S2211,https://results.eci.gov.in/ResultAcGenMay2026/ConstituencywiseS2211.htm,2026-05-04 15:30:21
DR.RADHAKRISHNAN NAGAR,11,NOTA,None of the Above,251,5,Trailing,0,24511,S2211,https://results.eci.gov.in/ResultAcGenMay2026/ConstituencywiseS2211.htm,2026-05-04 15:30:21
EDAPPADI,86,KASI. C,Dravida Munnetra Kazhagam,35168,3,Trailing,0,42484,S2286,https://results.eci.gov.in/ResultAcGenMay2026/ConstituencywiseS2286.htm,2026-05-04 15:30:25
EDAPPADI,86,EDAPPADI PALANISWAMI. K,All India Anna Dravida Munnetra Kazhagam,120542,1,Leading / Top Candidate,78058,42484,S2286,https://results.eci.gov.in/ResultAcGenMay2026/ConstituencywiseS2286.htm,2026-05-04 15:30:25
EDAPPADI,86,PRIYADHARSHINI. A,Naam Tamilar Katchi,6945,4,Trailing,0,42484,S2286,https://results.eci.gov.in/ResultAcGenMay2026/ConstituencywiseS2286.htm,2026-05-04 15:30:25
EDAPPADI,86,GOVINDARAJ.V,Tamizhaga Vaazhvurimai Katchi,1388,5,Trailing,0,42484,S2286,https://results.eci.gov.in/ResultAcGenMay2026/ConstituencywiseS2286.htm,2026-05-04 15:30:25
EDAPPADI,86,SURESH. L,All India Puratchi Thalaivar Makkal Munnettra Kazhagam,352,9,Trailing,0,42484,S2286,https://results.eci.gov.in/ResultAcGenMay2026/ConstituencywiseS2286.htm,2026-05-04 15:30:25
EDAPPADI,86,ELUMALAI. P,Independent,190,12,Trailing,0,42484,S2286,https://results.eci.gov.in/ResultAcGenMay2026/ConstituencywiseS2286.htm,2026-05-04 15:30:25
EDAPPADI,86,IYYAPPAN PERUMAL. P,Independent,225,11,Trailing,0,42484,S2286,https://results.eci.gov.in/ResultAcGenMay2026/ConstituencywiseS2286.htm,2026-05-04 15:30:25
EDAPPADI,86,KUMARESAN. M,Independent,189,13,Trailing,0,42484,S2286,https://results.eci.gov.in/ResultAcGenMay2026/ConstituencywiseS2286.htm,2026-05-04 15:30:25
EDAPPADI,86,SAKTHIVEL. S,Independent,59,16,Trailing,0,42484,S2286,https://results.eci.gov.in/ResultAcGenMay2026/ConstituencywiseS2286.htm,2026-05-04 15:30:25
EDAPPADI,86,SUBRAMANI. P,Independent,76,15,Trailing,0,42484,S2286,https://results.eci.gov.in/ResultAcGenMay2026/ConstituencywiseS2286.htm,2026-05-04 15:30:25
EDAPPADI,86,THULASIMANI. P,Independent,355,8,Trailing,0,42484,S2286,https://results.eci.gov.in/ResultAcGenMay2026/ConstituencywiseS2286.htm,2026-05-04 15:30:25
EDAPPADI,86,PREMKUMAR. K,Independent,42484,2,Runner-up,0,42484,S2286,https://results.eci.gov.in/ResultAcGenMay2026/ConstituencywiseS2286.htm,2026-05-04 15:30:25
EDAPPADI,86,MURUGAN. C,Independent,129,14,Trailing,0,42484,S2286,https://results.eci.gov.in/ResultAcGenMay2026/ConstituencywiseS2286.htm,2026-05-04 15:30:25
EDAPPADI,86,STUDENT'S FRIEND MURUGAN. M,Independent,329,10,Trailing,0,42484,S2286,https://results.eci.gov.in/ResultAcGenMay2026/ConstituencywiseS2286.htm,2026-05-04 15:30:25
EDAPPADI,86,RAJA. K. B.SC. B.TECH. EX.INAS,Independent,586,7,Trailing,0,42484,S2286,https://results.eci.gov.in/ResultAcGenMay2026/ConstituencywiseS2286.htm,2026-05-04 15:30:25
EDAPPADI,86,NOTA,None of the Above,1047,6,Trailing,0,42484,S2286,https://results.eci.gov.in/ResultAcGenMay2026/ConstituencywiseS2286.htm,2026-05-04 15:30:25
EGMORE,16,ABISHEK. R,All India Anna Dravida Munnetra Kazhagam,15967,3,Trailing,0,33922,S2216,https://results.eci.gov.in/ResultAcGenMay2026/ConstituencywiseS2216.htm,2026-05-04 15:30:30
EGMORE,16,SARANYA IMRAN,Naam Tamilar Katchi,2091,4,Trailing,0,33922,S2216,https://results.eci.gov.in/ResultAcGenMay2026/ConstituencywiseS2216.htm,2026-05-04 15:30:30
EGMORE,16,TAMILAN PRASANNA,Dravida Munnetra Kazhagam,33922,2,Runner-up,0,33922,S2216,https://results.eci.gov.in/ResultAcGenMay2026/ConstituencywiseS2216.htm,2026-05-04 15:30:30
EGMORE,16,ARUN RAO. N.A,Naam Indiar Party,125,8,Trailing,0,33922,S2216,https://results.eci.gov.in/ResultAcGenMay2026/ConstituencywiseS2216.htm,2026-05-04 15:30:30
EGMORE,16,DR.N. GUNASEKAR,Republican Party of India (Athawale),184,6,Trailing,0,33922,S2216,https://results.eci.gov.in/ResultAcGenMay2026/ConstituencywiseS2216.htm,2026-05-04 15:30:30
EGMORE,16,D. THIRUNAVUKKARASAR,Tamizhaga Vaazhvurimai Katchi,101,10,Trailing,0,33922,S2216,https://results.eci.gov.in/ResultAcGenMay2026/ConstituencywiseS2216.htm,2026-05-04 15:30:30
EGMORE,16,T. MAGIZHANBAN,All India Puratchi Thalaivar Makkal Munnettra Kazhagam,82,11,Trailing,0,33922,S2216,https://results.eci.gov.in/ResultAcGenMay2026/ConstituencywiseS2216.htm,2026-05-04 15:30:30
EGMORE,16,G.R. RAJENDRAN,National Maha Sabha Party,144,7,Trailing,0,33922,S2216,https://results.eci.gov.in/ResultAcGenMay2026/ConstituencywiseS2216.htm,2026-05-04 15:30:30
EGMORE,16,RAJMOHAN,Tamilaga Vettri Kazhagam,46329,1,Leading / Top Candidate,12407,33922,S2216,https://results.eci.gov.in/ResultAcGenMay2026/ConstituencywiseS2216.htm,2026-05-04 15:30:30
EGMORE,16,ARAVINDAN,Independent,57,13,Trailing,0,33922,S2216,https://results.eci.gov.in/ResultAcGenMay2026/ConstituencywiseS2216.htm,2026-05-04 15:30:30
EGMORE,16,R. KUMARAVEL,Independent,38,18,Trailing,0,33922,S2216,https://results.eci.gov.in/ResultAcGenMay2026/ConstituencywiseS2216.htm,2026-05-04 15:30:30
EGMORE,16,M. NAGARAJAN,Independent,49,15,Trailing,0,33922,S2216,https://results.eci.gov.in/ResultAcGenMay2026/ConstituencywiseS2216.htm,2026-05-04 15:30:30
EGMORE,16,S. PICHAMUTHU,Independent,45,16,Trailing,0,33922,S2216,https://results.eci.gov.in/ResultAcGenMay2026/ConstituencywiseS2216.htm,2026-05-04 15:30:30
EGMORE,16,RAJKUMAR,Independent,39,17,Trailing,0,33922,S2216,https://results.eci.gov.in/ResultAcGenMay2026/ConstituencywiseS2216.htm,2026-05-04 15:30:30
EGMORE,16,RAJMOHAN,Independent,81,12,Trailing,0,33922,S2216,https://results.eci.gov.in/ResultAcGenMay2026/ConstituencywiseS2216.htm,2026-05-04 15:30:30
EGMORE,16,S. VINOTH KUMAR,Independent,125,9,Trailing,0,33922,S2216,https://results.eci.gov.in/ResultAcGenMay2026/ConstituencywiseS2216.htm,2026-05-04 15:30:30
EGMORE,16,VENKATESH. K,Independent,53,14,Trailing,0,33922,S2216,https://results.eci.gov.in/ResultAcGenMay2026/ConstituencywiseS2216.htm,2026-05-04 15:30:30
EGMORE,16,SRIDHAR. M,Independent,23,19,Trailing,0,33922,S2216,https://results.eci.gov.in/ResultAcGenMay2026/ConstituencywiseS2216.htm,2026-05-04 15:30:30
EGMORE,16,NOTA,None of the Above,604,5,Trailing,0,33922,S2216,https://results.eci.gov.in/ResultAcGenMay2026/ConstituencywiseS2216.htm,2026-05-04 15:30:30
ERODE (EAST),98,GOPINATH PALANIYAPPAN,Indian National Congress,39130,2,Runner-up,0,39130,S2298,https://results.eci.gov.in/ResultAcGenMay2026/ConstituencywiseS2298.htm,2026-05-04 15:30:34
ERODE (EAST),98,B.CHITRA,Bahujan Samaj Party,222,8,Trailing,0,39130,S2298,https://results.eci.gov.in/ResultAcGenMay2026/ConstituencywiseS2298.htm,2026-05-04 15:30:34
ERODE (EAST),98,S.THANDAVAMOORTHY,Naam Tamilar Katchi,4321,4,Trailing,0,39130,S2298,https://results.eci.gov.in/ResultAcGenMay2026/ConstituencywiseS2298.htm,2026-05-04 15:30:34
ERODE (EAST),98,R.MANOHARAN,All India Anna Dravida Munnetra Kazhagam,32972,3,Trailing,0,39130,S2298,https://results.eci.gov.in/ResultAcGenMay2026/ConstituencywiseS2298.htm,2026-05-04 15:30:34
ERODE (EAST),98,M.KAMAL KUMAR,Vishwa Tamil Kazhagam,204,9,Trailing,0,39130,S2298,https://results.eci.gov.in/ResultAcGenMay2026/ConstituencywiseS2298.htm,2026-05-04 15:30:34
ERODE (EAST),98,R.DHANDAPANI,Veerath Thiyagi Viswanathadoss Thozhilalarkal Katchi,68,16,Trailing,0,39130,S2298,https://results.eci.gov.in/ResultAcGenMay2026/ConstituencywiseS2298.htm,2026-05-04 15:30:34
ERODE (EAST),98,K.DHAVASIAPPAN,Tamilaga Makkal Nala Katchi,67,17,Trailing,0,39130,S2298,https://results.eci.gov.in/ResultAcGenMay2026/ConstituencywiseS2298.htm,2026-05-04 15:30:34
ERODE (EAST),98,A.MANIKANDAN,Tamizhaga Vaazhvurimai Katchi,80,14,Trailing,0,39130,S2298,https://results.eci.gov.in/ResultAcGenMay2026/ConstituencywiseS2298.htm,2026-05-04 15:30:34
ERODE (EAST),98,K.MANIKANNAN,Samaniya Makkal Nala Katchi,148,11,Trailing,0,39130,S2298,https://results.eci.gov.in/ResultAcGenMay2026/ConstituencywiseS2298.htm,2026-05-04 15:30:34
ERODE (EAST),98,M.VIJAY BALAJI,Tamilaga Vettri Kazhagam,60574,1,Leading / Top Candidate,21444,39130,S2298,https://results.eci.gov.in/ResultAcGenMay2026/ConstituencywiseS2298.htm,2026-05-04 15:30:34
ERODE (EAST),98,M.V.KARTHY,Independent,57,19,Trailing,0,39130,S2298,https://results.eci.gov.in/ResultAcGenMay2026/ConstituencywiseS2298.htm,2026-05-04 15:30:34
ERODE (EAST),98,SHANMUGAM.P,Independent,50,20,Trailing,0,39130,S2298,https://results.eci.gov.in/ResultAcGenMay2026/ConstituencywiseS2298.htm,2026-05-04 15:30:34
ERODE (EAST),98,M.DHARANI KUMAR,Independent,80,15,Trailing,0,39130,S2298,https://results.eci.gov.in/ResultAcGenMay2026/ConstituencywiseS2298.htm,2026-05-04 15:30:34
ERODE (EAST),98,C.THIYAGARAJAN,Independent,114,13,Trailing,0,39130,S2298,https://results.eci.gov.in/ResultAcGenMay2026/ConstituencywiseS2298.htm,2026-05-04 15:30:34
ERODE (EAST),98,NATHIYA.S,Independent,115,12,Trailing,0,39130,S2298,https://results.eci.gov.in/ResultAcGenMay2026/ConstituencywiseS2298.htm,2026-05-04 15:30:34
ERODE (EAST),98,H.MOHAMED GAIPEER,Independent,288,7,Trailing,0,39130,S2298,https://results.eci.gov.in/ResultAcGenMay2026/ConstituencywiseS2298.htm,2026-05-04 15:30:34
ERODE (EAST),98,J.MUTHU BAVA,Independent,794,5,Trailing,0,39130,S2298,https://results.eci.gov.in/ResultAcGenMay2026/ConstituencywiseS2298.htm,2026-05-04 15:30:34
ERODE (EAST),98,M.MURUGESAN,Independent,43,21,Trailing,0,39130,S2298,https://results.eci.gov.in/ResultAcGenMay2026/ConstituencywiseS2298.htm,2026-05-04 15:30:34
ERODE (EAST),98,S.LAKSHMANATHAN,Independent,61,18,Trailing,0,39130,S2298,https://results.eci.gov.in/ResultAcGenMay2026/ConstituencywiseS2298.htm,2026-05-04 15:30:34
ERODE (EAST),98,R.VAIRAM,Independent,169,10,Trailing,0,39130,S2298,https://results.eci.gov.in/ResultAcGenMay2026/ConstituencywiseS2298.htm,2026-05-04 15:30:34
ERODE (EAST),98,NOTA,None of the Above,751,6,Trailing,0,39130,S2298,https://results.eci.gov.in/ResultAcGenMay2026/ConstituencywiseS2298.htm,2026-05-04 15:30:34
ERODE (WEST),99,V . PALANI,Bahujan Samaj Party,287,6,Trailing,0,40095,S2299,https://results.eci.gov.in/ResultAcGenMay2026/ConstituencywiseS2299.htm,2026-05-04 15:30:39
ERODE (WEST),99,S. MUTHUSAMY,Dravida Munnetra Kazhagam,40095,2,Runner-up,0,40095,S2299,https://results.eci.gov.in/ResultAcGenMay2026/ConstituencywiseS2299.htm,2026-05-04 15:30:39
ERODE (WEST),99,M. YUVARAJA,Bharatiya Janata Party,22317,3,Trailing,0,40095,S2299,https://results.eci.gov.in/ResultAcGenMay2026/ConstituencywiseS2299.htm,2026-05-04 15:30:39
ERODE (WEST),99,N. VIJAY,Naam Tamilar Katchi,4565,4,Trailing,0,40095,S2299,https://results.eci.gov.in/ResultAcGenMay2026/ConstituencywiseS2299.htm,2026-05-04 15:30:39
ERODE (WEST),99,ANANTH MOGHAN K.K.,Tamilaga Vettri Kazhagam,56127,1,Leading / Top Candidate,16032,40095,S2299,https://results.eci.gov.in/ResultAcGenMay2026/ConstituencywiseS2299.htm,2026-05-04 15:30:39
ERODE (WEST),99,K. KALAIYARASAN,Party for the Rights of Other backward Classes,251,7,Trailing,0,40095,S2299,https://results.eci.gov.in/ResultAcGenMay2026/ConstituencywiseS2299.htm,2026-05-04 15:30:39
ERODE (WEST),99,V. DHANALAKSHMI,Tamizhaga Vaazhvurimai Katchi,95,13,Trailing,0,40095,S2299,https://results.eci.gov.in/ResultAcGenMay2026/ConstituencywiseS2299.htm,2026-05-04 15:30:39
ERODE (WEST),99,M. NATARAJ,Vishwa Tamil Kazhagam,122,12,Trailing,0,40095,S2299,https://results.eci.gov.in/ResultAcGenMay2026/ConstituencywiseS2299.htm,2026-05-04 15:30:39
ERODE (WEST),99,M. RUKMANI,Samaniya Makkal Nala Katchi,73,14,Trailing,0,40095,S2299,https://results.eci.gov.in/ResultAcGenMay2026/ConstituencywiseS2299.htm,2026-05-04 15:30:39
ERODE (WEST),99,SHANMUGAM M.,Independent,138,9,Trailing,0,40095,S2299,https://results.eci.gov.in/ResultAcGenMay2026/ConstituencywiseS2299.htm,2026-05-04 15:30:39
ERODE (WEST),99,MOORTHI P.,Independent,125,11,Trailing,0,40095,S2299,https://results.eci.gov.in/ResultAcGenMay2026/ConstituencywiseS2299.htm,2026-05-04 15:30:39
ERODE (WEST),99,A. RAMU,Independent,137,10,Trailing,0,40095,S2299,https://results.eci.gov.in/ResultAcGenMay2026/ConstituencywiseS2299.htm,2026-05-04 15:30:39
ERODE (WEST),99,C. RAJENDRAN,Independent,209,8,Trailing,0,40095,S2299,https://results.eci.gov.in/ResultAcGenMay2026/ConstituencywiseS2299.htm,2026-05-04 15:30:39
ERODE (WEST),99,NOTA,None of the Above,702,5,Trailing,0,40095,S2299,https://results.eci.gov.in/ResultAcGenMay2026/ConstituencywiseS2299.htm,2026-05-04 15:30:39
GANDHARVAKOTTAI,178,C. UTHAYAKUMAR,Bharatiya Janata Party,24575,2,Runner-up,0,24575,S22178,https://results.eci.gov.in/ResultAcGenMay2026/ConstituencywiseS22178.htm,2026-05-04 15:30:43
GANDHARVAKOTTAI,178,M. CHINNADURAI,Communist Party of India (Marxist),22926,3,Trailing,0,24575,S22178,https://results.eci.gov.in/ResultAcGenMay2026/ConstituencywiseS22178.htm,2026-05-04 15:30:43
GANDHARVAKOTTAI,178,NATHIYA,Naam Tamilar Katchi,5507,4,Trailing,0,24575,S22178,https://results.eci.gov.in/ResultAcGenMay2026/ConstituencywiseS22178.htm,2026-05-04 15:30:43
GANDHARVAKOTTAI,178,N. SUBRAMANIAN,Tamilaga Vettri Kazhagam,30155,1,Leading / Top Candidate,5580,24575,S22178,https://results.eci.gov.in/ResultAcGenMay2026/ConstituencywiseS22178.htm,2026-05-04 15:30:43
GANDHARVAKOTTAI,178,DHANARASU,Namadhu Makkal Katchi,208,8,Trailing,0,24575,S22178,https://results.eci.gov.in/ResultAcGenMay2026/ConstituencywiseS22178.htm,2026-05-04 15:30:43
GANDHARVAKOTTAI,178,ARUNKUMAR . S,Independent,193,10,Trailing,0,24575,S22178,https://results.eci.gov.in/ResultAcGenMay2026/ConstituencywiseS22178.htm,2026-05-04 15:30:43
GANDHARVAKOTTAI,178,SASIKUMAR P,Independent,149,11,Trailing,0,24575,S22178,https://results.eci.gov.in/ResultAcGenMay2026/ConstituencywiseS22178.htm,2026-05-04 15:30:43
GANDHARVAKOTTAI,178,SENTHILKUMAR N,Independent,289,7,Trailing,0,24575,S22178,https://results.eci.gov.in/ResultAcGenMay2026/ConstituencywiseS22178.htm,2026-05-04 15:30:43
GANDHARVAKOTTAI,178,T. MURUGESAN,Independent,207,9,Trailing,0,24575,S22178,https://results.eci.gov.in/ResultAcGenMay2026/ConstituencywiseS22178.htm,2026-05-04 15:30:43
GANDHARVAKOTTAI,178,M. LAKSHMANAN,Independent,310,6,Trailing,0,24575,S22178,https://results.eci.gov.in/ResultAcGenMay2026/ConstituencywiseS22178.htm,2026-05-04 15:30:43
GANDHARVAKOTTAI,178,NOTA,None of the Above,551,5,Trailing,0,24575,S22178,https://results.eci.gov.in/ResultAcGenMay2026/ConstituencywiseS22178.htm,2026-05-04 15:30:43
GANGAVALLI,81,ABIRAMI. A,Naam Tamilar Katchi,3633,4,Trailing,0,32187,S2281,https://results.eci.gov.in/ResultAcGenMay2026/ConstituencywiseS2281.htm,2026-05-04 15:30:47
GANGAVALLI,81,CHINNADURAI. K,Dravida Munnetra Kazhagam,32187,2,Runner-up,0,32187,S2281,https://results.eci.gov.in/ResultAcGenMay2026/ConstituencywiseS2281.htm,2026-05-04 15:30:47
GANGAVALLI,81,NALLATHAMBI. A,All India Anna Dravida Munnetra Kazhagam,45744,1,Leading / Top Candidate,13557,32187,S2281,https://results.eci.gov.in/ResultAcGenMay2026/ConstituencywiseS2281.htm,2026-05-04 15:30:47
GANGAVALLI,81,BALAKRISHNAN. P,Bahujan Samaj Party,295,6,Trailing,0,32187,S2281,https://results.eci.gov.in/ResultAcGenMay2026/ConstituencywiseS2281.htm,2026-05-04 15:30:47
GANGAVALLI,81,ANBAZHAGAN. S,Anna Makkal Katchi,75,13,Trailing,0,32187,S2281,https://results.eci.gov.in/ResultAcGenMay2026/ConstituencywiseS2281.htm,2026-05-04 15:30:47
GANGAVALLI,81,KAVIARASAN. T.T,Tamizhaga Vaazhvurimai Katchi,120,9,Trailing,0,32187,S2281,https://results.eci.gov.in/ResultAcGenMay2026/ConstituencywiseS2281.htm,2026-05-04 15:30:47
GANGAVALLI,81,SUJATHA. V,Tamilaga Vettri Kazhagam,31512,3,Trailing,0,32187,S2281,https://results.eci.gov.in/ResultAcGenMay2026/ConstituencywiseS2281.htm,2026-05-04 15:30:47
GANGAVALLI,81,MARIMUTHU. S,Puthiya Tamilagam,113,11,Trailing,0,32187,S2281,https://results.eci.gov.in/ResultAcGenMay2026/ConstituencywiseS2281.htm,2026-05-04 15:30:47
GANGAVALLI,81,KANNAN. S,Independent,117,10,Trailing,0,32187,S2281,https://results.eci.gov.in/ResultAcGenMay2026/ConstituencywiseS2281.htm,2026-05-04 15:30:47
GANGAVALLI,81,GUNAPRAKASH. D,Independent,58,14,Trailing,0,32187,S2281,https://results.eci.gov.in/ResultAcGenMay2026/ConstituencywiseS2281.htm,2026-05-04 15:30:47
GANGAVALLI,81,TAMILARASAN. T,Independent,110,12,Trailing,0,32187,S2281,https://results.eci.gov.in/ResultAcGenMay2026/ConstituencywiseS2281.htm,2026-05-04 15:30:47
GANGAVALLI,81,DHANAPAL. S,Independent,241,7,Trailing,0,32187,S2281,https://results.eci.gov.in/ResultAcGenMay2026/ConstituencywiseS2281.htm,2026-05-04 15:30:47
GANGAVALLI,81,RAMESH. S,Independent,202,8,Trailing,0,32187,S2281,https://results.eci.gov.in/ResultAcGenMay2026/ConstituencywiseS2281.htm,2026-05-04 15:30:47
GANGAVALLI,81,NOTA,None of the Above,415,5,Trailing,0,32187,S2281,https://results.eci.gov.in/ResultAcGenMay2026/ConstituencywiseS2281.htm,2026-05-04 15:30:47
GINGEE,70,ADVOCATE KRISHNAN E,Naam Tamilar Katchi,2644,4,Trailing,0,22216,S2270,https://results.eci.gov.in/ResultAcGenMay2026/ConstituencywiseS2270.htm,2026-05-04 15:30:52
GINGEE,70,GINGEE MASTHAN K S,Dravida Munnetra Kazhagam,22216,2,Runner-up,0,22216,S2270,https://results.eci.gov.in/ResultAcGenMay2026/ConstituencywiseS2270.htm,2026-05-04 15:30:52
GINGEE,70,RANGARAJAN E,Bahujan Samaj Party,148,10,Trailing,0,22216,S2270,https://results.eci.gov.in/ResultAcGenMay2026/ConstituencywiseS2270.htm,2026-05-04 15:30:52
GINGEE,70,RASANAYAGAM N,Tamizhaga Vaazhvurimai Katchi,132,12,Trailing,0,22216,S2270,https://results.eci.gov.in/ResultAcGenMay2026/ConstituencywiseS2270.htm,2026-05-04 15:30:52
GINGEE,70,GANESHKUMAR A,Pattali Makkal Katchi,27803,1,Leading / Top Candidate,5587,22216,S2270,https://results.eci.gov.in/ResultAcGenMay2026/ConstituencywiseS2270.htm,2026-05-04 15:30:52
GINGEE,70,SAKTHIVEL A,Thakkam Katchi,150,9,Trailing,0,22216,S2270,https://results.eci.gov.in/ResultAcGenMay2026/ConstituencywiseS2270.htm,2026-05-04 15:30:52
GINGEE,70,CHANDRASEKARAN B,Tamilaga Vettri Kazhagam,21703,3,Trailing,0,22216,S2270,https://results.eci.gov.in/ResultAcGenMay2026/ConstituencywiseS2270.htm,2026-05-04 15:30:52
GINGEE,70,THANIGAIMALAI R,Anti Corruption Dynamic Party,77,14,Trailing,0,22216,S2270,https://results.eci.gov.in/ResultAcGenMay2026/ConstituencywiseS2270.htm,2026-05-04 15:30:52
GINGEE,70,PERUMAL N,Aanaithinthiya Jananayaka Pathukappu Kazhagam,65,15,Trailing,0,22216,S2270,https://results.eci.gov.in/ResultAcGenMay2026/ConstituencywiseS2270.htm,2026-05-04 15:30:52
GINGEE,70,MOHAMMAD SIDDIQ M H,Veerath Thiyagi Viswanathadoss Thozhilalarkal Katchi,35,19,Trailing,0,22216,S2270,https://results.eci.gov.in/ResultAcGenMay2026/ConstituencywiseS2270.htm,2026-05-04 15:30:52
GINGEE,70,GOKULRAJ S,Independent,39,18,Trailing,0,22216,S2270,https://results.eci.gov.in/ResultAcGenMay2026/ConstituencywiseS2270.htm,2026-05-04 15:30:52
GINGEE,70,DEVENDIRAN M,Independent,108,13,Trailing,0,22216,S2270,https://results.eci.gov.in/ResultAcGenMay2026/ConstituencywiseS2270.htm,2026-05-04 15:30:52
GINGEE,70,BANUKUMAR R,Independent,32,20,Trailing,0,22216,S2270,https://results.eci.gov.in/ResultAcGenMay2026/ConstituencywiseS2270.htm,2026-05-04 15:30:52
GINGEE,70,PRABAKARAN M,Independent,176,7,Trailing,0,22216,S2270,https://results.eci.gov.in/ResultAcGenMay2026/ConstituencywiseS2270.htm,2026-05-04 15:30:52
GINGEE,70,POYYATHAPPAN K,Independent,147,11,Trailing,0,22216,S2270,https://results.eci.gov.in/ResultAcGenMay2026/ConstituencywiseS2270.htm,2026-05-04 15:30:52
GINGEE,70,MUNUSAMY A,Independent,155,8,Trailing,0,22216,S2270,https://results.eci.gov.in/ResultAcGenMay2026/ConstituencywiseS2270.htm,2026-05-04 15:30:52
GINGEE,70,MOHAN A,Independent,50,16,Trailing,0,22216,S2270,https://results.eci.gov.in/ResultAcGenMay2026/ConstituencywiseS2270.htm,2026-05-04 15:30:52
GINGEE,70,RAMESH R,Independent,184,5,Trailing,0,22216,S2270,https://results.eci.gov.in/ResultAcGenMay2026/ConstituencywiseS2270.htm,2026-05-04 15:30:52
GINGEE,70,SRIDHAR G,Independent,50,17,Trailing,0,22216,S2270,https://results.eci.gov.in/ResultAcGenMay2026/ConstituencywiseS2270.htm,2026-05-04 15:30:52
GINGEE,70,NOTA,None of the Above,182,6,Trailing,0,22216,S2270,https://results.eci.gov.in/ResultAcGenMay2026/ConstituencywiseS2270.htm,2026-05-04 15:30:52
GOBICHETTIPALAYAM,106,SEETHALAKSHMI.M.K,Naam Tamilar Katchi,6307,4,Trailing,0,52135,S22106,https://results.eci.gov.in/ResultAcGenMay2026/ConstituencywiseS22106.htm,2026-05-04 15:30:56
GOBICHETTIPALAYAM,106,NALLASIVAM.N,Dravida Munnetra Kazhagam,52135,2,Runner-up,0,52135,S22106,https://results.eci.gov.in/ResultAcGenMay2026/ConstituencywiseS22106.htm,2026-05-04 15:30:56
GOBICHETTIPALAYAM,106,PRABHU.V.B,All India Anna Dravida Munnetra Kazhagam,45215,3,Trailing,0,52135,S22106,https://results.eci.gov.in/ResultAcGenMay2026/ConstituencywiseS22106.htm,2026-05-04 15:30:56
GOBICHETTIPALAYAM,106,RAVIKUMAR.R,Bahujan Samaj Party,613,7,Trailing,0,52135,S22106,https://results.eci.gov.in/ResultAcGenMay2026/ConstituencywiseS22106.htm,2026-05-04 15:30:56
GOBICHETTIPALAYAM,106,SENGOTTAIYAN.K.A,Tamilaga Vettri Kazhagam,67751,1,Leading / Top Candidate,15616,52135,S22106,https://results.eci.gov.in/ResultAcGenMay2026/ConstituencywiseS22106.htm,2026-05-04 15:30:56
GOBICHETTIPALAYAM,106,THIRUVENGATESH.M,Tamizhaga Vaazhvurimai Katchi,1220,5,Trailing,0,52135,S22106,https://results.eci.gov.in/ResultAcGenMay2026/ConstituencywiseS22106.htm,2026-05-04 15:30:56
GOBICHETTIPALAYAM,106,MALARVIZHI,Party for the Rights of Other backward Classes,167,14,Trailing,0,52135,S22106,https://results.eci.gov.in/ResultAcGenMay2026/ConstituencywiseS22106.htm,2026-05-04 15:30:56
GOBICHETTIPALAYAM,106,ANANDHAKUMAR.M,Independent,133,15,Trailing,0,52135,S22106,https://results.eci.gov.in/ResultAcGenMay2026/ConstituencywiseS22106.htm,2026-05-04 15:30:56
GOBICHETTIPALAYAM,106,SAKTHIVEL.G,Independent,101,18,Trailing,0,52135,S22106,https://results.eci.gov.in/ResultAcGenMay2026/ConstituencywiseS22106.htm,2026-05-04 15:30:56
GOBICHETTIPALAYAM,106,SHANMUGAM.G,Independent,81,19,Trailing,0,52135,S22106,https://results.eci.gov.in/ResultAcGenMay2026/ConstituencywiseS22106.htm,2026-05-04 15:30:56
GOBICHETTIPALAYAM,106,SEETHA.R,Independent,110,17,Trailing,0,52135,S22106,https://results.eci.gov.in/ResultAcGenMay2026/ConstituencywiseS22106.htm,2026-05-04 15:30:56
GOBICHETTIPALAYAM,106,SUMATHI.G,Independent,282,12,Trailing,0,52135,S22106,https://results.eci.gov.in/ResultAcGenMay2026/ConstituencywiseS22106.htm,2026-05-04 15:30:56
GOBICHETTIPALAYAM,106,SELVAKUMAR.R,Independent,230,13,Trailing,0,52135,S22106,https://results.eci.gov.in/ResultAcGenMay2026/ConstituencywiseS22106.htm,2026-05-04 15:30:56
GOBICHETTIPALAYAM,106,DHANAPAL.K,Independent,288,11,Trailing,0,52135,S22106,https://results.eci.gov.in/ResultAcGenMay2026/ConstituencywiseS22106.htm,2026-05-04 15:30:56
GOBICHETTIPALAYAM,106,PALANISAMYRAAJ.M,Independent,409,8,Trailing,0,52135,S22106,https://results.eci.gov.in/ResultAcGenMay2026/ConstituencywiseS22106.htm,2026-05-04 15:30:56
GOBICHETTIPALAYAM,106,BHUVANESHWARI.A,Independent,388,9,Trailing,0,52135,S22106,https://results.eci.gov.in/ResultAcGenMay2026/ConstituencywiseS22106.htm,2026-05-04 15:30:56
GOBICHETTIPALAYAM,106,RAMESH.P,Independent,114,16,Trailing,0,52135,S22106,https://results.eci.gov.in/ResultAcGenMay2026/ConstituencywiseS22106.htm,2026-05-04 15:30:56
GOBICHETTIPALAYAM,106,VENKATACHALAM,Independent,383,10,Trailing,0,52135,S22106,https://results.eci.gov.in/ResultAcGenMay2026/ConstituencywiseS22106.htm,2026-05-04 15:30:56
GOBICHETTIPALAYAM,106,NOTA,None of the Above,724,6,Trailing,0,52135,S22106,https://results.eci.gov.in/ResultAcGenMay2026/ConstituencywiseS22106.htm,2026-05-04 15:30:56
GUDALUR,109,KARTHIK.R,Naam Tamilar Katchi,6199,4,Trailing,0,42757,S22109,https://results.eci.gov.in/ResultAcGenMay2026/ConstituencywiseS22109.htm,2026-05-04 15:31:00
GUDALUR,109,DHRAVIDAMANI.M,Dravida Munnetra Kazhagam,65590,1,Leading / Top Candidate,22833,42757,S22109,https://results.eci.gov.in/ResultAcGenMay2026/ConstituencywiseS22109.htm,2026-05-04 15:31:00
GUDALUR,109,PON.JAYASEELAN,All India Anna Dravida Munnetra Kazhagam,42757,2,Runner-up,0,42757,S22109,https://results.eci.gov.in/ResultAcGenMay2026/ConstituencywiseS22109.htm,2026-05-04 15:31:00
GUDALUR,109,DEEPAK SAI KISHORE.A,Tamilaga Vettri Kazhagam,34962,3,Trailing,0,42757,S22109,https://results.eci.gov.in/ResultAcGenMay2026/ConstituencywiseS22109.htm,2026-05-04 15:31:00
GUDALUR,109,RAJ.S.K,Veerath Thiyagi Viswanathadoss Thozhilalarkal Katchi,419,7,Trailing,0,42757,S22109,https://results.eci.gov.in/ResultAcGenMay2026/ConstituencywiseS22109.htm,2026-05-04 15:31:00
GUDALUR,109,THILAGARAJ.N,Independent,443,6,Trailing,0,42757,S22109,https://results.eci.gov.in/ResultAcGenMay2026/ConstituencywiseS22109.htm,2026-05-04 15:31:00
GUDALUR,109,NOTA,None of the Above,871,5,Trailing,0,42757,S22109,https://results.eci.gov.in/ResultAcGenMay2026/ConstituencywiseS22109.htm,2026-05-04 15:31:00
GUDIYATTAM,46,J.EMALAN,Naam Tamilar Katchi,3225,4,Trailing,0,46944,S2246,https://results.eci.gov.in/ResultAcGenMay2026/ConstituencywiseS2246.htm,2026-05-04 15:31:05
GUDIYATTAM,46,PARITHA PURUSHOTHAMAN.G,All India Anna Dravida Munnetra Kazhagam,37060,3,Trailing,0,46944,S2246,https://results.eci.gov.in/ResultAcGenMay2026/ConstituencywiseS2246.htm,2026-05-04 15:31:05
GUDIYATTAM,46,K.B.PRADAP,Desiya Murpokku Dravida Kazhagam,47864,1,Leading / Top Candidate,920,46944,S2246,https://results.eci.gov.in/ResultAcGenMay2026/ConstituencywiseS2246.htm,2026-05-04 15:31:05
GUDIYATTAM,46,T.POOVARASAN,Bahujan Samaj Party,436,6,Trailing,0,46944,S2246,https://results.eci.gov.in/ResultAcGenMay2026/ConstituencywiseS2246.htm,2026-05-04 15:31:05
GUDIYATTAM,46,K.ASHA,Puthiya Tamilagam,247,8,Trailing,0,46944,S2246,https://results.eci.gov.in/ResultAcGenMay2026/ConstituencywiseS2246.htm,2026-05-04 15:31:05
GUDIYATTAM,46,K.SINDU,Tamilaga Vettri Kazhagam,46944,2,Runner-up,0,46944,S2246,https://results.eci.gov.in/ResultAcGenMay2026/ConstituencywiseS2246.htm,2026-05-04 15:31:05
GUDIYATTAM,46,K.THABITHAL,All India Puratchi Thalaivar Makkal Munnettra Kazhagam,200,10,Trailing,0,46944,S2246,https://results.eci.gov.in/ResultAcGenMay2026/ConstituencywiseS2246.htm,2026-05-04 15:31:05
GUDIYATTAM,46,SUBAKARAN.A,Independent,300,7,Trailing,0,46944,S2246,https://results.eci.gov.in/ResultAcGenMay2026/ConstituencywiseS2246.htm,2026-05-04 15:31:05
GUDIYATTAM,46,M.SUMATHI,Independent,84,12,Trailing,0,46944,S2246,https://results.eci.gov.in/ResultAcGenMay2026/ConstituencywiseS2246.htm,2026-05-04 15:31:05
GUDIYATTAM,46,BHARATH MATHIRUBAN,Independent,215,9,Trailing,0,46944,S2246,https://results.eci.gov.in/ResultAcGenMay2026/ConstituencywiseS2246.htm,2026-05-04 15:31:05
GUDIYATTAM,46,A.RAJESH,Independent,121,11,Trailing,0,46944,S2246,https://results.eci.gov.in/ResultAcGenMay2026/ConstituencywiseS2246.htm,2026-05-04 15:31:05
GUDIYATTAM,46,NOTA,None of the Above,504,5,Trailing,0,46944,S2246,https://results.eci.gov.in/ResultAcGenMay2026/ConstituencywiseS2246.htm,2026-05-04 15:31:05
GUMMIDIPOONDI,1,T.J.GOVINDARAJAN,Dravida Munnetra Kazhagam,30996,3,Trailing,0,34055,S221,https://results.eci.gov.in/ResultAcGenMay2026/ConstituencywiseS221.htm,2026-05-04 15:31:09
GUMMIDIPOONDI,1,SUDHAKAR.V,All India Anna Dravida Munnetra Kazhagam,34055,2,Runner-up,0,34055,S221,https://results.eci.gov.in/ResultAcGenMay2026/ConstituencywiseS221.htm,2026-05-04 15:31:09
GUMMIDIPOONDI,1,M.JAGADEESAN,Bahujan Samaj Party,414,7,Trailing,0,34055,S221,https://results.eci.gov.in/ResultAcGenMay2026/ConstituencywiseS221.htm,2026-05-04 15:31:09
GUMMIDIPOONDI,1,"R.SRIDAR. B.L.,",Naam Tamilar Katchi,2765,4,Trailing,0,34055,S221,https://results.eci.gov.in/ResultAcGenMay2026/ConstituencywiseS221.htm,2026-05-04 15:31:09
GUMMIDIPOONDI,1,SDK SANKAR,Aanaithinthiya Jananayaka Pathukappu Kazhagam,451,5,Trailing,0,34055,S221,https://results.eci.gov.in/ResultAcGenMay2026/ConstituencywiseS221.htm,2026-05-04 15:31:09
GUMMIDIPOONDI,1,K. CHANDRA SEKAR,Veerath Thiyagi Viswanathadoss Thozhilalarkal Katchi,161,10,Trailing,0,34055,S221,https://results.eci.gov.in/ResultAcGenMay2026/ConstituencywiseS221.htm,2026-05-04 15:31:09
GUMMIDIPOONDI,1,S.VIJAYAKUMAR,Tamilaga Vettri Kazhagam,49604,1,Leading / Top Candidate,15549,34055,S221,https://results.eci.gov.in/ResultAcGenMay2026/ConstituencywiseS221.htm,2026-05-04 15:31:09
GUMMIDIPOONDI,1,M.KUMARAN,Independent,153,11,Trailing,0,34055,S221,https://results.eci.gov.in/ResultAcGenMay2026/ConstituencywiseS221.htm,2026-05-04 15:31:09
GUMMIDIPOONDI,1,GOPAL.K,Independent,105,14,Trailing,0,34055,S221,https://results.eci.gov.in/ResultAcGenMay2026/ConstituencywiseS221.htm,2026-05-04 15:31:09
GUMMIDIPOONDI,1,T.GOVINDAN,Independent,114,12,Trailing,0,34055,S221,https://results.eci.gov.in/ResultAcGenMay2026/ConstituencywiseS221.htm,2026-05-04 15:31:09
GUMMIDIPOONDI,1,A.H. SIVA GANESH,Independent,52,16,Trailing,0,34055,S221,https://results.eci.gov.in/ResultAcGenMay2026/ConstituencywiseS221.htm,2026-05-04 15:31:09
GUMMIDIPOONDI,1,D.SUDHAKAR,Independent,179,9,Trailing,0,34055,S221,https://results.eci.gov.in/ResultAcGenMay2026/ConstituencywiseS221.htm,2026-05-04 15:31:09
GUMMIDIPOONDI,1,V.SUDHAKAR,Independent,108,13,Trailing,0,34055,S221,https://results.eci.gov.in/ResultAcGenMay2026/ConstituencywiseS221.htm,2026-05-04 15:31:09
GUMMIDIPOONDI,1,D.DINESH,Independent,104,15,Trailing,0,34055,S221,https://results.eci.gov.in/ResultAcGenMay2026/ConstituencywiseS221.htm,2026-05-04 15:31:09
GUMMIDIPOONDI,1,G.RANJITH B.SC.L.L.B,Independent,239,8,Trailing,0,34055,S221,https://results.eci.gov.in/ResultAcGenMay2026/ConstituencywiseS221.htm,2026-05-04 15:31:09
GUMMIDIPOONDI,1,NOTA,None of the Above,435,6,Trailing,0,34055,S221,https://results.eci.gov.in/ResultAcGenMay2026/ConstituencywiseS221.htm,2026-05-04 15:31:09
HARBOUR,18,M SURESH,Bahujan Samaj Party,167,7,Trailing,0,25228,S2218,https://results.eci.gov.in/ResultAcGenMay2026/ConstituencywiseS2218.htm,2026-05-04 15:31:13
HARBOUR,18,P K SEKARBABU,Dravida Munnetra Kazhagam,34988,1,Leading / Top Candidate,9760,25228,S2218,https://results.eci.gov.in/ResultAcGenMay2026/ConstituencywiseS2218.htm,2026-05-04 15:31:13
HARBOUR,18,R FOUZAN SHARIFF,Naam Tamilar Katchi,1267,4,Trailing,0,25228,S2218,https://results.eci.gov.in/ResultAcGenMay2026/ConstituencywiseS2218.htm,2026-05-04 15:31:13
HARBOUR,18,R MANOHAR,All India Anna Dravida Munnetra Kazhagam,12499,3,Trailing,0,25228,S2218,https://results.eci.gov.in/ResultAcGenMay2026/ConstituencywiseS2218.htm,2026-05-04 15:31:13
HARBOUR,18,SINORA P S ASHOK,Tamilaga Vettri Kazhagam,25228,2,Runner-up,0,25228,S2218,https://results.eci.gov.in/ResultAcGenMay2026/ConstituencywiseS2218.htm,2026-05-04 15:31:13
HARBOUR,18,SIVALINGAM ASHOK,Independent,220,6,Trailing,0,25228,S2218,https://results.eci.gov.in/ResultAcGenMay2026/ConstituencywiseS2218.htm,2026-05-04 15:31:13
HARBOUR,18,ASHOK KUMAR,Independent,54,10,Trailing,0,25228,S2218,https://results.eci.gov.in/ResultAcGenMay2026/ConstituencywiseS2218.htm,2026-05-04 15:31:13
HARBOUR,18,S GANESH,Independent,53,11,Trailing,0,25228,S2218,https://results.eci.gov.in/ResultAcGenMay2026/ConstituencywiseS2218.htm,2026-05-04 15:31:13
HARBOUR,18,D KABILAN,Independent,16,18,Trailing,0,25228,S2218,https://results.eci.gov.in/ResultAcGenMay2026/ConstituencywiseS2218.htm,2026-05-04 15:31:13
HARBOUR,18,M KALAIVENTHAN,Independent,15,20,Trailing,0,25228,S2218,https://results.eci.gov.in/ResultAcGenMay2026/ConstituencywiseS2218.htm,2026-05-04 15:31:13
HARBOUR,18,SANKAR A,Independent,134,8,Trailing,0,25228,S2218,https://results.eci.gov.in/ResultAcGenMay2026/ConstituencywiseS2218.htm,2026-05-04 15:31:13
HARBOUR,18,J SHANMUGAPRIYAN,Independent,15,21,Trailing,0,25228,S2218,https://results.eci.gov.in/ResultAcGenMay2026/ConstituencywiseS2218.htm,2026-05-04 15:31:13
HARBOUR,18,R DINESH,Independent,10,22,Trailing,0,25228,S2218,https://results.eci.gov.in/ResultAcGenMay2026/ConstituencywiseS2218.htm,2026-05-04 15:31:13
HARBOUR,18,J M NIRAIMOZHI,Independent,27,16,Trailing,0,25228,S2218,https://results.eci.gov.in/ResultAcGenMay2026/ConstituencywiseS2218.htm,2026-05-04 15:31:13
HARBOUR,18,A NEPOLIAN,Independent,16,19,Trailing,0,25228,S2218,https://results.eci.gov.in/ResultAcGenMay2026/ConstituencywiseS2218.htm,2026-05-04 15:31:13
HARBOUR,18,BABU SINGH,Independent,70,9,Trailing,0,25228,S2218,https://results.eci.gov.in/ResultAcGenMay2026/ConstituencywiseS2218.htm,2026-05-04 15:31:13
HARBOUR,18,K E MANOHAR,Independent,42,13,Trailing,0,25228,S2218,https://results.eci.gov.in/ResultAcGenMay2026/ConstituencywiseS2218.htm,2026-05-04 15:31:13
HARBOUR,18,G VISU,Independent,50,12,Trailing,0,25228,S2218,https://results.eci.gov.in/ResultAcGenMay2026/ConstituencywiseS2218.htm,2026-05-04 15:31:13
HARBOUR,18,I VINOD,Independent,8,24,Trailing,0,25228,S2218,https://results.eci.gov.in/ResultAcGenMay2026/ConstituencywiseS2218.htm,2026-05-04 15:31:13
HARBOUR,18,P VIJAYAKUMAR,Independent,33,15,Trailing,0,25228,S2218,https://results.eci.gov.in/ResultAcGenMay2026/ConstituencywiseS2218.htm,2026-05-04 15:31:13
HARBOUR,18,T VIJAYARAJ,Independent,36,14,Trailing,0,25228,S2218,https://results.eci.gov.in/ResultAcGenMay2026/ConstituencywiseS2218.htm,2026-05-04 15:31:13
HARBOUR,18,S VEERABATHRAN,Independent,10,23,Trailing,0,25228,S2218,https://results.eci.gov.in/ResultAcGenMay2026/ConstituencywiseS2218.htm,2026-05-04 15:31:13
HARBOUR,18,V JAGADEESAN,Independent,18,17,Trailing,0,25228,S2218,https://results.eci.gov.in/ResultAcGenMay2026/ConstituencywiseS2218.htm,2026-05-04 15:31:13
HARBOUR,18,NOTA,None of the Above,442,5,Trailing,0,25228,S2218,https://results.eci.gov.in/ResultAcGenMay2026/ConstituencywiseS2218.htm,2026-05-04 15:31:13
HARUR,61,ANITHA. A,Naam Tamilar Katchi,3919,4,Trailing,0,59503,S2261,https://results.eci.gov.in/ResultAcGenMay2026/ConstituencywiseS2261.htm,2026-05-04 15:31:18
HARUR,61,SHANMUGAM. A,Dravida Munnetra Kazhagam,59503,2,Runner-up,0,59503,S2261,https://results.eci.gov.in/ResultAcGenMay2026/ConstituencywiseS2261.htm,2026-05-04 15:31:18
HARUR,61,SAMPATHKUMAR. V,All India Anna Dravida Munnetra Kazhagam,63751,1,Leading / Top Candidate,4248,59503,S2261,https://results.eci.gov.in/ResultAcGenMay2026/ConstituencywiseS2261.htm,2026-05-04 15:31:18
HARUR,61,NEHRU. G,Bahujan Samaj Party,500,6,Trailing,0,59503,S2261,https://results.eci.gov.in/ResultAcGenMay2026/ConstituencywiseS2261.htm,2026-05-04 15:31:18
HARUR,61,KARUTHAMMAL. S,Naadaalum Makkal Katchi,347,8,Trailing,0,59503,S2261,https://results.eci.gov.in/ResultAcGenMay2026/ConstituencywiseS2261.htm,2026-05-04 15:31:18
HARUR,61,KUPPURAJ. K,Tamilar Makkal Katchi,75,14,Trailing,0,59503,S2261,https://results.eci.gov.in/ResultAcGenMay2026/ConstituencywiseS2261.htm,2026-05-04 15:31:18
HARUR,61,MANILA. S,Tamizhaga Vaazhvurimai Katchi,146,11,Trailing,0,59503,S2261,https://results.eci.gov.in/ResultAcGenMay2026/ConstituencywiseS2261.htm,2026-05-04 15:31:18
HARUR,61,MARIKANNU. C,Republican Party of India (Athawale),482,7,Trailing,0,59503,S2261,https://results.eci.gov.in/ResultAcGenMay2026/ConstituencywiseS2261.htm,2026-05-04 15:31:18
HARUR,61,RAKESH. K,Tamilaga Vettri Kazhagam,49297,3,Trailing,0,59503,S2261,https://results.eci.gov.in/ResultAcGenMay2026/ConstituencywiseS2261.htm,2026-05-04 15:31:18
HARUR,61,VENKATESH (A) DR. V.K. SWAMY,Bharat Jan Chikitsa Party,117,13,Trailing,0,59503,S2261,https://results.eci.gov.in/ResultAcGenMay2026/ConstituencywiseS2261.htm,2026-05-04 15:31:18
HARUR,61,SAMPATH. K,Independent,65,15,Trailing,0,59503,S2261,https://results.eci.gov.in/ResultAcGenMay2026/ConstituencywiseS2261.htm,2026-05-04 15:31:18
HARUR,61,SAMPATH. C,Independent,145,12,Trailing,0,59503,S2261,https://results.eci.gov.in/ResultAcGenMay2026/ConstituencywiseS2261.htm,2026-05-04 15:31:18
HARUR,61,THANGAVEL. K,Independent,286,10,Trailing,0,59503,S2261,https://results.eci.gov.in/ResultAcGenMay2026/ConstituencywiseS2261.htm,2026-05-04 15:31:18
HARUR,61,PARTHIPAN. P,Independent,304,9,Trailing,0,59503,S2261,https://results.eci.gov.in/ResultAcGenMay2026/ConstituencywiseS2261.htm,2026-05-04 15:31:18
HARUR,61,NOTA,None of the Above,566,5,Trailing,0,59503,S2261,https://results.eci.gov.in/ResultAcGenMay2026/ConstituencywiseS2261.htm,2026-05-04 15:31:18
HOSUR,55,SATHYA.S.A.,Dravida Munnetra Kazhagam,34297,2,Runner-up,0,34297,S2255,https://results.eci.gov.in/ResultAcGenMay2026/ConstituencywiseS2255.htm,2026-05-04 15:31:22
HOSUR,55,BALAKRISHNAREDDY. P,All India Anna Dravida Munnetra Kazhagam,59188,1,Leading / Top Candidate,24891,34297,S2255,https://results.eci.gov.in/ResultAcGenMay2026/ConstituencywiseS2255.htm,2026-05-04 15:31:22
HOSUR,55,STALIN.R,Naam Tamilar Katchi,3216,4,Trailing,0,34297,S2255,https://results.eci.gov.in/ResultAcGenMay2026/ConstituencywiseS2255.htm,2026-05-04 15:31:22
HOSUR,55,SURYA. Y,Republican Party of India (Athawale),492,6,Trailing,0,34297,S2255,https://results.eci.gov.in/ResultAcGenMay2026/ConstituencywiseS2255.htm,2026-05-04 15:31:22
HOSUR,55,PONNUMANI.R,Tamilar Makkal Katchi,115,10,Trailing,0,34297,S2255,https://results.eci.gov.in/ResultAcGenMay2026/ConstituencywiseS2255.htm,2026-05-04 15:31:22
HOSUR,55,VENDARKARASAN.S,Tamilaga Vettri Kazhagam,32138,3,Trailing,0,34297,S2255,https://results.eci.gov.in/ResultAcGenMay2026/ConstituencywiseS2255.htm,2026-05-04 15:31:22
HOSUR,55,GANESH.M,Independent,90,11,Trailing,0,34297,S2255,https://results.eci.gov.in/ResultAcGenMay2026/ConstituencywiseS2255.htm,2026-05-04 15:31:22
HOSUR,55,DR.SHANMUGAM.A.R.,Independent,37,14,Trailing,0,34297,S2255,https://results.eci.gov.in/ResultAcGenMay2026/ConstituencywiseS2255.htm,2026-05-04 15:31:22
HOSUR,55,DEVAPPA.Y,Independent,62,13,Trailing,0,34297,S2255,https://results.eci.gov.in/ResultAcGenMay2026/ConstituencywiseS2255.htm,2026-05-04 15:31:22
HOSUR,55,PATTABIRAMA. C,Independent,87,12,Trailing,0,34297,S2255,https://results.eci.gov.in/ResultAcGenMay2026/ConstituencywiseS2255.htm,2026-05-04 15:31:22
HOSUR,55,MASOOD.S,Independent,142,8,Trailing,0,34297,S2255,https://results.eci.gov.in/ResultAcGenMay2026/ConstituencywiseS2255.htm,2026-05-04 15:31:22
HOSUR,55,MARIYA FRANCIS.S,Independent,129,9,Trailing,0,34297,S2255,https://results.eci.gov.in/ResultAcGenMay2026/ConstituencywiseS2255.htm,2026-05-04 15:31:22
HOSUR,55,RAJENDRAN.P,Independent,159,7,Trailing,0,34297,S2255,https://results.eci.gov.in/ResultAcGenMay2026/ConstituencywiseS2255.htm,2026-05-04 15:31:22
HOSUR,55,NOTA,None of the Above,717,5,Trailing,0,34297,S2255,https://results.eci.gov.in/ResultAcGenMay2026/ConstituencywiseS2255.htm,2026-05-04 15:31:22
JAYANKONDAM,150,KANNAN KA.SO.KA.,Dravida Munnetra Kazhagam,43934,2,Runner-up,0,43934,S22150,https://results.eci.gov.in/ResultAcGenMay2026/ConstituencywiseS22150.htm,2026-05-04 15:31:26
JAYANKONDAM,150,CHINNADURAI S.,Bahujan Samaj Party,289,12,Trailing,0,43934,S22150,https://results.eci.gov.in/ResultAcGenMay2026/ConstituencywiseS22150.htm,2026-05-04 15:31:26
JAYANKONDAM,150,REVATHI K.,Naam Tamilar Katchi,4062,4,Trailing,0,43934,S22150,https://results.eci.gov.in/ResultAcGenMay2026/ConstituencywiseS22150.htm,2026-05-04 15:31:26
JAYANKONDAM,150,AZHAGESAN V.R.,Desiya Makkal Sakthi Katchi,97,17,Trailing,0,43934,S22150,https://results.eci.gov.in/ResultAcGenMay2026/ConstituencywiseS22150.htm,2026-05-04 15:31:26
JAYANKONDAM,150,RAVANAN M.,Naadaalum Makkal Katchi,471,7,Trailing,0,43934,S22150,https://results.eci.gov.in/ResultAcGenMay2026/ConstituencywiseS22150.htm,2026-05-04 15:31:26
JAYANKONDAM,150,KAVITHA RAJENDRAN G.,Tamilaga Vettri Kazhagam,37536,3,Trailing,0,43934,S22150,https://results.eci.gov.in/ResultAcGenMay2026/ConstituencywiseS22150.htm,2026-05-04 15:31:26
JAYANKONDAM,150,SANKAR M.,Rashtriya Samaj Dal (R),385,9,Trailing,0,43934,S22150,https://results.eci.gov.in/ResultAcGenMay2026/ConstituencywiseS22150.htm,2026-05-04 15:31:26
JAYANKONDAM,150,PAGUTHARIVALAN A.,Tamizhaga Vaazhvurimai Katchi,187,14,Trailing,0,43934,S22150,https://results.eci.gov.in/ResultAcGenMay2026/ConstituencywiseS22150.htm,2026-05-04 15:31:26
JAYANKONDAM,150,RAVISANKAR N.,Aanaithinthiya Jananayaka Pathukappu Kazhagam,869,5,Trailing,0,43934,S22150,https://results.eci.gov.in/ResultAcGenMay2026/ConstituencywiseS22150.htm,2026-05-04 15:31:26
JAYANKONDAM,150,VAITHILINGAM G.,Pattali Makkal Katchi,54371,1,Leading / Top Candidate,10437,43934,S22150,https://results.eci.gov.in/ResultAcGenMay2026/ConstituencywiseS22150.htm,2026-05-04 15:31:26
JAYANKONDAM,150,JAYABALAN G.,Vada Tamil Nadu Munnetra Katchi,304,11,Trailing,0,43934,S22150,https://results.eci.gov.in/ResultAcGenMay2026/ConstituencywiseS22150.htm,2026-05-04 15:31:26
JAYANKONDAM,150,ANANDHAKUMAR R.,Independent,367,10,Trailing,0,43934,S22150,https://results.eci.gov.in/ResultAcGenMay2026/ConstituencywiseS22150.htm,2026-05-04 15:31:26
JAYANKONDAM,150,ISAC NEWTAN J.,Independent,76,18,Trailing,0,43934,S22150,https://results.eci.gov.in/ResultAcGenMay2026/ConstituencywiseS22150.htm,2026-05-04 15:31:26
JAYANKONDAM,150,KANNAN K.,Independent,107,16,Trailing,0,43934,S22150,https://results.eci.gov.in/ResultAcGenMay2026/ConstituencywiseS22150.htm,2026-05-04 15:31:26
JAYANKONDAM,150,GURUNATHAN N.,Independent,123,15,Trailing,0,43934,S22150,https://results.eci.gov.in/ResultAcGenMay2026/ConstituencywiseS22150.htm,2026-05-04 15:31:26
JAYANKONDAM,150,CHANTHIRASEKAR S.,Independent,588,6,Trailing,0,43934,S22150,https://results.eci.gov.in/ResultAcGenMay2026/ConstituencywiseS22150.htm,2026-05-04 15:31:26
JAYANKONDAM,150,VINOTHSAVARIREMIJEAS C.,Independent,398,8,Trailing,0,43934,S22150,https://results.eci.gov.in/ResultAcGenMay2026/ConstituencywiseS22150.htm,2026-05-04 15:31:26
JAYANKONDAM,150,VENKATAJALAPATHI R.,Independent,27,20,Trailing,0,43934,S22150,https://results.eci.gov.in/ResultAcGenMay2026/ConstituencywiseS22150.htm,2026-05-04 15:31:26
JAYANKONDAM,150,VEZHAVENTHAN D.,Independent,45,19,Trailing,0,43934,S22150,https://results.eci.gov.in/ResultAcGenMay2026/ConstituencywiseS22150.htm,2026-05-04 15:31:26
JAYANKONDAM,150,NOTA,None of the Above,263,13,Trailing,0,43934,S22150,https://results.eci.gov.in/ResultAcGenMay2026/ConstituencywiseS22150.htm,2026-05-04 15:31:26
JOLARPET,49,KAVITHADHANDAPANI,Dravida Munnetra Kazhagam,41190,3,Trailing,0,43584,S2249,https://results.eci.gov.in/ResultAcGenMay2026/ConstituencywiseS2249.htm,2026-05-04 15:31:31
JOLARPET,49,SASIREKHA K,Naam Tamilar Katchi,4046,4,Trailing,0,43584,S2249,https://results.eci.gov.in/ResultAcGenMay2026/ConstituencywiseS2249.htm,2026-05-04 15:31:31
JOLARPET,49,SIVAKUMAR V C,Bahujan Samaj Party,227,10,Trailing,0,43584,S2249,https://results.eci.gov.in/ResultAcGenMay2026/ConstituencywiseS2249.htm,2026-05-04 15:31:31
JOLARPET,49,VEERAMANI K.C.,All India Anna Dravida Munnetra Kazhagam,53446,1,Leading / Top Candidate,9862,43584,S2249,https://results.eci.gov.in/ResultAcGenMay2026/ConstituencywiseS2249.htm,2026-05-04 15:31:31
JOLARPET,49,KALASTHIRI S,All India Uzhavargal Uzhaippalargal Katchi,274,7,Trailing,0,43584,S2249,https://results.eci.gov.in/ResultAcGenMay2026/ConstituencywiseS2249.htm,2026-05-04 15:31:31
JOLARPET,49,KRISHNAMOORTHY D,Makkal Nala Kazhagam,115,13,Trailing,0,43584,S2249,https://results.eci.gov.in/ResultAcGenMay2026/ConstituencywiseS2249.htm,2026-05-04 15:31:31
JOLARPET,49,SANKAR T.K,Tamizhaga Vaazhvurimai Katchi,69,17,Trailing,0,43584,S2249,https://results.eci.gov.in/ResultAcGenMay2026/ConstituencywiseS2249.htm,2026-05-04 15:31:31
JOLARPET,49,SASI REKA Y,Makkal Arasial Katchi,177,11,Trailing,0,43584,S2249,https://results.eci.gov.in/ResultAcGenMay2026/ConstituencywiseS2249.htm,2026-05-04 15:31:31
JOLARPET,49,SENTHAMILSELVAN M,Naadaalum Makkal Katchi,266,8,Trailing,0,43584,S2249,https://results.eci.gov.in/ResultAcGenMay2026/ConstituencywiseS2249.htm,2026-05-04 15:31:31
JOLARPET,49,MUNISAMY C,Tamilaga Vettri Kazhagam,43584,2,Runner-up,0,43584,S2249,https://results.eci.gov.in/ResultAcGenMay2026/ConstituencywiseS2249.htm,2026-05-04 15:31:31
JOLARPET,49,KAVITHA C,Independent,112,14,Trailing,0,43584,S2249,https://results.eci.gov.in/ResultAcGenMay2026/ConstituencywiseS2249.htm,2026-05-04 15:31:31
JOLARPET,49,KAVITHA T,Independent,53,19,Trailing,0,43584,S2249,https://results.eci.gov.in/ResultAcGenMay2026/ConstituencywiseS2249.htm,2026-05-04 15:31:31
JOLARPET,49,KAMATCHI S,Independent,93,15,Trailing,0,43584,S2249,https://results.eci.gov.in/ResultAcGenMay2026/ConstituencywiseS2249.htm,2026-05-04 15:31:31
JOLARPET,49,CHENRAYAN A,Independent,82,16,Trailing,0,43584,S2249,https://results.eci.gov.in/ResultAcGenMay2026/ConstituencywiseS2249.htm,2026-05-04 15:31:31
JOLARPET,49,CHENNA KESAVAN C,Independent,158,12,Trailing,0,43584,S2249,https://results.eci.gov.in/ResultAcGenMay2026/ConstituencywiseS2249.htm,2026-05-04 15:31:31
JOLARPET,49,THANGARAJ P,Independent,264,9,Trailing,0,43584,S2249,https://results.eci.gov.in/ResultAcGenMay2026/ConstituencywiseS2249.htm,2026-05-04 15:31:31
JOLARPET,49,PRIYA K,Independent,316,6,Trailing,0,43584,S2249,https://results.eci.gov.in/ResultAcGenMay2026/ConstituencywiseS2249.htm,2026-05-04 15:31:31
JOLARPET,49,MOHANRAJ R,Independent,53,20,Trailing,0,43584,S2249,https://results.eci.gov.in/ResultAcGenMay2026/ConstituencywiseS2249.htm,2026-05-04 15:31:31
JOLARPET,49,VEERAMANI H,Independent,59,18,Trailing,0,43584,S2249,https://results.eci.gov.in/ResultAcGenMay2026/ConstituencywiseS2249.htm,2026-05-04 15:31:31
JOLARPET,49,NOTA,None of the Above,472,5,Trailing,0,43584,S2249,https://results.eci.gov.in/ResultAcGenMay2026/ConstituencywiseS2249.htm,2026-05-04 15:31:31
KADAYANALLUR,221,ABUBACKER SIDDHEEQ,Naam Tamilar Katchi,4913,4,Trailing,0,37946,S22221,https://results.eci.gov.in/ResultAcGenMay2026/ConstituencywiseS22221.htm,2026-05-04 15:31:35
KADAYANALLUR,221,RAJENDRAN. T. M,Dravida Munnetra Kazhagam,39108,1,Leading / Top Candidate,1162,37946,S22221,https://results.eci.gov.in/ResultAcGenMay2026/ConstituencywiseS22221.htm,2026-05-04 15:31:35
KADAYANALLUR,221,C. KRISHNAMURALI,All India Anna Dravida Munnetra Kazhagam,37946,2,Runner-up,0,37946,S22221,https://results.eci.gov.in/ResultAcGenMay2026/ConstituencywiseS22221.htm,2026-05-04 15:31:35
KADAYANALLUR,221,T. MAHESHKUMAR,Bahujan Samaj Party,236,10,Trailing,0,37946,S22221,https://results.eci.gov.in/ResultAcGenMay2026/ConstituencywiseS22221.htm,2026-05-04 15:31:35
KADAYANALLUR,221,ABDUL JALEEL. R. K,Tamilaga Vettri Kazhagam,24588,3,Trailing,0,37946,S22221,https://results.eci.gov.in/ResultAcGenMay2026/ConstituencywiseS22221.htm,2026-05-04 15:31:35
KADAYANALLUR,221,KAVITHA. R,Puthiya Tamilagam,783,5,Trailing,0,37946,S22221,https://results.eci.gov.in/ResultAcGenMay2026/ConstituencywiseS22221.htm,2026-05-04 15:31:35
KADAYANALLUR,221,SHAHIN FATHIMA. A,Tamizhaga Vaazhvurimai Katchi,199,12,Trailing,0,37946,S22221,https://results.eci.gov.in/ResultAcGenMay2026/ConstituencywiseS22221.htm,2026-05-04 15:31:35
KADAYANALLUR,221,SURESHKUMAR. S,Naam Indiar Party,27,23,Trailing,0,37946,S22221,https://results.eci.gov.in/ResultAcGenMay2026/ConstituencywiseS22221.htm,2026-05-04 15:31:35
KADAYANALLUR,221,RAJAN. B. S,Aanaithinthiya Jananayaka Pathukappu Kazhagam,126,15,Trailing,0,37946,S22221,https://results.eci.gov.in/ResultAcGenMay2026/ConstituencywiseS22221.htm,2026-05-04 15:31:35
KADAYANALLUR,221,LAKSHMI. A,Samata Party,97,18,Trailing,0,37946,S22221,https://results.eci.gov.in/ResultAcGenMay2026/ConstituencywiseS22221.htm,2026-05-04 15:31:35
KADAYANALLUR,221,M. ARUMUGASAMY,Independent,51,21,Trailing,0,37946,S22221,https://results.eci.gov.in/ResultAcGenMay2026/ConstituencywiseS22221.htm,2026-05-04 15:31:35
KADAYANALLUR,221,ESAKKI. K,Independent,65,19,Trailing,0,37946,S22221,https://results.eci.gov.in/ResultAcGenMay2026/ConstituencywiseS22221.htm,2026-05-04 15:31:35
KADAYANALLUR,221,ESAKKI PANDI. K,Independent,287,6,Trailing,0,37946,S22221,https://results.eci.gov.in/ResultAcGenMay2026/ConstituencywiseS22221.htm,2026-05-04 15:31:35
KADAYANALLUR,221,GANESAN. M,Independent,220,11,Trailing,0,37946,S22221,https://results.eci.gov.in/ResultAcGenMay2026/ConstituencywiseS22221.htm,2026-05-04 15:31:35
KADAYANALLUR,221,SEENIVASAN. S,Independent,178,13,Trailing,0,37946,S22221,https://results.eci.gov.in/ResultAcGenMay2026/ConstituencywiseS22221.htm,2026-05-04 15:31:35
KADAYANALLUR,221,NAGARAJAN. L,Independent,139,14,Trailing,0,37946,S22221,https://results.eci.gov.in/ResultAcGenMay2026/ConstituencywiseS22221.htm,2026-05-04 15:31:35
KADAYANALLUR,221,PARTHIPAN. V,Independent,109,17,Trailing,0,37946,S22221,https://results.eci.gov.in/ResultAcGenMay2026/ConstituencywiseS22221.htm,2026-05-04 15:31:35
KADAYANALLUR,221,BARISHA BANU. M,Independent,252,8,Trailing,0,37946,S22221,https://results.eci.gov.in/ResultAcGenMay2026/ConstituencywiseS22221.htm,2026-05-04 15:31:35
KADAYANALLUR,221,MURUGAN. P,Independent,283,7,Trailing,0,37946,S22221,https://results.eci.gov.in/ResultAcGenMay2026/ConstituencywiseS22221.htm,2026-05-04 15:31:35
KADAYANALLUR,221,S. MURUGANANTHAM,Independent,37,22,Trailing,0,37946,S22221,https://results.eci.gov.in/ResultAcGenMay2026/ConstituencywiseS22221.htm,2026-05-04 15:31:35
KADAYANALLUR,221,RAJAMARAVAN. S,Independent,113,16,Trailing,0,37946,S22221,https://results.eci.gov.in/ResultAcGenMay2026/ConstituencywiseS22221.htm,2026-05-04 15:31:35
KADAYANALLUR,221,VENKATESH. P,Independent,59,20,Trailing,0,37946,S22221,https://results.eci.gov.in/ResultAcGenMay2026/ConstituencywiseS22221.htm,2026-05-04 15:31:35
KADAYANALLUR,221,NOTA,None of the Above,241,9,Trailing,0,37946,S22221,https://results.eci.gov.in/ResultAcGenMay2026/ConstituencywiseS22221.htm,2026-05-04 15:31:35
KALASAPAKKAM,65,AGRI KRISHNAMURTHY. S S,All India Anna Dravida Munnetra Kazhagam,52858,1,Leading / Top Candidate,14908,37950,S2265,https://results.eci.gov.in/ResultAcGenMay2026/ConstituencywiseS2265.htm,2026-05-04 15:31:40
KALASAPAKKAM,65,SARAVANAN. P.S.T,Dravida Munnetra Kazhagam,37950,2,Runner-up,0,37950,S2265,https://results.eci.gov.in/ResultAcGenMay2026/ConstituencywiseS2265.htm,2026-05-04 15:31:40
KALASAPAKKAM,65,SEETHA SIVANANDAM. P,Naam Tamilar Katchi,2898,4,Trailing,0,37950,S2265,https://results.eci.gov.in/ResultAcGenMay2026/ConstituencywiseS2265.htm,2026-05-04 15:31:40
KALASAPAKKAM,65,ELUMALAI. P,Tamilaga Vettri Kazhagam,28679,3,Trailing,0,37950,S2265,https://results.eci.gov.in/ResultAcGenMay2026/ConstituencywiseS2265.htm,2026-05-04 15:31:40
KALASAPAKKAM,65,SATHYA. V,Naadaalum Makkal Katchi,151,11,Trailing,0,37950,S2265,https://results.eci.gov.in/ResultAcGenMay2026/ConstituencywiseS2265.htm,2026-05-04 15:31:40
KALASAPAKKAM,65,SARAVANAN. V,Tamizhaga Vaazhvurimai Katchi,48,18,Trailing,0,37950,S2265,https://results.eci.gov.in/ResultAcGenMay2026/ConstituencywiseS2265.htm,2026-05-04 15:31:40
KALASAPAKKAM,65,SUMAN. M,Aanaithinthiya Jananayaka Pathukappu Kazhagam,46,19,Trailing,0,37950,S2265,https://results.eci.gov.in/ResultAcGenMay2026/ConstituencywiseS2265.htm,2026-05-04 15:31:40
KALASAPAKKAM,65,ELUMALAI. S,Independent,33,21,Trailing,0,37950,S2265,https://results.eci.gov.in/ResultAcGenMay2026/ConstituencywiseS2265.htm,2026-05-04 15:31:40
KALASAPAKKAM,65,ELUMALAI. T,Independent,28,22,Trailing,0,37950,S2265,https://results.eci.gov.in/ResultAcGenMay2026/ConstituencywiseS2265.htm,2026-05-04 15:31:40
KALASAPAKKAM,65,KAMARAJ. G,Independent,123,13,Trailing,0,37950,S2265,https://results.eci.gov.in/ResultAcGenMay2026/ConstituencywiseS2265.htm,2026-05-04 15:31:40
KALASAPAKKAM,65,KRISHNAMURTHY. S,Independent,38,20,Trailing,0,37950,S2265,https://results.eci.gov.in/ResultAcGenMay2026/ConstituencywiseS2265.htm,2026-05-04 15:31:40
KALASAPAKKAM,65,KRISHNAMURTHY. M,Independent,69,16,Trailing,0,37950,S2265,https://results.eci.gov.in/ResultAcGenMay2026/ConstituencywiseS2265.htm,2026-05-04 15:31:40
KALASAPAKKAM,65,KRISHNAMURTHY. R,Independent,389,7,Trailing,0,37950,S2265,https://results.eci.gov.in/ResultAcGenMay2026/ConstituencywiseS2265.htm,2026-05-04 15:31:40
KALASAPAKKAM,65,KOTHANDAPANI. B,Independent,135,12,Trailing,0,37950,S2265,https://results.eci.gov.in/ResultAcGenMay2026/ConstituencywiseS2265.htm,2026-05-04 15:31:40
KALASAPAKKAM,65,SARAVANAN. K,Independent,303,8,Trailing,0,37950,S2265,https://results.eci.gov.in/ResultAcGenMay2026/ConstituencywiseS2265.htm,2026-05-04 15:31:40
KALASAPAKKAM,65,SANTHAKUMARAN. A,Independent,505,5,Trailing,0,37950,S2265,https://results.eci.gov.in/ResultAcGenMay2026/ConstituencywiseS2265.htm,2026-05-04 15:31:40
KALASAPAKKAM,65,DEIVEEGAN. P,Independent,444,6,Trailing,0,37950,S2265,https://results.eci.gov.in/ResultAcGenMay2026/ConstituencywiseS2265.htm,2026-05-04 15:31:40
KALASAPAKKAM,65,BALAJI. P,Independent,301,9,Trailing,0,37950,S2265,https://results.eci.gov.in/ResultAcGenMay2026/ConstituencywiseS2265.htm,2026-05-04 15:31:40
KALASAPAKKAM,65,BASKARAN. R,Independent,54,17,Trailing,0,37950,S2265,https://results.eci.gov.in/ResultAcGenMay2026/ConstituencywiseS2265.htm,2026-05-04 15:31:40
KALASAPAKKAM,65,MANIKANDAN. K,Independent,89,15,Trailing,0,37950,S2265,https://results.eci.gov.in/ResultAcGenMay2026/ConstituencywiseS2265.htm,2026-05-04 15:31:40
KALASAPAKKAM,65,RAJA. N,Independent,113,14,Trailing,0,37950,S2265,https://results.eci.gov.in/ResultAcGenMay2026/ConstituencywiseS2265.htm,2026-05-04 15:31:40
KALASAPAKKAM,65,NOTA,None of the Above,255,10,Trailing,0,37950,S2265,https://results.eci.gov.in/ResultAcGenMay2026/ConstituencywiseS2265.htm,2026-05-04 15:31:40
KALLAKURICHI,80,NAGAMMAL RAJKODI,Naam Tamilar Katchi,3317,4,Trailing,0,34661,S2280,https://results.eci.gov.in/ResultAcGenMay2026/ConstituencywiseS2280.htm,2026-05-04 15:31:44
KALLAKURICHI,80,MALATHI K,Viduthalai Chiruthaigal Katchi,34661,2,Runner-up,0,34661,S2280,https://results.eci.gov.in/ResultAcGenMay2026/ConstituencywiseS2280.htm,2026-05-04 15:31:44
KALLAKURICHI,80,RAJEEVGANDHI S,All India Anna Dravida Munnetra Kazhagam,32480,3,Trailing,0,34661,S2280,https://results.eci.gov.in/ResultAcGenMay2026/ConstituencywiseS2280.htm,2026-05-04 15:31:44
KALLAKURICHI,80,ARUL VIGNESH C,Tamilaga Vettri Kazhagam,38107,1,Leading / Top Candidate,3446,34661,S2280,https://results.eci.gov.in/ResultAcGenMay2026/ConstituencywiseS2280.htm,2026-05-04 15:31:44
KALLAKURICHI,80,SELVARAJ M,Independent,109,9,Trailing,0,34661,S2280,https://results.eci.gov.in/ResultAcGenMay2026/ConstituencywiseS2280.htm,2026-05-04 15:31:44
KALLAKURICHI,80,PRABU C,Independent,68,12,Trailing,0,34661,S2280,https://results.eci.gov.in/ResultAcGenMay2026/ConstituencywiseS2280.htm,2026-05-04 15:31:44
KALLAKURICHI,80,MALATHI K,Independent,84,10,Trailing,0,34661,S2280,https://results.eci.gov.in/ResultAcGenMay2026/ConstituencywiseS2280.htm,2026-05-04 15:31:44
KALLAKURICHI,80,RAJIVGANDHI S,Independent,81,11,Trailing,0,34661,S2280,https://results.eci.gov.in/ResultAcGenMay2026/ConstituencywiseS2280.htm,2026-05-04 15:31:44
KALLAKURICHI,80,RAJIVGANDHI P,Independent,139,8,Trailing,0,34661,S2280,https://results.eci.gov.in/ResultAcGenMay2026/ConstituencywiseS2280.htm,2026-05-04 15:31:44
KALLAKURICHI,80,VASANTHAKUMAR S,Independent,175,7,Trailing,0,34661,S2280,https://results.eci.gov.in/ResultAcGenMay2026/ConstituencywiseS2280.htm,2026-05-04 15:31:44
KALLAKURICHI,80,VIGNESH G,Independent,294,6,Trailing,0,34661,S2280,https://results.eci.gov.in/ResultAcGenMay2026/ConstituencywiseS2280.htm,2026-05-04 15:31:44
KALLAKURICHI,80,NOTA,None of the Above,389,5,Trailing,0,34661,S2280,https://results.eci.gov.in/ResultAcGenMay2026/ConstituencywiseS2280.htm,2026-05-04 15:31:44
KANCHEEPURAM,37,V. SOMASUNDARAM,All India Anna Dravida Munnetra Kazhagam,36664,2,Runner-up,0,36664,S2237,https://results.eci.gov.in/ResultAcGenMay2026/ConstituencywiseS2237.htm,2026-05-04 15:31:48
KANCHEEPURAM,37,NITHYA SUGUMAR,Dravida Munnetra Kazhagam,33465,3,Trailing,0,36664,S2237,https://results.eci.gov.in/ResultAcGenMay2026/ConstituencywiseS2237.htm,2026-05-04 15:31:48
KANCHEEPURAM,37,VETRISELVI,Naam Tamilar Katchi,3181,4,Trailing,0,36664,S2237,https://results.eci.gov.in/ResultAcGenMay2026/ConstituencywiseS2237.htm,2026-05-04 15:31:48
KANCHEEPURAM,37,R.V. RANJITHKUMAR,Tamilaga Vettri Kazhagam,40164,1,Leading / Top Candidate,3500,36664,S2237,https://results.eci.gov.in/ResultAcGenMay2026/ConstituencywiseS2237.htm,2026-05-04 15:31:48
KANCHEEPURAM,37,M. NANDHAKUMAR,Anti Corruption Dynamic Party,106,8,Trailing,0,36664,S2237,https://results.eci.gov.in/ResultAcGenMay2026/ConstituencywiseS2237.htm,2026-05-04 15:31:48
KANCHEEPURAM,37,V. NARESH,Tamizhaga Vaazhvurimai Katchi,103,9,Trailing,0,36664,S2237,https://results.eci.gov.in/ResultAcGenMay2026/ConstituencywiseS2237.htm,2026-05-04 15:31:48
KANCHEEPURAM,37,P. VENKATESAN,All India Puratchi Thalaivar Makkal Munnettra Kazhagam,58,12,Trailing,0,36664,S2237,https://results.eci.gov.in/ResultAcGenMay2026/ConstituencywiseS2237.htm,2026-05-04 15:31:48
KANCHEEPURAM,37,M. SOMASUNDARAM,Independent,39,13,Trailing,0,36664,S2237,https://results.eci.gov.in/ResultAcGenMay2026/ConstituencywiseS2237.htm,2026-05-04 15:31:48
KANCHEEPURAM,37,V. SOMASUNDARAM,Independent,27,14,Trailing,0,36664,S2237,https://results.eci.gov.in/ResultAcGenMay2026/ConstituencywiseS2237.htm,2026-05-04 15:31:48
KANCHEEPURAM,37,GNANAMOORTHY,Independent,20,15,Trailing,0,36664,S2237,https://results.eci.gov.in/ResultAcGenMay2026/ConstituencywiseS2237.htm,2026-05-04 15:31:48
KANCHEEPURAM,37,C. DILLIBABU,Independent,15,16,Trailing,0,36664,S2237,https://results.eci.gov.in/ResultAcGenMay2026/ConstituencywiseS2237.htm,2026-05-04 15:31:48
KANCHEEPURAM,37,E. DHAKSHNAMOORTHY,Independent,78,10,Trailing,0,36664,S2237,https://results.eci.gov.in/ResultAcGenMay2026/ConstituencywiseS2237.htm,2026-05-04 15:31:48
KANCHEEPURAM,37,G. BABU,Independent,176,6,Trailing,0,36664,S2237,https://results.eci.gov.in/ResultAcGenMay2026/ConstituencywiseS2237.htm,2026-05-04 15:31:48
KANCHEEPURAM,37,M. BALAJI,Independent,63,11,Trailing,0,36664,S2237,https://results.eci.gov.in/ResultAcGenMay2026/ConstituencywiseS2237.htm,2026-05-04 15:31:48
KANCHEEPURAM,37,M. MEGANATHAN,Independent,131,7,Trailing,0,36664,S2237,https://results.eci.gov.in/ResultAcGenMay2026/ConstituencywiseS2237.htm,2026-05-04 15:31:48
KANCHEEPURAM,37,NOTA,None of the Above,499,5,Trailing,0,36664,S2237,https://results.eci.gov.in/ResultAcGenMay2026/ConstituencywiseS2237.htm,2026-05-04 15:31:48
KANGAYAM,102,KARMEGAN.M,Naam Tamilar Katchi,4309,4,Trailing,0,38878,S22102,https://results.eci.gov.in/ResultAcGenMay2026/ConstituencywiseS22102.htm,2026-05-04 15:31:53
KANGAYAM,102,M.P.SAMINATHAN,Dravida Munnetra Kazhagam,34897,3,Trailing,0,38878,S22102,https://results.eci.gov.in/ResultAcGenMay2026/ConstituencywiseS22102.htm,2026-05-04 15:31:53
KANGAYAM,102,NSN NATARAJ,All India Anna Dravida Munnetra Kazhagam,43065,1,Leading / Top Candidate,4187,38878,S22102,https://results.eci.gov.in/ResultAcGenMay2026/ConstituencywiseS22102.htm,2026-05-04 15:31:53
KANGAYAM,102,P.THIRUGNANASAMBANTHAM,Party for the Rights of Other backward Classes,298,6,Trailing,0,38878,S22102,https://results.eci.gov.in/ResultAcGenMay2026/ConstituencywiseS22102.htm,2026-05-04 15:31:53
KANGAYAM,102,MANI GOUNDER,Tamilaga Vettri Kazhagam,38878,2,Runner-up,0,38878,S22102,https://results.eci.gov.in/ResultAcGenMay2026/ConstituencywiseS22102.htm,2026-05-04 15:31:53
KANGAYAM,102,R.VIJAYALAKSHMI,Ganasangam Party of India,103,12,Trailing,0,38878,S22102,https://results.eci.gov.in/ResultAcGenMay2026/ConstituencywiseS22102.htm,2026-05-04 15:31:53
KANGAYAM,102,K.ARUMUGAM,Independent,38,16,Trailing,0,38878,S22102,https://results.eci.gov.in/ResultAcGenMay2026/ConstituencywiseS22102.htm,2026-05-04 15:31:53
KANGAYAM,102,R. IMMANUVEL,Independent,209,7,Trailing,0,38878,S22102,https://results.eci.gov.in/ResultAcGenMay2026/ConstituencywiseS22102.htm,2026-05-04 15:31:53
KANGAYAM,102,KARTHIKEYAN,Independent,92,13,Trailing,0,38878,S22102,https://results.eci.gov.in/ResultAcGenMay2026/ConstituencywiseS22102.htm,2026-05-04 15:31:53
KANGAYAM,102,GOWTHAM,Independent,58,14,Trailing,0,38878,S22102,https://results.eci.gov.in/ResultAcGenMay2026/ConstituencywiseS22102.htm,2026-05-04 15:31:53
KANGAYAM,102,T.NATARAJ,Independent,43,15,Trailing,0,38878,S22102,https://results.eci.gov.in/ResultAcGenMay2026/ConstituencywiseS22102.htm,2026-05-04 15:31:53
KANGAYAM,102,PALANISAMY,Independent,120,11,Trailing,0,38878,S22102,https://results.eci.gov.in/ResultAcGenMay2026/ConstituencywiseS22102.htm,2026-05-04 15:31:53
KANGAYAM,102,P.PARTHIBAN,Independent,187,8,Trailing,0,38878,S22102,https://results.eci.gov.in/ResultAcGenMay2026/ConstituencywiseS22102.htm,2026-05-04 15:31:53
KANGAYAM,102,P.MANI,Independent,155,9,Trailing,0,38878,S22102,https://results.eci.gov.in/ResultAcGenMay2026/ConstituencywiseS22102.htm,2026-05-04 15:31:53
KANGAYAM,102,B.RAJENDRAN,Independent,131,10,Trailing,0,38878,S22102,https://results.eci.gov.in/ResultAcGenMay2026/ConstituencywiseS22102.htm,2026-05-04 15:31:53
KANGAYAM,102,NOTA,None of the Above,420,5,Trailing,0,38878,S22102,https://results.eci.gov.in/ResultAcGenMay2026/ConstituencywiseS22102.htm,2026-05-04 15:31:53
KANNIYAKUMARI,229,THALAVAI SUNDARAM. N,All India Anna Dravida Munnetra Kazhagam,45066,1,Leading / Top Candidate,5167,39899,S22229,https://results.eci.gov.in/ResultAcGenMay2026/ConstituencywiseS22229.htm,2026-05-04 15:31:57
KANNIYAKUMARI,229,MAHESH.R,Dravida Munnetra Kazhagam,39899,2,Runner-up,0,39899,S22229,https://results.eci.gov.in/ResultAcGenMay2026/ConstituencywiseS22229.htm,2026-05-04 15:31:57
KANNIYAKUMARI,229,MARIA JENNIFER,Naam Tamilar Katchi,6968,4,Trailing,0,39899,S22229,https://results.eci.gov.in/ResultAcGenMay2026/ConstituencywiseS22229.htm,2026-05-04 15:31:57
KANNIYAKUMARI,229,MANAVAI KANNAN. M,Communist Party of India (Marxist-Leninist) Red Star,58,11,Trailing,0,39899,S22229,https://results.eci.gov.in/ResultAcGenMay2026/ConstituencywiseS22229.htm,2026-05-04 15:31:57
KANNIYAKUMARI,229,SIVALINGAM.C,Naam Indiar Party,95,9,Trailing,0,39899,S22229,https://results.eci.gov.in/ResultAcGenMay2026/ConstituencywiseS22229.htm,2026-05-04 15:31:57
KANNIYAKUMARI,229,MADHAVAN.S.R,Tamilaga Vettri Kazhagam,35802,3,Trailing,0,39899,S22229,https://results.eci.gov.in/ResultAcGenMay2026/ConstituencywiseS22229.htm,2026-05-04 15:31:57
KANNIYAKUMARI,229,REAGON ANTO.J,Tamizhaga Vaazhvurimai Katchi,143,7,Trailing,0,39899,S22229,https://results.eci.gov.in/ResultAcGenMay2026/ConstituencywiseS22229.htm,2026-05-04 15:31:57
KANNIYAKUMARI,229,SRIKRISHNAKUMAR.K,Thamizhaka Padaippalar Makkal Katchi,111,8,Trailing,0,39899,S22229,https://results.eci.gov.in/ResultAcGenMay2026/ConstituencywiseS22229.htm,2026-05-04 15:31:57
KANNIYAKUMARI,229,KANAGARAJ.T,Independent,43,12,Trailing,0,39899,S22229,https://results.eci.gov.in/ResultAcGenMay2026/ConstituencywiseS22229.htm,2026-05-04 15:31:57
KANNIYAKUMARI,229,SUDHAGAR.R,Independent,41,14,Trailing,0,39899,S22229,https://results.eci.gov.in/ResultAcGenMay2026/ConstituencywiseS22229.htm,2026-05-04 15:31:57
KANNIYAKUMARI,229,DAVID SAHAYA BASCAR,Independent,42,13,Trailing,0,39899,S22229,https://results.eci.gov.in/ResultAcGenMay2026/ConstituencywiseS22229.htm,2026-05-04 15:31:57
KANNIYAKUMARI,229,THANUNEELAN . S,Independent,37,15,Trailing,0,39899,S22229,https://results.eci.gov.in/ResultAcGenMay2026/ConstituencywiseS22229.htm,2026-05-04 15:31:57
KANNIYAKUMARI,229,RAMAKRISHNAN.C,Independent,67,10,Trailing,0,39899,S22229,https://results.eci.gov.in/ResultAcGenMay2026/ConstituencywiseS22229.htm,2026-05-04 15:31:57
KANNIYAKUMARI,229,RAJAN. S,Independent,306,6,Trailing,0,39899,S22229,https://results.eci.gov.in/ResultAcGenMay2026/ConstituencywiseS22229.htm,2026-05-04 15:31:57
KANNIYAKUMARI,229,NOTA,None of the Above,447,5,Trailing,0,39899,S22229,https://results.eci.gov.in/ResultAcGenMay2026/ConstituencywiseS22229.htm,2026-05-04 15:31:57
KARAIKUDI,184,RANJITHKUMAR BALUSAMY,Bahujan Samaj Party,146,13,Trailing,0,27139,S22184,https://results.eci.gov.in/ResultAcGenMay2026/ConstituencywiseS22184.htm,2026-05-04 15:32:02
KARAIKUDI,184,SEEMAN,Naam Tamilar Katchi,13994,3,Trailing,0,27139,S22184,https://results.eci.gov.in/ResultAcGenMay2026/ConstituencywiseS22184.htm,2026-05-04 15:32:02
KARAIKUDI,184,MANGUDI. S,Indian National Congress,27139,2,Runner-up,0,27139,S22184,https://results.eci.gov.in/ResultAcGenMay2026/ConstituencywiseS22184.htm,2026-05-04 15:32:02
KARAIKUDI,184,AZIZ ABDUL RAHMAN. J,Samaniya Makkal Nala Katchi,114,17,Trailing,0,27139,S22184,https://results.eci.gov.in/ResultAcGenMay2026/ConstituencywiseS22184.htm,2026-05-04 15:32:02
KARAIKUDI,184,KARUPPIAH. K,Republican Party of India (Athawale),259,5,Trailing,0,27139,S22184,https://results.eci.gov.in/ResultAcGenMay2026/ConstituencywiseS22184.htm,2026-05-04 15:32:02
KARAIKUDI,184,KALIMUTHU. A,All India Puratchi Thalaivar Makkal Munnettra Kazhagam,193,9,Trailing,0,27139,S22184,https://results.eci.gov.in/ResultAcGenMay2026/ConstituencywiseS22184.htm,2026-05-04 15:32:02
KARAIKUDI,184,DHERPOKI V.PANDI,Amma Makkal Munnettra Kazagam,13601,4,Trailing,0,27139,S22184,https://results.eci.gov.in/ResultAcGenMay2026/ConstituencywiseS22184.htm,2026-05-04 15:32:02
KARAIKUDI,184,NEWTON BABU. C,Puthiya Tamilagam,213,8,Trailing,0,27139,S22184,https://results.eci.gov.in/ResultAcGenMay2026/ConstituencywiseS22184.htm,2026-05-04 15:32:02
KARAIKUDI,184,DR.PRABHU. TK,Tamilaga Vettri Kazhagam,50162,1,Leading / Top Candidate,23023,27139,S22184,https://results.eci.gov.in/ResultAcGenMay2026/ConstituencywiseS22184.htm,2026-05-04 15:32:02
KARAIKUDI,184,RAMU. M,Independent,63,23,Trailing,0,27139,S22184,https://results.eci.gov.in/ResultAcGenMay2026/ConstituencywiseS22184.htm,2026-05-04 15:32:02
KARAIKUDI,184,UDHUMAN ALI. M.S,Independent,53,24,Trailing,0,27139,S22184,https://results.eci.gov.in/ResultAcGenMay2026/ConstituencywiseS22184.htm,2026-05-04 15:32:02
KARAIKUDI,184,KALIDASS. R,Independent,166,12,Trailing,0,27139,S22184,https://results.eci.gov.in/ResultAcGenMay2026/ConstituencywiseS22184.htm,2026-05-04 15:32:02
KARAIKUDI,184,SHANTHI. B,Independent,91,18,Trailing,0,27139,S22184,https://results.eci.gov.in/ResultAcGenMay2026/ConstituencywiseS22184.htm,2026-05-04 15:32:02
KARAIKUDI,184,SURESH. V,Independent,73,20,Trailing,0,27139,S22184,https://results.eci.gov.in/ResultAcGenMay2026/ConstituencywiseS22184.htm,2026-05-04 15:32:02
KARAIKUDI,184,SELVI. K,Independent,70,22,Trailing,0,27139,S22184,https://results.eci.gov.in/ResultAcGenMay2026/ConstituencywiseS22184.htm,2026-05-04 15:32:02
KARAIKUDI,184,DINESH. K,Independent,225,7,Trailing,0,27139,S22184,https://results.eci.gov.in/ResultAcGenMay2026/ConstituencywiseS22184.htm,2026-05-04 15:32:02
KARAIKUDI,184,PANDI. S,Independent,125,15,Trailing,0,27139,S22184,https://results.eci.gov.in/ResultAcGenMay2026/ConstituencywiseS22184.htm,2026-05-04 15:32:02
KARAIKUDI,184,PRABU. G,Independent,192,10,Trailing,0,27139,S22184,https://results.eci.gov.in/ResultAcGenMay2026/ConstituencywiseS22184.htm,2026-05-04 15:32:02
KARAIKUDI,184,MANIMARAN. R,Independent,138,14,Trailing,0,27139,S22184,https://results.eci.gov.in/ResultAcGenMay2026/ConstituencywiseS22184.htm,2026-05-04 15:32:02
KARAIKUDI,184,MUTHUKUMAR. K,Independent,43,26,Trailing,0,27139,S22184,https://results.eci.gov.in/ResultAcGenMay2026/ConstituencywiseS22184.htm,2026-05-04 15:32:02
KARAIKUDI,184,RAMANATHAN. S.V,Independent,47,25,Trailing,0,27139,S22184,https://results.eci.gov.in/ResultAcGenMay2026/ConstituencywiseS22184.htm,2026-05-04 15:32:02
KARAIKUDI,184,LAKSHMANAN. R,Independent,76,19,Trailing,0,27139,S22184,https://results.eci.gov.in/ResultAcGenMay2026/ConstituencywiseS22184.htm,2026-05-04 15:32:02
KARAIKUDI,184,VEERAMANIKANDAN. V,Independent,71,21,Trailing,0,27139,S22184,https://results.eci.gov.in/ResultAcGenMay2026/ConstituencywiseS22184.htm,2026-05-04 15:32:02
KARAIKUDI,184,VELU. K,Independent,192,11,Trailing,0,27139,S22184,https://results.eci.gov.in/ResultAcGenMay2026/ConstituencywiseS22184.htm,2026-05-04 15:32:02
KARAIKUDI,184,JEEVITHA. A,Independent,124,16,Trailing,0,27139,S22184,https://results.eci.gov.in/ResultAcGenMay2026/ConstituencywiseS22184.htm,2026-05-04 15:32:02
KARAIKUDI,184,NOTA,None of the Above,259,6,Trailing,0,27139,S22184,https://results.eci.gov.in/ResultAcGenMay2026/ConstituencywiseS22184.htm,2026-05-04 15:32:02
KARUR,135,KARUPPAIYA. R,Naam Tamilar Katchi,2845,4,Trailing,0,37178,S22135,https://results.eci.gov.in/ResultAcGenMay2026/ConstituencywiseS22135.htm,2026-05-04 15:32:06
KARUR,135,AASEE.M. THIAGARAJAN,Dravida Munnetra Kazhagam,37178,2,Runner-up,0,37178,S22135,https://results.eci.gov.in/ResultAcGenMay2026/ConstituencywiseS22135.htm,2026-05-04 15:32:06
KARUR,135,M.R. VIJAYABHASKAR,All India Anna Dravida Munnetra Kazhagam,43021,1,Leading / Top Candidate,5843,37178,S22135,https://results.eci.gov.in/ResultAcGenMay2026/ConstituencywiseS22135.htm,2026-05-04 15:32:06
KARUR,135,JAYAGOPAL. P,Bahujan Samaj Party,181,6,Trailing,0,37178,S22135,https://results.eci.gov.in/ResultAcGenMay2026/ConstituencywiseS22135.htm,2026-05-04 15:32:06
KARUR,135,KALIMUTHU. V,Samaniya Makkal Nala Katchi,30,13,Trailing,0,37178,S22135,https://results.eci.gov.in/ResultAcGenMay2026/ConstituencywiseS22135.htm,2026-05-04 15:32:06
KARUR,135,GUNASEKARAN. K,Tamizhaga Vaazhvurimai Katchi,116,7,Trailing,0,37178,S22135,https://results.eci.gov.in/ResultAcGenMay2026/ConstituencywiseS22135.htm,2026-05-04 15:32:06
KARUR,135,MATHIYALAGAN V.P,Tamilaga Vettri Kazhagam,36056,3,Trailing,0,37178,S22135,https://results.eci.gov.in/ResultAcGenMay2026/ConstituencywiseS22135.htm,2026-05-04 15:32:06
KARUR,135,RAMACHANDRAN. A,Ganasangam Party of India,48,11,Trailing,0,37178,S22135,https://results.eci.gov.in/ResultAcGenMay2026/ConstituencywiseS22135.htm,2026-05-04 15:32:06
KARUR,135,ASARUDHEEN. A,Independent,28,15,Trailing,0,37178,S22135,https://results.eci.gov.in/ResultAcGenMay2026/ConstituencywiseS22135.htm,2026-05-04 15:32:06
KARUR,135,ARULMANIARASU. P,Independent,18,21,Trailing,0,37178,S22135,https://results.eci.gov.in/ResultAcGenMay2026/ConstituencywiseS22135.htm,2026-05-04 15:32:06
KARUR,135,ANBARASAN. N,Independent,17,23,Trailing,0,37178,S22135,https://results.eci.gov.in/ResultAcGenMay2026/ConstituencywiseS22135.htm,2026-05-04 15:32:06
KARUR,135,ANBAZHAGAN. T,Independent,39,12,Trailing,0,37178,S22135,https://results.eci.gov.in/ResultAcGenMay2026/ConstituencywiseS22135.htm,2026-05-04 15:32:06
KARUR,135,ELAMATHI. S,Independent,30,14,Trailing,0,37178,S22135,https://results.eci.gov.in/ResultAcGenMay2026/ConstituencywiseS22135.htm,2026-05-04 15:32:06
KARUR,135,KATHIRAVAN. P,Independent,75,10,Trailing,0,37178,S22135,https://results.eci.gov.in/ResultAcGenMay2026/ConstituencywiseS22135.htm,2026-05-04 15:32:06
KARUR,135,KATHIRVEL. K,Independent,89,8,Trailing,0,37178,S22135,https://results.eci.gov.in/ResultAcGenMay2026/ConstituencywiseS22135.htm,2026-05-04 15:32:06
KARUR,135,KANDASAMY. P,Independent,80,9,Trailing,0,37178,S22135,https://results.eci.gov.in/ResultAcGenMay2026/ConstituencywiseS22135.htm,2026-05-04 15:32:06
KARUR,135,KARUNAMOORTHY. S,Independent,16,26,Trailing,0,37178,S22135,https://results.eci.gov.in/ResultAcGenMay2026/ConstituencywiseS22135.htm,2026-05-04 15:32:06
KARUR,135,KALAIRAJ. K,Independent,15,27,Trailing,0,37178,S22135,https://results.eci.gov.in/ResultAcGenMay2026/ConstituencywiseS22135.htm,2026-05-04 15:32:06
KARUR,135,KANAGARAJ. S,Independent,19,20,Trailing,0,37178,S22135,https://results.eci.gov.in/ResultAcGenMay2026/ConstituencywiseS22135.htm,2026-05-04 15:32:06
KARUR,135,KANAGARAJ. P,Independent,5,58,Trailing,0,37178,S22135,https://results.eci.gov.in/ResultAcGenMay2026/ConstituencywiseS22135.htm,2026-05-04 15:32:06
KARUR,135,KARTHIKPERUMAL. R,Independent,4,63,Trailing,0,37178,S22135,https://results.eci.gov.in/ResultAcGenMay2026/ConstituencywiseS22135.htm,2026-05-04 15:32:06
KARUR,135,KALIMUTHU. R,Independent,6,53,Trailing,0,37178,S22135,https://results.eci.gov.in/ResultAcGenMay2026/ConstituencywiseS22135.htm,2026-05-04 15:32:06
KARUR,135,KRISHNAKUMAR. K,Independent,27,17,Trailing,0,37178,S22135,https://results.eci.gov.in/ResultAcGenMay2026/ConstituencywiseS22135.htm,2026-05-04 15:32:06
KARUR,135,GOPALA KRISHNAN. A,Independent,6,54,Trailing,0,37178,S22135,https://results.eci.gov.in/ResultAcGenMay2026/ConstituencywiseS22135.htm,2026-05-04 15:32:06
KARUR,135,SATHISH KUMAR. S,Independent,7,47,Trailing,0,37178,S22135,https://results.eci.gov.in/ResultAcGenMay2026/ConstituencywiseS22135.htm,2026-05-04 15:32:06
KARUR,135,SATHISH. P,Independent,6,55,Trailing,0,37178,S22135,https://results.eci.gov.in/ResultAcGenMay2026/ConstituencywiseS22135.htm,2026-05-04 15:32:06
KARUR,135,SAMPATH. S,Independent,14,31,Trailing,0,37178,S22135,https://results.eci.gov.in/ResultAcGenMay2026/ConstituencywiseS22135.htm,2026-05-04 15:32:06
KARUR,135,SARAVANAN. R,Independent,5,59,Trailing,0,37178,S22135,https://results.eci.gov.in/ResultAcGenMay2026/ConstituencywiseS22135.htm,2026-05-04 15:32:06
KARUR,135,SIVAKUMAR. A,Independent,8,40,Trailing,0,37178,S22135,https://results.eci.gov.in/ResultAcGenMay2026/ConstituencywiseS22135.htm,2026-05-04 15:32:06
KARUR,135,SIVAKUMAR. N,Independent,15,28,Trailing,0,37178,S22135,https://results.eci.gov.in/ResultAcGenMay2026/ConstituencywiseS22135.htm,2026-05-04 15:32:06
KARUR,135,SIVAKUMAR. V,Independent,13,33,Trailing,0,37178,S22135,https://results.eci.gov.in/ResultAcGenMay2026/ConstituencywiseS22135.htm,2026-05-04 15:32:06
KARUR,135,SEETHA LAKSHMI. D,Independent,17,24,Trailing,0,37178,S22135,https://results.eci.gov.in/ResultAcGenMay2026/ConstituencywiseS22135.htm,2026-05-04 15:32:06
KARUR,135,SUBASH MALAYALAM. T,Independent,17,25,Trailing,0,37178,S22135,https://results.eci.gov.in/ResultAcGenMay2026/ConstituencywiseS22135.htm,2026-05-04 15:32:06
KARUR,135,SURIYAKUMAR. J,Independent,8,41,Trailing,0,37178,S22135,https://results.eci.gov.in/ResultAcGenMay2026/ConstituencywiseS22135.htm,2026-05-04 15:32:06
KARUR,135,SENBAGAKUMAR. L,Independent,21,18,Trailing,0,37178,S22135,https://results.eci.gov.in/ResultAcGenMay2026/ConstituencywiseS22135.htm,2026-05-04 15:32:06
KARUR,135,SENTHILKUMAR. G,Independent,6,56,Trailing,0,37178,S22135,https://results.eci.gov.in/ResultAcGenMay2026/ConstituencywiseS22135.htm,2026-05-04 15:32:06
KARUR,135,SENTHILKUMAR. M,Independent,4,64,Trailing,0,37178,S22135,https://results.eci.gov.in/ResultAcGenMay2026/ConstituencywiseS22135.htm,2026-05-04 15:32:06
KARUR,135,SOUNDARA RAJAN. R,Independent,1,76,Trailing,0,37178,S22135,https://results.eci.gov.in/ResultAcGenMay2026/ConstituencywiseS22135.htm,2026-05-04 15:32:06
KARUR,135,SOUNDARYAN. K,Independent,7,48,Trailing,0,37178,S22135,https://results.eci.gov.in/ResultAcGenMay2026/ConstituencywiseS22135.htm,2026-05-04 15:32:06
KARUR,135,DANIYA. P,Independent,5,60,Trailing,0,37178,S22135,https://results.eci.gov.in/ResultAcGenMay2026/ConstituencywiseS22135.htm,2026-05-04 15:32:06
KARUR,135,THANGAVELRAJ. S,Independent,3,67,Trailing,0,37178,S22135,https://results.eci.gov.in/ResultAcGenMay2026/ConstituencywiseS22135.htm,2026-05-04 15:32:06
KARUR,135,THAMILALAGAN. A,Independent,4,65,Trailing,0,37178,S22135,https://results.eci.gov.in/ResultAcGenMay2026/ConstituencywiseS22135.htm,2026-05-04 15:32:06
KARUR,135,THIYAGARAJAN. M,Independent,8,42,Trailing,0,37178,S22135,https://results.eci.gov.in/ResultAcGenMay2026/ConstituencywiseS22135.htm,2026-05-04 15:32:06
KARUR,135,THIRUGNANAM. M,Independent,4,66,Trailing,0,37178,S22135,https://results.eci.gov.in/ResultAcGenMay2026/ConstituencywiseS22135.htm,2026-05-04 15:32:06
KARUR,135,DINESH. B,Independent,7,49,Trailing,0,37178,S22135,https://results.eci.gov.in/ResultAcGenMay2026/ConstituencywiseS22135.htm,2026-05-04 15:32:06
KARUR,135,DINESH KUMAR. K,Independent,9,37,Trailing,0,37178,S22135,https://results.eci.gov.in/ResultAcGenMay2026/ConstituencywiseS22135.htm,2026-05-04 15:32:06
KARUR,135,DURAISAMY. J,Independent,3,68,Trailing,0,37178,S22135,https://results.eci.gov.in/ResultAcGenMay2026/ConstituencywiseS22135.htm,2026-05-04 15:32:06
KARUR,135,DEVASTIN AUGUSTIN. G,Independent,11,36,Trailing,0,37178,S22135,https://results.eci.gov.in/ResultAcGenMay2026/ConstituencywiseS22135.htm,2026-05-04 15:32:06
KARUR,135,NANDHAKUMAR. A,Independent,8,43,Trailing,0,37178,S22135,https://results.eci.gov.in/ResultAcGenMay2026/ConstituencywiseS22135.htm,2026-05-04 15:32:06
KARUR,135,PARAMESWARI,Independent,6,57,Trailing,0,37178,S22135,https://results.eci.gov.in/ResultAcGenMay2026/ConstituencywiseS22135.htm,2026-05-04 15:32:06
KARUR,135,PALAMUTHIR SELVAN. O,Independent,9,38,Trailing,0,37178,S22135,https://results.eci.gov.in/ResultAcGenMay2026/ConstituencywiseS22135.htm,2026-05-04 15:32:06
KARUR,135,PALANIRAJAN. K,Independent,7,50,Trailing,0,37178,S22135,https://results.eci.gov.in/ResultAcGenMay2026/ConstituencywiseS22135.htm,2026-05-04 15:32:06
KARUR,135,PALANIVEL. P,Independent,1,77,Trailing,0,37178,S22135,https://results.eci.gov.in/ResultAcGenMay2026/ConstituencywiseS22135.htm,2026-05-04 15:32:06
KARUR,135,BABU. G,Independent,12,34,Trailing,0,37178,S22135,https://results.eci.gov.in/ResultAcGenMay2026/ConstituencywiseS22135.htm,2026-05-04 15:32:06
KARUR,135,BHARATHI. P,Independent,9,39,Trailing,0,37178,S22135,https://results.eci.gov.in/ResultAcGenMay2026/ConstituencywiseS22135.htm,2026-05-04 15:32:06
KARUR,135,BASKAR. P,Independent,2,72,Trailing,0,37178,S22135,https://results.eci.gov.in/ResultAcGenMay2026/ConstituencywiseS22135.htm,2026-05-04 15:32:06
KARUR,135,PRAKASH. N,Independent,2,73,Trailing,0,37178,S22135,https://results.eci.gov.in/ResultAcGenMay2026/ConstituencywiseS22135.htm,2026-05-04 15:32:06
KARUR,135,PRASANTH. S,Independent,5,61,Trailing,0,37178,S22135,https://results.eci.gov.in/ResultAcGenMay2026/ConstituencywiseS22135.htm,2026-05-04 15:32:06
KARUR,135,PRAVEENKUMAR. J,Independent,20,19,Trailing,0,37178,S22135,https://results.eci.gov.in/ResultAcGenMay2026/ConstituencywiseS22135.htm,2026-05-04 15:32:06
KARUR,135,MANIKANDAN,Independent,2,74,Trailing,0,37178,S22135,https://results.eci.gov.in/ResultAcGenMay2026/ConstituencywiseS22135.htm,2026-05-04 15:32:06
KARUR,135,MATHANRAJ. P,Independent,1,78,Trailing,0,37178,S22135,https://results.eci.gov.in/ResultAcGenMay2026/ConstituencywiseS22135.htm,2026-05-04 15:32:06
KARUR,135,MAILVAGANAN. B,Independent,18,22,Trailing,0,37178,S22135,https://results.eci.gov.in/ResultAcGenMay2026/ConstituencywiseS22135.htm,2026-05-04 15:32:06
KARUR,135,MANOJ. P,Independent,8,44,Trailing,0,37178,S22135,https://results.eci.gov.in/ResultAcGenMay2026/ConstituencywiseS22135.htm,2026-05-04 15:32:06
KARUR,135,MARIAMMAL. P.M,Independent,8,45,Trailing,0,37178,S22135,https://results.eci.gov.in/ResultAcGenMay2026/ConstituencywiseS22135.htm,2026-05-04 15:32:06
KARUR,135,MOHAMAD ISMAIL. M,Independent,15,29,Trailing,0,37178,S22135,https://results.eci.gov.in/ResultAcGenMay2026/ConstituencywiseS22135.htm,2026-05-04 15:32:06
KARUR,135,MUTHU. K.R,Independent,15,30,Trailing,0,37178,S22135,https://results.eci.gov.in/ResultAcGenMay2026/ConstituencywiseS22135.htm,2026-05-04 15:32:06
KARUR,135,MURALI. M,Independent,28,16,Trailing,0,37178,S22135,https://results.eci.gov.in/ResultAcGenMay2026/ConstituencywiseS22135.htm,2026-05-04 15:32:06
KARUR,135,YOONUS ALI. R,Independent,7,51,Trailing,0,37178,S22135,https://results.eci.gov.in/ResultAcGenMay2026/ConstituencywiseS22135.htm,2026-05-04 15:32:06
KARUR,135,RAGURAMAN MURUGANANTHAM,Independent,2,75,Trailing,0,37178,S22135,https://results.eci.gov.in/ResultAcGenMay2026/ConstituencywiseS22135.htm,2026-05-04 15:32:06
KARUR,135,RAJAPANDIAN. K,Independent,5,62,Trailing,0,37178,S22135,https://results.eci.gov.in/ResultAcGenMay2026/ConstituencywiseS22135.htm,2026-05-04 15:32:06
KARUR,135,VANITHA. K.M,Independent,7,52,Trailing,0,37178,S22135,https://results.eci.gov.in/ResultAcGenMay2026/ConstituencywiseS22135.htm,2026-05-04 15:32:06
KARUR,135,VIGNESHWARAN. D,Independent,1,79,Trailing,0,37178,S22135,https://results.eci.gov.in/ResultAcGenMay2026/ConstituencywiseS22135.htm,2026-05-04 15:32:06
KARUR,135,VINEETH. B,Independent,3,69,Trailing,0,37178,S22135,https://results.eci.gov.in/ResultAcGenMay2026/ConstituencywiseS22135.htm,2026-05-04 15:32:06
KARUR,135,VINOTHKUMAR. N,Independent,1,80,Trailing,0,37178,S22135,https://results.eci.gov.in/ResultAcGenMay2026/ConstituencywiseS22135.htm,2026-05-04 15:32:06
KARUR,135,VIJAYA BASKAR. R.V,Independent,3,70,Trailing,0,37178,S22135,https://results.eci.gov.in/ResultAcGenMay2026/ConstituencywiseS22135.htm,2026-05-04 15:32:06
KARUR,135,VIJAYAN. K,Independent,3,71,Trailing,0,37178,S22135,https://results.eci.gov.in/ResultAcGenMay2026/ConstituencywiseS22135.htm,2026-05-04 15:32:06
KARUR,135,STEPHENRAJ. L,Independent,12,35,Trailing,0,37178,S22135,https://results.eci.gov.in/ResultAcGenMay2026/ConstituencywiseS22135.htm,2026-05-04 15:32:06
KARUR,135,HARI RAAJ. B,Independent,8,46,Trailing,0,37178,S22135,https://results.eci.gov.in/ResultAcGenMay2026/ConstituencywiseS22135.htm,2026-05-04 15:32:06
KARUR,135,HARIHARAN. S,Independent,14,32,Trailing,0,37178,S22135,https://results.eci.gov.in/ResultAcGenMay2026/ConstituencywiseS22135.htm,2026-05-04 15:32:06
KARUR,135,NOTA,None of the Above,279,5,Trailing,0,37178,S22135,https://results.eci.gov.in/ResultAcGenMay2026/ConstituencywiseS22135.htm,2026-05-04 15:32:06
KATPADI,40,S. THIRUKKUMARAN,Naam Tamilar Katchi,2227,4,Trailing,0,32694,S2240,https://results.eci.gov.in/ResultAcGenMay2026/ConstituencywiseS2240.htm,2026-05-04 15:32:11
KATPADI,40,DURAIMURUGAN,Dravida Munnetra Kazhagam,29385,3,Trailing,0,32694,S2240,https://results.eci.gov.in/ResultAcGenMay2026/ConstituencywiseS2240.htm,2026-05-04 15:32:11
KATPADI,40,J. RAMESH,Bahujan Samaj Party,177,6,Trailing,0,32694,S2240,https://results.eci.gov.in/ResultAcGenMay2026/ConstituencywiseS2240.htm,2026-05-04 15:32:11
KATPADI,40,V. RAMU,All India Anna Dravida Munnetra Kazhagam,34007,1,Leading / Top Candidate,1313,32694,S2240,https://results.eci.gov.in/ResultAcGenMay2026/ConstituencywiseS2240.htm,2026-05-04 15:32:11
KATPADI,40,INDU .W,Tamil Manila Murpokku Dravida Kazhagam,160,8,Trailing,0,32694,S2240,https://results.eci.gov.in/ResultAcGenMay2026/ConstituencywiseS2240.htm,2026-05-04 15:32:11
KATPADI,40,GANESAN .P,Indhu Dravida Makkal Katchi,37,14,Trailing,0,32694,S2240,https://results.eci.gov.in/ResultAcGenMay2026/ConstituencywiseS2240.htm,2026-05-04 15:32:11
KATPADI,40,V. CHANDRAN,All India Puratchi Thalaivar Makkal Munnettra Kazhagam,90,10,Trailing,0,32694,S2240,https://results.eci.gov.in/ResultAcGenMay2026/ConstituencywiseS2240.htm,2026-05-04 15:32:11
KATPADI,40,DR M SUDHAKAR,Tamilaga Vettri Kazhagam,32694,2,Runner-up,0,32694,S2240,https://results.eci.gov.in/ResultAcGenMay2026/ConstituencywiseS2240.htm,2026-05-04 15:32:11
KATPADI,40,S. BALAJI,Tamil Nadu Ilangyar Katchi,72,12,Trailing,0,32694,S2240,https://results.eci.gov.in/ResultAcGenMay2026/ConstituencywiseS2240.htm,2026-05-04 15:32:11
KATPADI,40,S. RAMAN,Independent,28,15,Trailing,0,32694,S2240,https://results.eci.gov.in/ResultAcGenMay2026/ConstituencywiseS2240.htm,2026-05-04 15:32:11
KATPADI,40,SARAVANAN .D,Independent,26,16,Trailing,0,32694,S2240,https://results.eci.gov.in/ResultAcGenMay2026/ConstituencywiseS2240.htm,2026-05-04 15:32:11
KATPADI,40,M. SUTHAKAR,Independent,82,11,Trailing,0,32694,S2240,https://results.eci.gov.in/ResultAcGenMay2026/ConstituencywiseS2240.htm,2026-05-04 15:32:11
KATPADI,40,DHANASEKAR,Independent,65,13,Trailing,0,32694,S2240,https://results.eci.gov.in/ResultAcGenMay2026/ConstituencywiseS2240.htm,2026-05-04 15:32:11
KATPADI,40,DHANANCHEZHIYAN,Independent,112,9,Trailing,0,32694,S2240,https://results.eci.gov.in/ResultAcGenMay2026/ConstituencywiseS2240.htm,2026-05-04 15:32:11
KATPADI,40,D. RAMU,Independent,175,7,Trailing,0,32694,S2240,https://results.eci.gov.in/ResultAcGenMay2026/ConstituencywiseS2240.htm,2026-05-04 15:32:11
KATPADI,40,NOTA,None of the Above,303,5,Trailing,0,32694,S2240,https://results.eci.gov.in/ResultAcGenMay2026/ConstituencywiseS2240.htm,2026-05-04 15:32:11
KATTUMANNARKOIL,159,SATHEESHKUMAR .M,Bahujan Samaj Party,154,10,Trailing,0,30434,S22159,https://results.eci.gov.in/ResultAcGenMay2026/ConstituencywiseS22159.htm,2026-05-04 15:32:15
KATTUMANNARKOIL,159,SIVAJOTHI .M,Naam Tamilar Katchi,2592,4,Trailing,0,30434,S22159,https://results.eci.gov.in/ResultAcGenMay2026/ConstituencywiseS22159.htm,2026-05-04 15:32:15
KATTUMANNARKOIL,159,L.E. JOTHIMANI,Viduthalai Chiruthaigal Katchi,47333,1,Leading / Top Candidate,16899,30434,S22159,https://results.eci.gov.in/ResultAcGenMay2026/ConstituencywiseS22159.htm,2026-05-04 15:32:15
KATTUMANNARKOIL,159,ALAVANTHAR .M,Tamizhaga Vaazhvurimai Katchi,360,5,Trailing,0,30434,S22159,https://results.eci.gov.in/ResultAcGenMay2026/ConstituencywiseS22159.htm,2026-05-04 15:32:15
KATTUMANNARKOIL,159,G. KALYANA SUNDARAM,All India Jananayaka Makkal Kazhagam,139,11,Trailing,0,30434,S22159,https://results.eci.gov.in/ResultAcGenMay2026/ConstituencywiseS22159.htm,2026-05-04 15:32:15
KATTUMANNARKOIL,159,S. SEENUVASAN,Tamilaga Vettri Kazhagam,24083,3,Trailing,0,30434,S22159,https://results.eci.gov.in/ResultAcGenMay2026/ConstituencywiseS22159.htm,2026-05-04 15:32:15
KATTUMANNARKOIL,159,A. SOZHAN,Pattali Makkal Katchi,30434,2,Runner-up,0,30434,S22159,https://results.eci.gov.in/ResultAcGenMay2026/ConstituencywiseS22159.htm,2026-05-04 15:32:15
KATTUMANNARKOIL,159,BABU .B,Rashtriya Samaj Dal (R),109,12,Trailing,0,30434,S22159,https://results.eci.gov.in/ResultAcGenMay2026/ConstituencywiseS22159.htm,2026-05-04 15:32:15
KATTUMANNARKOIL,159,S. MURALI,Aanaithinthiya Jananayaka Pathukappu Kazhagam,224,8,Trailing,0,30434,S22159,https://results.eci.gov.in/ResultAcGenMay2026/ConstituencywiseS22159.htm,2026-05-04 15:32:15
KATTUMANNARKOIL,159,M.A.T. ARCHUNAN,Independent,188,9,Trailing,0,30434,S22159,https://results.eci.gov.in/ResultAcGenMay2026/ConstituencywiseS22159.htm,2026-05-04 15:32:15
KATTUMANNARKOIL,159,SANKARKUMAR .S,Independent,292,6,Trailing,0,30434,S22159,https://results.eci.gov.in/ResultAcGenMay2026/ConstituencywiseS22159.htm,2026-05-04 15:32:15
KATTUMANNARKOIL,159,NOTA,None of the Above,249,7,Trailing,0,30434,S22159,https://results.eci.gov.in/ResultAcGenMay2026/ConstituencywiseS22159.htm,2026-05-04 15:32:15
KAVUNDAMPALAYAM,117,ARUNKUMAR PRG,All India Anna Dravida Munnetra Kazhagam,83904,2,Runner-up,0,83904,S22117,https://results.eci.gov.in/ResultAcGenMay2026/ConstituencywiseS22117.htm,2026-05-04 15:32:19
KAVUNDAMPALAYAM,117,KALAMANI JAGANATHAN,Naam Tamilar Katchi,13213,4,Trailing,0,83904,S22117,https://results.eci.gov.in/ResultAcGenMay2026/ConstituencywiseS22117.htm,2026-05-04 15:32:19
KAVUNDAMPALAYAM,117,SURYA PRAKASH K.P,Indian National Congress,74496,3,Trailing,0,83904,S22117,https://results.eci.gov.in/ResultAcGenMay2026/ConstituencywiseS22117.htm,2026-05-04 15:32:19
KAVUNDAMPALAYAM,117,K.VELMURUGAN,Bahujan Samaj Party,433,7,Trailing,0,83904,S22117,https://results.eci.gov.in/ResultAcGenMay2026/ConstituencywiseS22117.htm,2026-05-04 15:32:19
KAVUNDAMPALAYAM,117,THOZHAR.N.ARUNKUMAR,Tamizhaga Vaazhvurimai Katchi,334,8,Trailing,0,83904,S22117,https://results.eci.gov.in/ResultAcGenMay2026/ConstituencywiseS22117.htm,2026-05-04 15:32:19
KAVUNDAMPALAYAM,117,KANIMOZHI SANTHOSH,Tamilaga Vettri Kazhagam,121179,1,Leading / Top Candidate,37275,83904,S22117,https://results.eci.gov.in/ResultAcGenMay2026/ConstituencywiseS22117.htm,2026-05-04 15:32:19
KAVUNDAMPALAYAM,117,S.THAMARAI KANNAN,Party for the Rights of Other backward Classes,301,9,Trailing,0,83904,S22117,https://results.eci.gov.in/ResultAcGenMay2026/ConstituencywiseS22117.htm,2026-05-04 15:32:19
KAVUNDAMPALAYAM,117,V.PUSHPANANTHAM,Tamizhaga Murpokku Makkal Katchi,103,15,Trailing,0,83904,S22117,https://results.eci.gov.in/ResultAcGenMay2026/ConstituencywiseS22117.htm,2026-05-04 15:32:19
KAVUNDAMPALAYAM,117,MALLIGA.M,All India Puratchi Thalaivar Makkal Munnettra Kazhagam,267,12,Trailing,0,83904,S22117,https://results.eci.gov.in/ResultAcGenMay2026/ConstituencywiseS22117.htm,2026-05-04 15:32:19
KAVUNDAMPALAYAM,117,KANIMOZHI.K,Independent,451,6,Trailing,0,83904,S22117,https://results.eci.gov.in/ResultAcGenMay2026/ConstituencywiseS22117.htm,2026-05-04 15:32:19
KAVUNDAMPALAYAM,117,SURIYAKUMAR.K,Independent,200,14,Trailing,0,83904,S22117,https://results.eci.gov.in/ResultAcGenMay2026/ConstituencywiseS22117.htm,2026-05-04 15:32:19
KAVUNDAMPALAYAM,117,A.BALAMURUGAN,Independent,281,11,Trailing,0,83904,S22117,https://results.eci.gov.in/ResultAcGenMay2026/ConstituencywiseS22117.htm,2026-05-04 15:32:19
KAVUNDAMPALAYAM,117,M.RAJALINGAM,Independent,295,10,Trailing,0,83904,S22117,https://results.eci.gov.in/ResultAcGenMay2026/ConstituencywiseS22117.htm,2026-05-04 15:32:19
KAVUNDAMPALAYAM,117,M.JOHN BOSCO,Independent,250,13,Trailing,0,83904,S22117,https://results.eci.gov.in/ResultAcGenMay2026/ConstituencywiseS22117.htm,2026-05-04 15:32:19
KAVUNDAMPALAYAM,117,NOTA,None of the Above,1646,5,Trailing,0,83904,S22117,https://results.eci.gov.in/ResultAcGenMay2026/ConstituencywiseS22117.htm,2026-05-04 15:32:19
KILLIYOOR,234,NIVIN SIMON. J,Bharatiya Janata Party,20409,3,Trailing,0,42974,S22234,https://results.eci.gov.in/ResultAcGenMay2026/ConstituencywiseS22234.htm,2026-05-04 15:32:24
KILLIYOOR,234,RAJESH KUMAR. S,Indian National Congress,43117,1,Leading / Top Candidate,143,42974,S22234,https://results.eci.gov.in/ResultAcGenMay2026/ConstituencywiseS22234.htm,2026-05-04 15:32:24
KILLIYOOR,234,HIMLAR,Naam Tamilar Katchi,7125,4,Trailing,0,42974,S22234,https://results.eci.gov.in/ResultAcGenMay2026/ConstituencywiseS22234.htm,2026-05-04 15:32:24
KILLIYOOR,234,SABIN. S,Tamilaga Vettri Kazhagam,42974,2,Runner-up,0,42974,S22234,https://results.eci.gov.in/ResultAcGenMay2026/ConstituencywiseS22234.htm,2026-05-04 15:32:24
KILLIYOOR,234,PRABHU. S,Thamizhaka Padaippalar Makkal Katchi,282,6,Trailing,0,42974,S22234,https://results.eci.gov.in/ResultAcGenMay2026/ConstituencywiseS22234.htm,2026-05-04 15:32:24
KILLIYOOR,234,RUBIN ANTONY,Tamizhaga Vaazhvurimai Katchi,102,11,Trailing,0,42974,S22234,https://results.eci.gov.in/ResultAcGenMay2026/ConstituencywiseS22234.htm,2026-05-04 15:32:24
KILLIYOOR,234,JUSTIN. T,Indian Christian Front,56,13,Trailing,0,42974,S22234,https://results.eci.gov.in/ResultAcGenMay2026/ConstituencywiseS22234.htm,2026-05-04 15:32:24
KILLIYOOR,234,DR. RAMACHANDRAN. M,Independent,39,14,Trailing,0,42974,S22234,https://results.eci.gov.in/ResultAcGenMay2026/ConstituencywiseS22234.htm,2026-05-04 15:32:24
KILLIYOOR,234,SATHEESH. S,Independent,98,12,Trailing,0,42974,S22234,https://results.eci.gov.in/ResultAcGenMay2026/ConstituencywiseS22234.htm,2026-05-04 15:32:24
KILLIYOOR,234,AJAI (ALIAS) NAGARAJAN,Independent,108,10,Trailing,0,42974,S22234,https://results.eci.gov.in/ResultAcGenMay2026/ConstituencywiseS22234.htm,2026-05-04 15:32:24
KILLIYOOR,234,BERRILA. L,Independent,128,8,Trailing,0,42974,S22234,https://results.eci.gov.in/ResultAcGenMay2026/ConstituencywiseS22234.htm,2026-05-04 15:32:24
KILLIYOOR,234,BABY RAJ. P,Independent,109,9,Trailing,0,42974,S22234,https://results.eci.gov.in/ResultAcGenMay2026/ConstituencywiseS22234.htm,2026-05-04 15:32:24
KILLIYOOR,234,JUSTIN. M,Independent,138,7,Trailing,0,42974,S22234,https://results.eci.gov.in/ResultAcGenMay2026/ConstituencywiseS22234.htm,2026-05-04 15:32:24
KILLIYOOR,234,NOTA,None of the Above,339,5,Trailing,0,42974,S22234,https://results.eci.gov.in/ResultAcGenMay2026/ConstituencywiseS22234.htm,2026-05-04 15:32:24
KILPENNATHUR,64,RAMACHANDRAN.S,All India Anna Dravida Munnetra Kazhagam,72651,1,Leading / Top Candidate,27814,44837,S2264,https://results.eci.gov.in/ResultAcGenMay2026/ConstituencywiseS2264.htm,2026-05-04 15:32:28
KILPENNATHUR,64,PITCHANDI.K,Dravida Munnetra Kazhagam,44837,2,Runner-up,0,44837,S2264,https://results.eci.gov.in/ResultAcGenMay2026/ConstituencywiseS2264.htm,2026-05-04 15:32:28
KILPENNATHUR,64,LOGANATHAN.V,Naam Tamilar Katchi,4568,4,Trailing,0,44837,S2264,https://results.eci.gov.in/ResultAcGenMay2026/ConstituencywiseS2264.htm,2026-05-04 15:32:28
KILPENNATHUR,64,SHANMUGAM.A,Thamizhaka Padaippalar Makkal Katchi,113,15,Trailing,0,44837,S2264,https://results.eci.gov.in/ResultAcGenMay2026/ConstituencywiseS2264.htm,2026-05-04 15:32:28
KILPENNATHUR,64,RAJASEKAR.P,Tamizhaga Vaazhvurimai Katchi,189,10,Trailing,0,44837,S2264,https://results.eci.gov.in/ResultAcGenMay2026/ConstituencywiseS2264.htm,2026-05-04 15:32:28
KILPENNATHUR,64,RAJA.D,Tamilaga Vettri Kazhagam,43581,3,Trailing,0,44837,S2264,https://results.eci.gov.in/ResultAcGenMay2026/ConstituencywiseS2264.htm,2026-05-04 15:32:28
KILPENNATHUR,64,LOKESHWARAN.R,Anti Corruption Dynamic Party,102,17,Trailing,0,44837,S2264,https://results.eci.gov.in/ResultAcGenMay2026/ConstituencywiseS2264.htm,2026-05-04 15:32:28
KILPENNATHUR,64,JANAKIRAMAN.R,Aanaithinthiya Jananayaka Pathukappu Kazhagam,156,12,Trailing,0,44837,S2264,https://results.eci.gov.in/ResultAcGenMay2026/ConstituencywiseS2264.htm,2026-05-04 15:32:28
KILPENNATHUR,64,ATHIYAMAAN.M,Independent,34,20,Trailing,0,44837,S2264,https://results.eci.gov.in/ResultAcGenMay2026/ConstituencywiseS2264.htm,2026-05-04 15:32:28
KILPENNATHUR,64,SASIKUMAR.S,Independent,40,19,Trailing,0,44837,S2264,https://results.eci.gov.in/ResultAcGenMay2026/ConstituencywiseS2264.htm,2026-05-04 15:32:28
KILPENNATHUR,64,SANTHOSHKUMAR.E,Independent,55,18,Trailing,0,44837,S2264,https://results.eci.gov.in/ResultAcGenMay2026/ConstituencywiseS2264.htm,2026-05-04 15:32:28
KILPENNATHUR,64,SAMPATHRAJ.M,Independent,122,13,Trailing,0,44837,S2264,https://results.eci.gov.in/ResultAcGenMay2026/ConstituencywiseS2264.htm,2026-05-04 15:32:28
KILPENNATHUR,64,SURYAPRAKASH.S,Independent,120,14,Trailing,0,44837,S2264,https://results.eci.gov.in/ResultAcGenMay2026/ConstituencywiseS2264.htm,2026-05-04 15:32:28
KILPENNATHUR,64,DHILIPKUMAR.D,Independent,196,9,Trailing,0,44837,S2264,https://results.eci.gov.in/ResultAcGenMay2026/ConstituencywiseS2264.htm,2026-05-04 15:32:28
KILPENNATHUR,64,PICHANDI.D,Independent,419,6,Trailing,0,44837,S2264,https://results.eci.gov.in/ResultAcGenMay2026/ConstituencywiseS2264.htm,2026-05-04 15:32:28
KILPENNATHUR,64,PICHANDI.R,Independent,475,5,Trailing,0,44837,S2264,https://results.eci.gov.in/ResultAcGenMay2026/ConstituencywiseS2264.htm,2026-05-04 15:32:28
KILPENNATHUR,64,PICHANDI.V,Independent,216,8,Trailing,0,44837,S2264,https://results.eci.gov.in/ResultAcGenMay2026/ConstituencywiseS2264.htm,2026-05-04 15:32:28
KILPENNATHUR,64,MURUGAN.M,Independent,34,21,Trailing,0,44837,S2264,https://results.eci.gov.in/ResultAcGenMay2026/ConstituencywiseS2264.htm,2026-05-04 15:32:28
KILPENNATHUR,64,RAMACHANDRAN.K,Independent,28,22,Trailing,0,44837,S2264,https://results.eci.gov.in/ResultAcGenMay2026/ConstituencywiseS2264.htm,2026-05-04 15:32:28
KILPENNATHUR,64,RAMACHANDIRAN.R,Independent,18,23,Trailing,0,44837,S2264,https://results.eci.gov.in/ResultAcGenMay2026/ConstituencywiseS2264.htm,2026-05-04 15:32:28
KILPENNATHUR,64,RAJASEKAR.I,Independent,105,16,Trailing,0,44837,S2264,https://results.eci.gov.in/ResultAcGenMay2026/ConstituencywiseS2264.htm,2026-05-04 15:32:28
KILPENNATHUR,64,RAJKUMAR.R,Independent,158,11,Trailing,0,44837,S2264,https://results.eci.gov.in/ResultAcGenMay2026/ConstituencywiseS2264.htm,2026-05-04 15:32:28
KILPENNATHUR,64,NOTA,None of the Above,359,7,Trailing,0,44837,S2264,https://results.eci.gov.in/ResultAcGenMay2026/ConstituencywiseS2264.htm,2026-05-04 15:32:28
KILVAITHINANKUPPAM,45,DR. RAJESWARI. R,Dravida Munnetra Kazhagam,22087,2,Runner-up,0,22087,S2245,https://results.eci.gov.in/ResultAcGenMay2026/ConstituencywiseS2245.htm,2026-05-04 15:32:32
KILVAITHINANKUPPAM,45,KALAIYENTHIRI. R,Naam Tamilar Katchi,2118,4,Trailing,0,22087,S2245,https://results.eci.gov.in/ResultAcGenMay2026/ConstituencywiseS2245.htm,2026-05-04 15:32:32
KILVAITHINANKUPPAM,45,JEGAN MOORTHY. M,All India Anna Dravida Munnetra Kazhagam,21615,3,Trailing,0,22087,S2245,https://results.eci.gov.in/ResultAcGenMay2026/ConstituencywiseS2245.htm,2026-05-04 15:32:32
KILVAITHINANKUPPAM,45,ANANDALAI THANGARAJ. M,All India Puratchi Thalaivar Makkal Munnettra Kazhagam,210,6,Trailing,0,22087,S2245,https://results.eci.gov.in/ResultAcGenMay2026/ConstituencywiseS2245.htm,2026-05-04 15:32:32
KILVAITHINANKUPPAM,45,THENRAL KUMAR. E,Tamilaga Vettri Kazhagam,30170,1,Leading / Top Candidate,8083,22087,S2245,https://results.eci.gov.in/ResultAcGenMay2026/ConstituencywiseS2245.htm,2026-05-04 15:32:32
KILVAITHINANKUPPAM,45,RAJA. M,Tamizhaga Vaazhvurimai Katchi,88,8,Trailing,0,22087,S2245,https://results.eci.gov.in/ResultAcGenMay2026/ConstituencywiseS2245.htm,2026-05-04 15:32:32
KILVAITHINANKUPPAM,45,KUMARESAN. L,Independent,56,12,Trailing,0,22087,S2245,https://results.eci.gov.in/ResultAcGenMay2026/ConstituencywiseS2245.htm,2026-05-04 15:32:32
KILVAITHINANKUPPAM,45,SATHISH. A,Independent,77,9,Trailing,0,22087,S2245,https://results.eci.gov.in/ResultAcGenMay2026/ConstituencywiseS2245.htm,2026-05-04 15:32:32
KILVAITHINANKUPPAM,45,MURUGAN. K.P,Independent,60,11,Trailing,0,22087,S2245,https://results.eci.gov.in/ResultAcGenMay2026/ConstituencywiseS2245.htm,2026-05-04 15:32:32
KILVAITHINANKUPPAM,45,JAYASHANKAR. J,Independent,105,7,Trailing,0,22087,S2245,https://results.eci.gov.in/ResultAcGenMay2026/ConstituencywiseS2245.htm,2026-05-04 15:32:32
KILVAITHINANKUPPAM,45,JAYA BHARATH. J,Independent,70,10,Trailing,0,22087,S2245,https://results.eci.gov.in/ResultAcGenMay2026/ConstituencywiseS2245.htm,2026-05-04 15:32:32
KILVAITHINANKUPPAM,45,NOTA,None of the Above,428,5,Trailing,0,22087,S2245,https://results.eci.gov.in/ResultAcGenMay2026/ConstituencywiseS2245.htm,2026-05-04 15:32:32
KILVELUR,164,KARTHIKA. M,Naam Tamilar Katchi,4236,4,Trailing,0,31199,S22164,https://results.eci.gov.in/ResultAcGenMay2026/ConstituencywiseS22164.htm,2026-05-04 15:32:37
KILVELUR,164,LATHA. T,Communist Party of India (Marxist),31199,2,Runner-up,0,31199,S22164,https://results.eci.gov.in/ResultAcGenMay2026/ConstituencywiseS22164.htm,2026-05-04 15:32:37
KILVELUR,164,SURENTHAR. K,Puthiya Tamilagam,273,6,Trailing,0,31199,S22164,https://results.eci.gov.in/ResultAcGenMay2026/ConstituencywiseS22164.htm,2026-05-04 15:32:37
KILVELUR,164,SENTHIL PANDIAN. P,Tamilaga Vettri Kazhagam,32866,1,Leading / Top Candidate,1667,31199,S22164,https://results.eci.gov.in/ResultAcGenMay2026/ConstituencywiseS22164.htm,2026-05-04 15:32:37
KILVELUR,164,VADIVEL RAVANAN. S,Pattali Makkal Katchi,17133,3,Trailing,0,31199,S22164,https://results.eci.gov.in/ResultAcGenMay2026/ConstituencywiseS22164.htm,2026-05-04 15:32:37
KILVELUR,164,VEDHA MUKUNDHAN,Aanaithinthiya Jananayaka Pathukappu Kazhagam,244,7,Trailing,0,31199,S22164,https://results.eci.gov.in/ResultAcGenMay2026/ConstituencywiseS22164.htm,2026-05-04 15:32:37
KILVELUR,164,JAIVISHNUDEVI. M,Independent,218,8,Trailing,0,31199,S22164,https://results.eci.gov.in/ResultAcGenMay2026/ConstituencywiseS22164.htm,2026-05-04 15:32:37
KILVELUR,164,NOTA,None of the Above,299,5,Trailing,0,31199,S22164,https://results.eci.gov.in/ResultAcGenMay2026/ConstituencywiseS22164.htm,2026-05-04 15:32:37
KINATHUKADAVU,122,SABARI KARTHIKEYAN K.V.K.S,Dravida Munnetra Kazhagam,79792,2,Runner-up,0,79792,S22122,https://results.eci.gov.in/ResultAcGenMay2026/ConstituencywiseS22122.htm,2026-05-04 15:32:41
KINATHUKADAVU,122,DAMODARAN S,All India Anna Dravida Munnetra Kazhagam,61052,3,Trailing,0,79792,S22122,https://results.eci.gov.in/ResultAcGenMay2026/ConstituencywiseS22122.htm,2026-05-04 15:32:41
KINATHUKADAVU,122,BANUPRIYA M,Naam Tamilar Katchi,8888,4,Trailing,0,79792,S22122,https://results.eci.gov.in/ResultAcGenMay2026/ConstituencywiseS22122.htm,2026-05-04 15:32:41
KINATHUKADAVU,122,MARIYAPPAN R,Ganasangam Party of India,486,6,Trailing,0,79792,S22122,https://results.eci.gov.in/ResultAcGenMay2026/ConstituencywiseS22122.htm,2026-05-04 15:32:41
KINATHUKADAVU,122,VIGNESH K,Tamilaga Vettri Kazhagam,92293,1,Leading / Top Candidate,12501,79792,S22122,https://results.eci.gov.in/ResultAcGenMay2026/ConstituencywiseS22122.htm,2026-05-04 15:32:41
KINATHUKADAVU,122,NOTA,None of the Above,1555,5,Trailing,0,79792,S22122,https://results.eci.gov.in/ResultAcGenMay2026/ConstituencywiseS22122.htm,2026-05-04 15:32:41
KOLATHUR,13,P. SANTHANA KRISHNAN,All India Anna Dravida Munnetra Kazhagam,13993,3,Trailing,0,53563,S2213,https://results.eci.gov.in/ResultAcGenMay2026/ConstituencywiseS2213.htm,2026-05-04 15:32:45
KOLATHUR,13,SUBASHINI,Bahujan Samaj Party,132,7,Trailing,0,53563,S2213,https://results.eci.gov.in/ResultAcGenMay2026/ConstituencywiseS2213.htm,2026-05-04 15:32:45
KOLATHUR,13,SOUNDARA PANDIAN LUDER SETH,Naam Tamilar Katchi,3783,4,Trailing,0,53563,S2213,https://results.eci.gov.in/ResultAcGenMay2026/ConstituencywiseS2213.htm,2026-05-04 15:32:45
KOLATHUR,13,M. K. STALIN,Dravida Munnetra Kazhagam,53563,2,Runner-up,0,53563,S2213,https://results.eci.gov.in/ResultAcGenMay2026/ConstituencywiseS2213.htm,2026-05-04 15:32:45
KOLATHUR,13,AATHITHYA,Samata Party,126,8,Trailing,0,53563,S2213,https://results.eci.gov.in/ResultAcGenMay2026/ConstituencywiseS2213.htm,2026-05-04 15:32:45
KOLATHUR,13,E. RAAMADASAN,Makkal Nalvaazhvuk Katchi,31,25,Trailing,0,53563,S2213,https://results.eci.gov.in/ResultAcGenMay2026/ConstituencywiseS2213.htm,2026-05-04 15:32:45
KOLATHUR,13,OORMILA,Tamizhaga Vaazhvurimai Katchi,73,12,Trailing,0,53563,S2213,https://results.eci.gov.in/ResultAcGenMay2026/ConstituencywiseS2213.htm,2026-05-04 15:32:45
KOLATHUR,13,K. ELUMALAI,Veerath Thiyagi Viswanathadoss Thozhilalarkal Katchi,17,32,Trailing,0,53563,S2213,https://results.eci.gov.in/ResultAcGenMay2026/ConstituencywiseS2213.htm,2026-05-04 15:32:45
KOLATHUR,13,SIVAGNANASAM,Desiya Makkal Sakthi Katchi,23,30,Trailing,0,53563,S2213,https://results.eci.gov.in/ResultAcGenMay2026/ConstituencywiseS2213.htm,2026-05-04 15:32:45
KOLATHUR,13,S.Y. SYED YUSUF,Republican Party of India (Athawale),354,6,Trailing,0,53563,S2213,https://results.eci.gov.in/ResultAcGenMay2026/ConstituencywiseS2213.htm,2026-05-04 15:32:45
KOLATHUR,13,V. S. BABU,Tamilaga Vettri Kazhagam,60637,1,Leading / Top Candidate,7074,53563,S2213,https://results.eci.gov.in/ResultAcGenMay2026/ConstituencywiseS2213.htm,2026-05-04 15:32:45
KOLATHUR,13,ARUL DOSS. A.,Independent,35,22,Trailing,0,53563,S2213,https://results.eci.gov.in/ResultAcGenMay2026/ConstituencywiseS2213.htm,2026-05-04 15:32:45
KOLATHUR,13,KAJA MAIDEEN,Independent,32,24,Trailing,0,53563,S2213,https://results.eci.gov.in/ResultAcGenMay2026/ConstituencywiseS2213.htm,2026-05-04 15:32:45
KOLATHUR,13,V. A. SUDHAKAR,Independent,24,28,Trailing,0,53563,S2213,https://results.eci.gov.in/ResultAcGenMay2026/ConstituencywiseS2213.htm,2026-05-04 15:32:45
KOLATHUR,13,M. SURESH,Independent,25,27,Trailing,0,53563,S2213,https://results.eci.gov.in/ResultAcGenMay2026/ConstituencywiseS2213.htm,2026-05-04 15:32:45
KOLATHUR,13,J. SURIYA MUTHU,Independent,55,13,Trailing,0,53563,S2213,https://results.eci.gov.in/ResultAcGenMay2026/ConstituencywiseS2213.htm,2026-05-04 15:32:45
KOLATHUR,13,R. SENTHIL KUMAR,Independent,83,11,Trailing,0,53563,S2213,https://results.eci.gov.in/ResultAcGenMay2026/ConstituencywiseS2213.htm,2026-05-04 15:32:45
KOLATHUR,13,SELVI STEFFI. V. M,Independent,89,10,Trailing,0,53563,S2213,https://results.eci.gov.in/ResultAcGenMay2026/ConstituencywiseS2213.htm,2026-05-04 15:32:45
KOLATHUR,13,NANDA KUMAR,Independent,54,14,Trailing,0,53563,S2213,https://results.eci.gov.in/ResultAcGenMay2026/ConstituencywiseS2213.htm,2026-05-04 15:32:45
KOLATHUR,13,A. L. NARESH KUMAR,Independent,43,19,Trailing,0,53563,S2213,https://results.eci.gov.in/ResultAcGenMay2026/ConstituencywiseS2213.htm,2026-05-04 15:32:45
KOLATHUR,13,V. NARESH BABU,Independent,33,23,Trailing,0,53563,S2213,https://results.eci.gov.in/ResultAcGenMay2026/ConstituencywiseS2213.htm,2026-05-04 15:32:45
KOLATHUR,13,K. PANNEER SELVAM,Independent,37,20,Trailing,0,53563,S2213,https://results.eci.gov.in/ResultAcGenMay2026/ConstituencywiseS2213.htm,2026-05-04 15:32:45
KOLATHUR,13,S. BALACHANDAR,Independent,8,36,Trailing,0,53563,S2213,https://results.eci.gov.in/ResultAcGenMay2026/ConstituencywiseS2213.htm,2026-05-04 15:32:45
KOLATHUR,13,R. BALAJI,Independent,17,33,Trailing,0,53563,S2213,https://results.eci.gov.in/ResultAcGenMay2026/ConstituencywiseS2213.htm,2026-05-04 15:32:45
KOLATHUR,13,M. POORNIMA,Independent,47,16,Trailing,0,53563,S2213,https://results.eci.gov.in/ResultAcGenMay2026/ConstituencywiseS2213.htm,2026-05-04 15:32:45
KOLATHUR,13,R. MAHESH,Independent,46,17,Trailing,0,53563,S2213,https://results.eci.gov.in/ResultAcGenMay2026/ConstituencywiseS2213.htm,2026-05-04 15:32:45
KOLATHUR,13,P. MILANY,Independent,44,18,Trailing,0,53563,S2213,https://results.eci.gov.in/ResultAcGenMay2026/ConstituencywiseS2213.htm,2026-05-04 15:32:45
KOLATHUR,13,R. RAVIKUMAR,Independent,24,29,Trailing,0,53563,S2213,https://results.eci.gov.in/ResultAcGenMay2026/ConstituencywiseS2213.htm,2026-05-04 15:32:45
KOLATHUR,13,R. RAJ GURU,Independent,115,9,Trailing,0,53563,S2213,https://results.eci.gov.in/ResultAcGenMay2026/ConstituencywiseS2213.htm,2026-05-04 15:32:45
KOLATHUR,13,RAJA. G.,Independent,23,31,Trailing,0,53563,S2213,https://results.eci.gov.in/ResultAcGenMay2026/ConstituencywiseS2213.htm,2026-05-04 15:32:45
KOLATHUR,13,A. RAJI,Independent,15,34,Trailing,0,53563,S2213,https://results.eci.gov.in/ResultAcGenMay2026/ConstituencywiseS2213.htm,2026-05-04 15:32:45
KOLATHUR,13,M. RAJESHKUMAR,Independent,51,15,Trailing,0,53563,S2213,https://results.eci.gov.in/ResultAcGenMay2026/ConstituencywiseS2213.htm,2026-05-04 15:32:45
KOLATHUR,13,VIGIRDHAN,Independent,37,21,Trailing,0,53563,S2213,https://results.eci.gov.in/ResultAcGenMay2026/ConstituencywiseS2213.htm,2026-05-04 15:32:45
KOLATHUR,13,FARMER JAYARAMAN. S K J.,Independent,14,35,Trailing,0,53563,S2213,https://results.eci.gov.in/ResultAcGenMay2026/ConstituencywiseS2213.htm,2026-05-04 15:32:45
KOLATHUR,13,S. SHARAN,Independent,26,26,Trailing,0,53563,S2213,https://results.eci.gov.in/ResultAcGenMay2026/ConstituencywiseS2213.htm,2026-05-04 15:32:45
KOLATHUR,13,NOTA,None of the Above,627,5,Trailing,0,53563,S2213,https://results.eci.gov.in/ResultAcGenMay2026/ConstituencywiseS2213.htm,2026-05-04 15:32:45
KOVILPATTI,218,KADAMBUR RAJU.C,All India Anna Dravida Munnetra Kazhagam,32318,2,Runner-up,0,32318,S22218,https://results.eci.gov.in/ResultAcGenMay2026/ConstituencywiseS22218.htm,2026-05-04 15:32:50
KOVILPATTI,218,KARUNANITHI.K,Dravida Munnetra Kazhagam,36440,1,Leading / Top Candidate,4122,32318,S22218,https://results.eci.gov.in/ResultAcGenMay2026/ConstituencywiseS22218.htm,2026-05-04 15:32:50
KOVILPATTI,218,PANDI.P,Naam Tamilar Katchi,6548,4,Trailing,0,32318,S22218,https://results.eci.gov.in/ResultAcGenMay2026/ConstituencywiseS22218.htm,2026-05-04 15:32:50
KOVILPATTI,218,RAMACHANDRAN.R,Bahujan Samaj Party,104,14,Trailing,0,32318,S22218,https://results.eci.gov.in/ResultAcGenMay2026/ConstituencywiseS22218.htm,2026-05-04 15:32:50
KOVILPATTI,218,ARUMUGAVEL.T,Naam Indiar Party,28,22,Trailing,0,32318,S22218,https://results.eci.gov.in/ResultAcGenMay2026/ConstituencywiseS22218.htm,2026-05-04 15:32:50
KOVILPATTI,218,KANNAN.S,All India Puratchi Thalaivar Makkal Munnettra Kazhagam,332,6,Trailing,0,32318,S22218,https://results.eci.gov.in/ResultAcGenMay2026/ConstituencywiseS22218.htm,2026-05-04 15:32:50
KOVILPATTI,218,SARAVANAN.S,Thamizh Perarasu Katchi,183,12,Trailing,0,32318,S22218,https://results.eci.gov.in/ResultAcGenMay2026/ConstituencywiseS22218.htm,2026-05-04 15:32:50
KOVILPATTI,218,BALASUBRAMANIAN.S,Tamilaga Vettri Kazhagam,31304,3,Trailing,0,32318,S22218,https://results.eci.gov.in/ResultAcGenMay2026/ConstituencywiseS22218.htm,2026-05-04 15:32:50
KOVILPATTI,218,HARI BALAKRISHNAN.G,Puthiya Makkal Tamil Desam Katchi,91,15,Trailing,0,32318,S22218,https://results.eci.gov.in/ResultAcGenMay2026/ConstituencywiseS22218.htm,2026-05-04 15:32:50
KOVILPATTI,218,ATHIKUMAR KUDUMBAR.B,Independent,2475,5,Trailing,0,32318,S22218,https://results.eci.gov.in/ResultAcGenMay2026/ConstituencywiseS22218.htm,2026-05-04 15:32:50
KOVILPATTI,218,GUNASEKARAN.P,Independent,38,19,Trailing,0,32318,S22218,https://results.eci.gov.in/ResultAcGenMay2026/ConstituencywiseS22218.htm,2026-05-04 15:32:50
KOVILPATTI,218,GURUSAMY.K,Independent,70,16,Trailing,0,32318,S22218,https://results.eci.gov.in/ResultAcGenMay2026/ConstituencywiseS22218.htm,2026-05-04 15:32:50
KOVILPATTI,218,CHINNA MAHARAJA.K,Independent,64,17,Trailing,0,32318,S22218,https://results.eci.gov.in/ResultAcGenMay2026/ConstituencywiseS22218.htm,2026-05-04 15:32:50
KOVILPATTI,218,SEKAR.C,Independent,127,13,Trailing,0,32318,S22218,https://results.eci.gov.in/ResultAcGenMay2026/ConstituencywiseS22218.htm,2026-05-04 15:32:50
KOVILPATTI,218,PARAMASIVAN.S,Independent,198,11,Trailing,0,32318,S22218,https://results.eci.gov.in/ResultAcGenMay2026/ConstituencywiseS22218.htm,2026-05-04 15:32:50
KOVILPATTI,218,POUNDURAI.K,Independent,293,8,Trailing,0,32318,S22218,https://results.eci.gov.in/ResultAcGenMay2026/ConstituencywiseS22218.htm,2026-05-04 15:32:50
KOVILPATTI,218,PANDIMUNEESWARI.K,Independent,242,10,Trailing,0,32318,S22218,https://results.eci.gov.in/ResultAcGenMay2026/ConstituencywiseS22218.htm,2026-05-04 15:32:50
KOVILPATTI,218,PREMKUMAR.K,Independent,254,9,Trailing,0,32318,S22218,https://results.eci.gov.in/ResultAcGenMay2026/ConstituencywiseS22218.htm,2026-05-04 15:32:50
KOVILPATTI,218,PONNUSAMY.M,Independent,33,20,Trailing,0,32318,S22218,https://results.eci.gov.in/ResultAcGenMay2026/ConstituencywiseS22218.htm,2026-05-04 15:32:50
KOVILPATTI,218,MUNEESWARAN.R,Independent,32,21,Trailing,0,32318,S22218,https://results.eci.gov.in/ResultAcGenMay2026/ConstituencywiseS22218.htm,2026-05-04 15:32:50
KOVILPATTI,218,RENGANAYAGALU.S,Independent,63,18,Trailing,0,32318,S22218,https://results.eci.gov.in/ResultAcGenMay2026/ConstituencywiseS22218.htm,2026-05-04 15:32:50
KOVILPATTI,218,NOTA,None of the Above,304,7,Trailing,0,32318,S22218,https://results.eci.gov.in/ResultAcGenMay2026/ConstituencywiseS22218.htm,2026-05-04 15:32:50
KRISHNAGIRI,53,ASHOKKUMAR.K,All India Anna Dravida Munnetra Kazhagam,55984,2,Runner-up,0,55984,S2253,https://results.eci.gov.in/ResultAcGenMay2026/ConstituencywiseS2253.htm,2026-05-04 15:32:54
KRISHNAGIRI,53,SIVAKUMAR.S,Bahujan Samaj Party,494,6,Trailing,0,55984,S2253,https://results.eci.gov.in/ResultAcGenMay2026/ConstituencywiseS2253.htm,2026-05-04 15:32:54
KRISHNAGIRI,53,SUGANTHI,Naam Tamilar Katchi,5078,4,Trailing,0,55984,S2253,https://results.eci.gov.in/ResultAcGenMay2026/ConstituencywiseS2253.htm,2026-05-04 15:32:54
KRISHNAGIRI,53,CHELLAKUMAR.A,Indian National Congress,48095,3,Trailing,0,55984,S2253,https://results.eci.gov.in/ResultAcGenMay2026/ConstituencywiseS2253.htm,2026-05-04 15:32:54
KRISHNAGIRI,53,SINGARAVELAN VISWANATHAN,Vishwa Tamil Kazhagam,428,7,Trailing,0,55984,S2253,https://results.eci.gov.in/ResultAcGenMay2026/ConstituencywiseS2253.htm,2026-05-04 15:32:54
KRISHNAGIRI,53,MANGAMMAL,Tamilar Makkal Katchi,288,9,Trailing,0,55984,S2253,https://results.eci.gov.in/ResultAcGenMay2026/ConstituencywiseS2253.htm,2026-05-04 15:32:54
KRISHNAGIRI,53,MUKUNDHAN.P,Tamilaga Vettri Kazhagam,74566,1,Leading / Top Candidate,18582,55984,S2253,https://results.eci.gov.in/ResultAcGenMay2026/ConstituencywiseS2253.htm,2026-05-04 15:32:54
KRISHNAGIRI,53,MUTHULAKSHMI VEERAPPAN,Tamizhaga Vaazhvurimai Katchi,301,8,Trailing,0,55984,S2253,https://results.eci.gov.in/ResultAcGenMay2026/ConstituencywiseS2253.htm,2026-05-04 15:32:54
KRISHNAGIRI,53,ADVOCATE.MUTHAIAH.S.,Thakkam Katchi,131,13,Trailing,0,55984,S2253,https://results.eci.gov.in/ResultAcGenMay2026/ConstituencywiseS2253.htm,2026-05-04 15:32:54
KRISHNAGIRI,53,KUMARESAN.M,Independent,129,14,Trailing,0,55984,S2253,https://results.eci.gov.in/ResultAcGenMay2026/ConstituencywiseS2253.htm,2026-05-04 15:32:54
KRISHNAGIRI,53,CHANDRAMOHAN.K.M.,Independent,128,15,Trailing,0,55984,S2253,https://results.eci.gov.in/ResultAcGenMay2026/ConstituencywiseS2253.htm,2026-05-04 15:32:54
KRISHNAGIRI,53,SIVAN.C,Independent,234,10,Trailing,0,55984,S2253,https://results.eci.gov.in/ResultAcGenMay2026/ConstituencywiseS2253.htm,2026-05-04 15:32:54
KRISHNAGIRI,53,SRINIVASAN.K,Independent,191,11,Trailing,0,55984,S2253,https://results.eci.gov.in/ResultAcGenMay2026/ConstituencywiseS2253.htm,2026-05-04 15:32:54
KRISHNAGIRI,53,NANJUNDAN.M,Independent,114,16,Trailing,0,55984,S2253,https://results.eci.gov.in/ResultAcGenMay2026/ConstituencywiseS2253.htm,2026-05-04 15:32:54
KRISHNAGIRI,53,VENKATESHRAJA.E,Independent,136,12,Trailing,0,55984,S2253,https://results.eci.gov.in/ResultAcGenMay2026/ConstituencywiseS2253.htm,2026-05-04 15:32:54
KRISHNAGIRI,53,NOTA,None of the Above,898,5,Trailing,0,55984,S2253,https://results.eci.gov.in/ResultAcGenMay2026/ConstituencywiseS2253.htm,2026-05-04 15:32:54
KRISHNARAYAPURAM,136,GOMATHI. M,Bahujan Samaj Party,181,7,Trailing,0,35899,S22136,https://results.eci.gov.in/ResultAcGenMay2026/ConstituencywiseS22136.htm,2026-05-04 15:32:58
KRISHNARAYAPURAM,136,SATHIYA. V,Naam Tamilar Katchi,3613,4,Trailing,0,35899,S22136,https://results.eci.gov.in/ResultAcGenMay2026/ConstituencywiseS22136.htm,2026-05-04 15:32:58
KRISHNARAYAPURAM,136,DR. DHIVYA. S,All India Anna Dravida Munnetra Kazhagam,35899,2,Runner-up,0,35899,S22136,https://results.eci.gov.in/ResultAcGenMay2026/ConstituencywiseS22136.htm,2026-05-04 15:32:58
KRISHNARAYAPURAM,136,RAJA. C.K,Dravida Munnetra Kazhagam,33915,3,Trailing,0,35899,S22136,https://results.eci.gov.in/ResultAcGenMay2026/ConstituencywiseS22136.htm,2026-05-04 15:32:58
KRISHNARAYAPURAM,136,SATHYA. M,Tamilaga Vettri Kazhagam,38930,1,Leading / Top Candidate,3031,35899,S22136,https://results.eci.gov.in/ResultAcGenMay2026/ConstituencywiseS22136.htm,2026-05-04 15:32:58
KRISHNARAYAPURAM,136,SARAVANAN. V,Tamizhaga Vaazhvurimai Katchi,96,16,Trailing,0,35899,S22136,https://results.eci.gov.in/ResultAcGenMay2026/ConstituencywiseS22136.htm,2026-05-04 15:32:58
KRISHNARAYAPURAM,136,SOUNDRAPANDIAN. S,Ganasangam Party of India,61,21,Trailing,0,35899,S22136,https://results.eci.gov.in/ResultAcGenMay2026/ConstituencywiseS22136.htm,2026-05-04 15:32:58
KRISHNARAYAPURAM,136,BALSAMY. B,Naadaalum Makkal Katchi,117,13,Trailing,0,35899,S22136,https://results.eci.gov.in/ResultAcGenMay2026/ConstituencywiseS22136.htm,2026-05-04 15:32:58
KRISHNARAYAPURAM,136,RAJAGURU.M,Samaniya Makkal Nala Katchi,44,25,Trailing,0,35899,S22136,https://results.eci.gov.in/ResultAcGenMay2026/ConstituencywiseS22136.htm,2026-05-04 15:32:58
KRISHNARAYAPURAM,136,INDRAGANDHI. P,Independent,37,26,Trailing,0,35899,S22136,https://results.eci.gov.in/ResultAcGenMay2026/ConstituencywiseS22136.htm,2026-05-04 15:32:58
KRISHNARAYAPURAM,136,GANESAN. P,Independent,78,19,Trailing,0,35899,S22136,https://results.eci.gov.in/ResultAcGenMay2026/ConstituencywiseS22136.htm,2026-05-04 15:32:58
KRISHNARAYAPURAM,136,SAKTHIVEL. A,Independent,121,11,Trailing,0,35899,S22136,https://results.eci.gov.in/ResultAcGenMay2026/ConstituencywiseS22136.htm,2026-05-04 15:32:58
KRISHNARAYAPURAM,136,SASIKUMAR. M,Independent,134,8,Trailing,0,35899,S22136,https://results.eci.gov.in/ResultAcGenMay2026/ConstituencywiseS22136.htm,2026-05-04 15:32:58
KRISHNARAYAPURAM,136,SENTHIL. P.M,Independent,97,15,Trailing,0,35899,S22136,https://results.eci.gov.in/ResultAcGenMay2026/ConstituencywiseS22136.htm,2026-05-04 15:32:58
KRISHNARAYAPURAM,136,CHELLADURAI. M,Independent,94,17,Trailing,0,35899,S22136,https://results.eci.gov.in/ResultAcGenMay2026/ConstituencywiseS22136.htm,2026-05-04 15:32:58
KRISHNARAYAPURAM,136,SELVAKUMAR. S,Independent,98,14,Trailing,0,35899,S22136,https://results.eci.gov.in/ResultAcGenMay2026/ConstituencywiseS22136.htm,2026-05-04 15:32:58
KRISHNARAYAPURAM,136,DINESH KUMAR.A,Independent,54,23,Trailing,0,35899,S22136,https://results.eci.gov.in/ResultAcGenMay2026/ConstituencywiseS22136.htm,2026-05-04 15:32:58
KRISHNARAYAPURAM,136,DINESH KUMAR. N,Independent,56,22,Trailing,0,35899,S22136,https://results.eci.gov.in/ResultAcGenMay2026/ConstituencywiseS22136.htm,2026-05-04 15:32:58
KRISHNARAYAPURAM,136,NAVEENTH. M,Independent,120,12,Trailing,0,35899,S22136,https://results.eci.gov.in/ResultAcGenMay2026/ConstituencywiseS22136.htm,2026-05-04 15:32:58
KRISHNARAYAPURAM,136,PARAMESWARAN. M,Independent,192,6,Trailing,0,35899,S22136,https://results.eci.gov.in/ResultAcGenMay2026/ConstituencywiseS22136.htm,2026-05-04 15:32:58
KRISHNARAYAPURAM,136,PRASANTH. D,Independent,124,10,Trailing,0,35899,S22136,https://results.eci.gov.in/ResultAcGenMay2026/ConstituencywiseS22136.htm,2026-05-04 15:32:58
KRISHNARAYAPURAM,136,BABY. P,Independent,32,28,Trailing,0,35899,S22136,https://results.eci.gov.in/ResultAcGenMay2026/ConstituencywiseS22136.htm,2026-05-04 15:32:58
KRISHNARAYAPURAM,136,PORSELVAN. B.S,Independent,16,29,Trailing,0,35899,S22136,https://results.eci.gov.in/ResultAcGenMay2026/ConstituencywiseS22136.htm,2026-05-04 15:32:58
KRISHNARAYAPURAM,136,MAHAMUNI. A,Independent,33,27,Trailing,0,35899,S22136,https://results.eci.gov.in/ResultAcGenMay2026/ConstituencywiseS22136.htm,2026-05-04 15:32:58
KRISHNARAYAPURAM,136,MANICKAVEL. R,Independent,125,9,Trailing,0,35899,S22136,https://results.eci.gov.in/ResultAcGenMay2026/ConstituencywiseS22136.htm,2026-05-04 15:32:58
KRISHNARAYAPURAM,136,MURUGAN. S,Independent,83,18,Trailing,0,35899,S22136,https://results.eci.gov.in/ResultAcGenMay2026/ConstituencywiseS22136.htm,2026-05-04 15:32:58
KRISHNARAYAPURAM,136,MURUGANANDHAM. P.K,Independent,46,24,Trailing,0,35899,S22136,https://results.eci.gov.in/ResultAcGenMay2026/ConstituencywiseS22136.htm,2026-05-04 15:32:58
KRISHNARAYAPURAM,136,VIMALRAJ. S,Independent,68,20,Trailing,0,35899,S22136,https://results.eci.gov.in/ResultAcGenMay2026/ConstituencywiseS22136.htm,2026-05-04 15:32:58
KRISHNARAYAPURAM,136,NOTA,None of the Above,346,5,Trailing,0,35899,S22136,https://results.eci.gov.in/ResultAcGenMay2026/ConstituencywiseS22136.htm,2026-05-04 15:32:58
KULITHALAI,137,S.KARUNAKARAN,All India Anna Dravida Munnetra Kazhagam,38656,3,Trailing,0,44242,S22137,https://results.eci.gov.in/ResultAcGenMay2026/ConstituencywiseS22137.htm,2026-05-04 15:33:03
KULITHALAI,137,SURIYANUR. A. CHANDRAN,Dravida Munnetra Kazhagam,44242,2,Runner-up,0,44242,S22137,https://results.eci.gov.in/ResultAcGenMay2026/ConstituencywiseS22137.htm,2026-05-04 15:33:03
KULITHALAI,137,SELVA.NANMAARAN,Naam Tamilar Katchi,5524,4,Trailing,0,44242,S22137,https://results.eci.gov.in/ResultAcGenMay2026/ConstituencywiseS22137.htm,2026-05-04 15:33:03
KULITHALAI,137,G.BALASUBRAMANI,Tamilaga Vettri Kazhagam,46498,1,Leading / Top Candidate,2256,44242,S22137,https://results.eci.gov.in/ResultAcGenMay2026/ConstituencywiseS22137.htm,2026-05-04 15:33:03
KULITHALAI,137,P.MURUGAN,Ganasangam Party of India,228,10,Trailing,0,44242,S22137,https://results.eci.gov.in/ResultAcGenMay2026/ConstituencywiseS22137.htm,2026-05-04 15:33:03
KULITHALAI,137,M.ARUNKUMAR,Independent,85,18,Trailing,0,44242,S22137,https://results.eci.gov.in/ResultAcGenMay2026/ConstituencywiseS22137.htm,2026-05-04 15:33:03
KULITHALAI,137,R.ARUNKUMAR,Independent,43,26,Trailing,0,44242,S22137,https://results.eci.gov.in/ResultAcGenMay2026/ConstituencywiseS22137.htm,2026-05-04 15:33:03
KULITHALAI,137,S.IMRANKHAN,Independent,42,27,Trailing,0,44242,S22137,https://results.eci.gov.in/ResultAcGenMay2026/ConstituencywiseS22137.htm,2026-05-04 15:33:03
KULITHALAI,137,O.KATHALINGAM,Independent,58,20,Trailing,0,44242,S22137,https://results.eci.gov.in/ResultAcGenMay2026/ConstituencywiseS22137.htm,2026-05-04 15:33:03
KULITHALAI,137,M.GAYATHIRI,Independent,61,19,Trailing,0,44242,S22137,https://results.eci.gov.in/ResultAcGenMay2026/ConstituencywiseS22137.htm,2026-05-04 15:33:03
KULITHALAI,137,B.KAJAHMOHIDEEN,Independent,58,21,Trailing,0,44242,S22137,https://results.eci.gov.in/ResultAcGenMay2026/ConstituencywiseS22137.htm,2026-05-04 15:33:03
KULITHALAI,137,CHANDRASEKAR.P,Independent,92,16,Trailing,0,44242,S22137,https://results.eci.gov.in/ResultAcGenMay2026/ConstituencywiseS22137.htm,2026-05-04 15:33:03
KULITHALAI,137,J.SANTHOSH KUMAR,Independent,132,13,Trailing,0,44242,S22137,https://results.eci.gov.in/ResultAcGenMay2026/ConstituencywiseS22137.htm,2026-05-04 15:33:03
KULITHALAI,137,B.SAMPATHKUMAR,Independent,108,15,Trailing,0,44242,S22137,https://results.eci.gov.in/ResultAcGenMay2026/ConstituencywiseS22137.htm,2026-05-04 15:33:03
KULITHALAI,137,D.SARAVANAN,Independent,266,9,Trailing,0,44242,S22137,https://results.eci.gov.in/ResultAcGenMay2026/ConstituencywiseS22137.htm,2026-05-04 15:33:03
KULITHALAI,137,V.CHINNASAMY,Independent,311,7,Trailing,0,44242,S22137,https://results.eci.gov.in/ResultAcGenMay2026/ConstituencywiseS22137.htm,2026-05-04 15:33:03
KULITHALAI,137,S.SENTHILKUMAR,Independent,399,6,Trailing,0,44242,S22137,https://results.eci.gov.in/ResultAcGenMay2026/ConstituencywiseS22137.htm,2026-05-04 15:33:03
KULITHALAI,137,P.SELVAKUMAR,Independent,304,8,Trailing,0,44242,S22137,https://results.eci.gov.in/ResultAcGenMay2026/ConstituencywiseS22137.htm,2026-05-04 15:33:03
KULITHALAI,137,T.SELVARAJ,Independent,146,12,Trailing,0,44242,S22137,https://results.eci.gov.in/ResultAcGenMay2026/ConstituencywiseS22137.htm,2026-05-04 15:33:03
KULITHALAI,137,K.SHEIKANWARDEEN,Independent,215,11,Trailing,0,44242,S22137,https://results.eci.gov.in/ResultAcGenMay2026/ConstituencywiseS22137.htm,2026-05-04 15:33:03
KULITHALAI,137,M.TAMILSELVAN,Independent,48,24,Trailing,0,44242,S22137,https://results.eci.gov.in/ResultAcGenMay2026/ConstituencywiseS22137.htm,2026-05-04 15:33:03
KULITHALAI,137,J.PRADHAP,Independent,28,29,Trailing,0,44242,S22137,https://results.eci.gov.in/ResultAcGenMay2026/ConstituencywiseS22137.htm,2026-05-04 15:33:03
KULITHALAI,137,M.MAYILVAGANAN,Independent,35,28,Trailing,0,44242,S22137,https://results.eci.gov.in/ResultAcGenMay2026/ConstituencywiseS22137.htm,2026-05-04 15:33:03
KULITHALAI,137,J.MADHAVAN,Independent,27,30,Trailing,0,44242,S22137,https://results.eci.gov.in/ResultAcGenMay2026/ConstituencywiseS22137.htm,2026-05-04 15:33:03
KULITHALAI,137,T.MURUGANANTHAM,Independent,53,23,Trailing,0,44242,S22137,https://results.eci.gov.in/ResultAcGenMay2026/ConstituencywiseS22137.htm,2026-05-04 15:33:03
KULITHALAI,137,N.RAMAKRISHNAN,Independent,44,25,Trailing,0,44242,S22137,https://results.eci.gov.in/ResultAcGenMay2026/ConstituencywiseS22137.htm,2026-05-04 15:33:03
KULITHALAI,137,M.VADIVELAN,Independent,87,17,Trailing,0,44242,S22137,https://results.eci.gov.in/ResultAcGenMay2026/ConstituencywiseS22137.htm,2026-05-04 15:33:03
KULITHALAI,137,K.VEERAMALAI,Independent,57,22,Trailing,0,44242,S22137,https://results.eci.gov.in/ResultAcGenMay2026/ConstituencywiseS22137.htm,2026-05-04 15:33:03
KULITHALAI,137,K.HAKKIM,Independent,129,14,Trailing,0,44242,S22137,https://results.eci.gov.in/ResultAcGenMay2026/ConstituencywiseS22137.htm,2026-05-04 15:33:03
KULITHALAI,137,NOTA,None of the Above,413,5,Trailing,0,44242,S22137,https://results.eci.gov.in/ResultAcGenMay2026/ConstituencywiseS22137.htm,2026-05-04 15:33:03
KUMARAPALAYAM,97,P.THANGAMANI,All India Anna Dravida Munnetra Kazhagam,38819,2,Runner-up,0,38819,S2297,https://results.eci.gov.in/ResultAcGenMay2026/ConstituencywiseS2297.htm,2026-05-04 15:33:07
KUMARAPALAYAM,97,S.BALU,Dravida Munnetra Kazhagam,21190,3,Trailing,0,38819,S2297,https://results.eci.gov.in/ResultAcGenMay2026/ConstituencywiseS2297.htm,2026-05-04 15:33:07
KUMARAPALAYAM,97,UVARANI SURESH,Naam Tamilar Katchi,4202,4,Trailing,0,38819,S2297,https://results.eci.gov.in/ResultAcGenMay2026/ConstituencywiseS2297.htm,2026-05-04 15:33:07
KUMARAPALAYAM,97,J KARTHI,Vishwa Tamil Kazhagam,75,11,Trailing,0,38819,S2297,https://results.eci.gov.in/ResultAcGenMay2026/ConstituencywiseS2297.htm,2026-05-04 15:33:07
KUMARAPALAYAM,97,PALANISAMY,Samaniya Makkal Nala Katchi,43,15,Trailing,0,38819,S2297,https://results.eci.gov.in/ResultAcGenMay2026/ConstituencywiseS2297.htm,2026-05-04 15:33:07
KUMARAPALAYAM,97,PANNERSELVAM,Anaithinthiya Anna Dravida Makkal Seyal katchi,136,8,Trailing,0,38819,S2297,https://results.eci.gov.in/ResultAcGenMay2026/ConstituencywiseS2297.htm,2026-05-04 15:33:07
KUMARAPALAYAM,97,C.VIJAYALAKSHMI,Tamilaga Vettri Kazhagam,40912,1,Leading / Top Candidate,2093,38819,S2297,https://results.eci.gov.in/ResultAcGenMay2026/ConstituencywiseS2297.htm,2026-05-04 15:33:07
KUMARAPALAYAM,97,AMIRTHALINGAM,Independent,66,12,Trailing,0,38819,S2297,https://results.eci.gov.in/ResultAcGenMay2026/ConstituencywiseS2297.htm,2026-05-04 15:33:07
KUMARAPALAYAM,97,KARTHI,Independent,51,13,Trailing,0,38819,S2297,https://results.eci.gov.in/ResultAcGenMay2026/ConstituencywiseS2297.htm,2026-05-04 15:33:07
KUMARAPALAYAM,97,R.KUMARESAN,Independent,47,14,Trailing,0,38819,S2297,https://results.eci.gov.in/ResultAcGenMay2026/ConstituencywiseS2297.htm,2026-05-04 15:33:07
KUMARAPALAYAM,97,GOPALAKRISHNAN,Independent,21,21,Trailing,0,38819,S2297,https://results.eci.gov.in/ResultAcGenMay2026/ConstituencywiseS2297.htm,2026-05-04 15:33:07
KUMARAPALAYAM,97,SARAVANAN,Independent,27,19,Trailing,0,38819,S2297,https://results.eci.gov.in/ResultAcGenMay2026/ConstituencywiseS2297.htm,2026-05-04 15:33:07
KUMARAPALAYAM,97,G. SAMUELRAJ,Independent,39,16,Trailing,0,38819,S2297,https://results.eci.gov.in/ResultAcGenMay2026/ConstituencywiseS2297.htm,2026-05-04 15:33:07
KUMARAPALAYAM,97,SIVARAJ,Independent,36,17,Trailing,0,38819,S2297,https://results.eci.gov.in/ResultAcGenMay2026/ConstituencywiseS2297.htm,2026-05-04 15:33:07
KUMARAPALAYAM,97,P.SENTHILKUMAR,Independent,97,9,Trailing,0,38819,S2297,https://results.eci.gov.in/ResultAcGenMay2026/ConstituencywiseS2297.htm,2026-05-04 15:33:07
KUMARAPALAYAM,97,SELVARAJ,Independent,228,6,Trailing,0,38819,S2297,https://results.eci.gov.in/ResultAcGenMay2026/ConstituencywiseS2297.htm,2026-05-04 15:33:07
KUMARAPALAYAM,97,K. PALANIVEL,Independent,168,7,Trailing,0,38819,S2297,https://results.eci.gov.in/ResultAcGenMay2026/ConstituencywiseS2297.htm,2026-05-04 15:33:07
KUMARAPALAYAM,97,A.MURUGANANDHAN,Independent,93,10,Trailing,0,38819,S2297,https://results.eci.gov.in/ResultAcGenMay2026/ConstituencywiseS2297.htm,2026-05-04 15:33:07
KUMARAPALAYAM,97,R.RAJA,Independent,26,20,Trailing,0,38819,S2297,https://results.eci.gov.in/ResultAcGenMay2026/ConstituencywiseS2297.htm,2026-05-04 15:33:07
KUMARAPALAYAM,97,VENKATACHALAM,Independent,14,22,Trailing,0,38819,S2297,https://results.eci.gov.in/ResultAcGenMay2026/ConstituencywiseS2297.htm,2026-05-04 15:33:07
KUMARAPALAYAM,97,S JAYAVEL,Independent,36,18,Trailing,0,38819,S2297,https://results.eci.gov.in/ResultAcGenMay2026/ConstituencywiseS2297.htm,2026-05-04 15:33:07
KUMARAPALAYAM,97,NOTA,None of the Above,342,5,Trailing,0,38819,S2297,https://results.eci.gov.in/ResultAcGenMay2026/ConstituencywiseS2297.htm,2026-05-04 15:33:07
KUMBAKONAM,171,ASHOKKUMAR R,Bharatiya Janata Party,34819,3,Trailing,0,68441,S22171,https://results.eci.gov.in/ResultAcGenMay2026/ConstituencywiseS22171.htm,2026-05-04 15:33:11
KUMBAKONAM,171,ANBALAGAN G,Dravida Munnetra Kazhagam,68527,1,Leading / Top Candidate,86,68441,S22171,https://results.eci.gov.in/ResultAcGenMay2026/ConstituencywiseS22171.htm,2026-05-04 15:33:11
KUMBAKONAM,171,ANANDH M,Naam Tamilar Katchi,6657,4,Trailing,0,68441,S22171,https://results.eci.gov.in/ResultAcGenMay2026/ConstituencywiseS22171.htm,2026-05-04 15:33:11
KUMBAKONAM,171,AROKIYARAJ V,Tamizhaga Vaazhvurimai Katchi,181,10,Trailing,0,68441,S22171,https://results.eci.gov.in/ResultAcGenMay2026/ConstituencywiseS22171.htm,2026-05-04 15:33:11
KUMBAKONAM,171,SUNDAR G,Thamizh Desiya Munnetra Kazhagam,209,9,Trailing,0,68441,S22171,https://results.eci.gov.in/ResultAcGenMay2026/ConstituencywiseS22171.htm,2026-05-04 15:33:11
KUMBAKONAM,171,VINOTH,Tamilaga Vettri Kazhagam,68441,2,Runner-up,0,68441,S22171,https://results.eci.gov.in/ResultAcGenMay2026/ConstituencywiseS22171.htm,2026-05-04 15:33:11
KUMBAKONAM,171,ARIVAZHAGAN K,Independent,213,8,Trailing,0,68441,S22171,https://results.eci.gov.in/ResultAcGenMay2026/ConstituencywiseS22171.htm,2026-05-04 15:33:11
KUMBAKONAM,171,KARTHI G,Independent,80,13,Trailing,0,68441,S22171,https://results.eci.gov.in/ResultAcGenMay2026/ConstituencywiseS22171.htm,2026-05-04 15:33:11
KUMBAKONAM,171,SRINIVASAN V,Independent,342,7,Trailing,0,68441,S22171,https://results.eci.gov.in/ResultAcGenMay2026/ConstituencywiseS22171.htm,2026-05-04 15:33:11
KUMBAKONAM,171,SENTHAMILSELVI S,Independent,69,14,Trailing,0,68441,S22171,https://results.eci.gov.in/ResultAcGenMay2026/ConstituencywiseS22171.htm,2026-05-04 15:33:11
KUMBAKONAM,171,RAMAMOORTHI R,Independent,81,12,Trailing,0,68441,S22171,https://results.eci.gov.in/ResultAcGenMay2026/ConstituencywiseS22171.htm,2026-05-04 15:33:11
KUMBAKONAM,171,VIJAYAKUMAR C,Independent,160,11,Trailing,0,68441,S22171,https://results.eci.gov.in/ResultAcGenMay2026/ConstituencywiseS22171.htm,2026-05-04 15:33:11
KUMBAKONAM,171,STALIN MA KA,Independent,1300,5,Trailing,0,68441,S22171,https://results.eci.gov.in/ResultAcGenMay2026/ConstituencywiseS22171.htm,2026-05-04 15:33:11
KUMBAKONAM,171,NOTA,None of the Above,840,6,Trailing,0,68441,S22171,https://results.eci.gov.in/ResultAcGenMay2026/ConstituencywiseS22171.htm,2026-05-04 15:33:11
KUNNAM,148,KEERTHIVASAN. R,Naam Tamilar Katchi,5075,4,Trailing,0,41070,S22148,https://results.eci.gov.in/ResultAcGenMay2026/ConstituencywiseS22148.htm,2026-05-04 15:33:16
KUNNAM,148,SARANYA. A,All India Anna Dravida Munnetra Kazhagam,41070,2,Runner-up,0,41070,S22148,https://results.eci.gov.in/ResultAcGenMay2026/ConstituencywiseS22148.htm,2026-05-04 15:33:16
KUNNAM,148,SIVASANKAR. S.S,Dravida Munnetra Kazhagam,55963,1,Leading / Top Candidate,14893,41070,S22148,https://results.eci.gov.in/ResultAcGenMay2026/ConstituencywiseS22148.htm,2026-05-04 15:33:16
KUNNAM,148,NALLUSAMY. K.M,Bahujan Samaj Party,256,11,Trailing,0,41070,S22148,https://results.eci.gov.in/ResultAcGenMay2026/ConstituencywiseS22148.htm,2026-05-04 15:33:16
KUNNAM,148,ANBUTHAMIZHAN. T,Thamizh Perarasu Katchi,110,15,Trailing,0,41070,S22148,https://results.eci.gov.in/ResultAcGenMay2026/ConstituencywiseS22148.htm,2026-05-04 15:33:16
KUNNAM,148,RAJA. S.P,Tamizhaga Vaazhvurimai Katchi,74,18,Trailing,0,41070,S22148,https://results.eci.gov.in/ResultAcGenMay2026/ConstituencywiseS22148.htm,2026-05-04 15:33:16
KUNNAM,148,ELANGOVAN. K,Naadaalum Makkal Katchi,406,6,Trailing,0,41070,S22148,https://results.eci.gov.in/ResultAcGenMay2026/ConstituencywiseS22148.htm,2026-05-04 15:33:16
KUNNAM,148,REVATHI MUTHAMILSELVAN,Tamilaga Vettri Kazhagam,39425,3,Trailing,0,41070,S22148,https://results.eci.gov.in/ResultAcGenMay2026/ConstituencywiseS22148.htm,2026-05-04 15:33:16
KUNNAM,148,UDHAYASURIYAN. T,Independent,143,13,Trailing,0,41070,S22148,https://results.eci.gov.in/ResultAcGenMay2026/ConstituencywiseS22148.htm,2026-05-04 15:33:16
KUNNAM,148,KATHIRAVAN. A.C,Independent,41,20,Trailing,0,41070,S22148,https://results.eci.gov.in/ResultAcGenMay2026/ConstituencywiseS22148.htm,2026-05-04 15:33:16
KUNNAM,148,CHANDRASEKAR. P,Independent,52,19,Trailing,0,41070,S22148,https://results.eci.gov.in/ResultAcGenMay2026/ConstituencywiseS22148.htm,2026-05-04 15:33:16
KUNNAM,148,SAMINATHAN. C,Independent,85,17,Trailing,0,41070,S22148,https://results.eci.gov.in/ResultAcGenMay2026/ConstituencywiseS22148.htm,2026-05-04 15:33:16
KUNNAM,148,SIVASANKARAN. P,Independent,118,14,Trailing,0,41070,S22148,https://results.eci.gov.in/ResultAcGenMay2026/ConstituencywiseS22148.htm,2026-05-04 15:33:16
KUNNAM,148,THANASEKAR. R,Independent,433,5,Trailing,0,41070,S22148,https://results.eci.gov.in/ResultAcGenMay2026/ConstituencywiseS22148.htm,2026-05-04 15:33:16
KUNNAM,148,NALLATHAMBI. P,Independent,358,7,Trailing,0,41070,S22148,https://results.eci.gov.in/ResultAcGenMay2026/ConstituencywiseS22148.htm,2026-05-04 15:33:16
KUNNAM,148,MUTHAMILSELVAN. D,Independent,182,12,Trailing,0,41070,S22148,https://results.eci.gov.in/ResultAcGenMay2026/ConstituencywiseS22148.htm,2026-05-04 15:33:16
KUNNAM,148,VIVEK. T,Independent,102,16,Trailing,0,41070,S22148,https://results.eci.gov.in/ResultAcGenMay2026/ConstituencywiseS22148.htm,2026-05-04 15:33:16
KUNNAM,148,VINOTHKUMAR. M,Independent,271,10,Trailing,0,41070,S22148,https://results.eci.gov.in/ResultAcGenMay2026/ConstituencywiseS22148.htm,2026-05-04 15:33:16
KUNNAM,148,SHAJAHAN,Independent,339,8,Trailing,0,41070,S22148,https://results.eci.gov.in/ResultAcGenMay2026/ConstituencywiseS22148.htm,2026-05-04 15:33:16
KUNNAM,148,NOTA,None of the Above,297,9,Trailing,0,41070,S22148,https://results.eci.gov.in/ResultAcGenMay2026/ConstituencywiseS22148.htm,2026-05-04 15:33:16
KURINJIPADI,156,KAVITHA RENGANATHAN,Naam Tamilar Katchi,3755,5,Trailing,0,52960,S22156,https://results.eci.gov.in/ResultAcGenMay2026/ConstituencywiseS22156.htm,2026-05-04 15:33:20
KURINJIPADI,156,M KANAGARAJ,Bahujan Samaj Party,209,10,Trailing,0,52960,S22156,https://results.eci.gov.in/ResultAcGenMay2026/ConstituencywiseS22156.htm,2026-05-04 15:33:20
KURINJIPADI,156,M.R.K.PANNEERSELVAM,Dravida Munnetra Kazhagam,55692,1,Leading / Top Candidate,2732,52960,S22156,https://results.eci.gov.in/ResultAcGenMay2026/ConstituencywiseS22156.htm,2026-05-04 15:33:20
KURINJIPADI,156,A BHUVANENTHIRAN,All India Anna Dravida Munnetra Kazhagam,52960,2,Runner-up,0,52960,S22156,https://results.eci.gov.in/ResultAcGenMay2026/ConstituencywiseS22156.htm,2026-05-04 15:33:20
KURINJIPADI,156,T KANNAN,Tamizhaga Vaazhvurimai Katchi,5676,4,Trailing,0,52960,S22156,https://results.eci.gov.in/ResultAcGenMay2026/ConstituencywiseS22156.htm,2026-05-04 15:33:20
KURINJIPADI,156,R SRINIVASAN,Tamil Telugu National Party,245,9,Trailing,0,52960,S22156,https://results.eci.gov.in/ResultAcGenMay2026/ConstituencywiseS22156.htm,2026-05-04 15:33:20
KURINJIPADI,156,RAJKUMAR D,Tamilaga Vettri Kazhagam,40598,3,Trailing,0,52960,S22156,https://results.eci.gov.in/ResultAcGenMay2026/ConstituencywiseS22156.htm,2026-05-04 15:33:20
KURINJIPADI,156,ARUMUGAM R,Independent,696,6,Trailing,0,52960,S22156,https://results.eci.gov.in/ResultAcGenMay2026/ConstituencywiseS22156.htm,2026-05-04 15:33:20
KURINJIPADI,156,DHANAKESAVAMOORTHY A.C.T,Independent,188,12,Trailing,0,52960,S22156,https://results.eci.gov.in/ResultAcGenMay2026/ConstituencywiseS22156.htm,2026-05-04 15:33:20
KURINJIPADI,156,MANIMALA R,Independent,327,8,Trailing,0,52960,S22156,https://results.eci.gov.in/ResultAcGenMay2026/ConstituencywiseS22156.htm,2026-05-04 15:33:20
KURINJIPADI,156,MUTHAZHAGAN N,Independent,193,11,Trailing,0,52960,S22156,https://results.eci.gov.in/ResultAcGenMay2026/ConstituencywiseS22156.htm,2026-05-04 15:33:20
KURINJIPADI,156,NOTA,None of the Above,468,7,Trailing,0,52960,S22156,https://results.eci.gov.in/ResultAcGenMay2026/ConstituencywiseS22156.htm,2026-05-04 15:33:20
LALGUDI,143,T. PARIVALLAL,Dravida Munnetra Kazhagam,36016,3,Trailing,0,38519,S22143,https://results.eci.gov.in/ResultAcGenMay2026/ConstituencywiseS22143.htm,2026-05-04 15:33:24
LALGUDI,143,PRATHEEBA,Bahujan Samaj Party,237,8,Trailing,0,38519,S22143,https://results.eci.gov.in/ResultAcGenMay2026/ConstituencywiseS22143.htm,2026-05-04 15:33:24
LALGUDI,143,N. MADHAN,Naam Tamilar Katchi,4600,4,Trailing,0,38519,S22143,https://results.eci.gov.in/ResultAcGenMay2026/ConstituencywiseS22143.htm,2026-05-04 15:33:24
LALGUDI,143,LEEMAROSE MARTIN,All India Anna Dravida Munnetra Kazhagam,39493,1,Leading / Top Candidate,974,38519,S22143,https://results.eci.gov.in/ResultAcGenMay2026/ConstituencywiseS22143.htm,2026-05-04 15:33:24
LALGUDI,143,K. IMMACULATE MARY,Samaniya Makkal Nala Katchi,254,7,Trailing,0,38519,S22143,https://results.eci.gov.in/ResultAcGenMay2026/ConstituencywiseS22143.htm,2026-05-04 15:33:24
LALGUDI,143,P. ELANCHEZHIYAN,Puthiya Tamilagam,102,14,Trailing,0,38519,S22143,https://results.eci.gov.in/ResultAcGenMay2026/ConstituencywiseS22143.htm,2026-05-04 15:33:24
LALGUDI,143,E. YESUDOSS,Tamilaga Makkal Nala Katchi,123,11,Trailing,0,38519,S22143,https://results.eci.gov.in/ResultAcGenMay2026/ConstituencywiseS22143.htm,2026-05-04 15:33:24
LALGUDI,143,KU PA KRISHNAN,Tamilaga Vettri Kazhagam,38519,2,Runner-up,0,38519,S22143,https://results.eci.gov.in/ResultAcGenMay2026/ConstituencywiseS22143.htm,2026-05-04 15:33:24
LALGUDI,143,P. SARAVANAN,Tamizhaga Vaazhvurimai Katchi,84,16,Trailing,0,38519,S22143,https://results.eci.gov.in/ResultAcGenMay2026/ConstituencywiseS22143.htm,2026-05-04 15:33:24
LALGUDI,143,JOSEPHIN,All India Puratchi Thalaivar Makkal Munnettra Kazhagam,105,13,Trailing,0,38519,S22143,https://results.eci.gov.in/ResultAcGenMay2026/ConstituencywiseS22143.htm,2026-05-04 15:33:24
LALGUDI,143,A. AMALAN SAVARIMUTHU,Independent,46,23,Trailing,0,38519,S22143,https://results.eci.gov.in/ResultAcGenMay2026/ConstituencywiseS22143.htm,2026-05-04 15:33:24
LALGUDI,143,M. KRISHNAN,Independent,47,22,Trailing,0,38519,S22143,https://results.eci.gov.in/ResultAcGenMay2026/ConstituencywiseS22143.htm,2026-05-04 15:33:24
LALGUDI,143,K. SENTHILKUMAR,Independent,83,17,Trailing,0,38519,S22143,https://results.eci.gov.in/ResultAcGenMay2026/ConstituencywiseS22143.htm,2026-05-04 15:33:24
LALGUDI,143,R. TAMILARASAN,Independent,38,25,Trailing,0,38519,S22143,https://results.eci.gov.in/ResultAcGenMay2026/ConstituencywiseS22143.htm,2026-05-04 15:33:24
LALGUDI,143,K. DHARMARAJ,Independent,62,20,Trailing,0,38519,S22143,https://results.eci.gov.in/ResultAcGenMay2026/ConstituencywiseS22143.htm,2026-05-04 15:33:24
LALGUDI,143,DHANAMOORTHY .R,Independent,165,10,Trailing,0,38519,S22143,https://results.eci.gov.in/ResultAcGenMay2026/ConstituencywiseS22143.htm,2026-05-04 15:33:24
LALGUDI,143,R. DINESHKUMAR,Independent,264,6,Trailing,0,38519,S22143,https://results.eci.gov.in/ResultAcGenMay2026/ConstituencywiseS22143.htm,2026-05-04 15:33:24
LALGUDI,143,R. PONSILAMBU,Independent,214,9,Trailing,0,38519,S22143,https://results.eci.gov.in/ResultAcGenMay2026/ConstituencywiseS22143.htm,2026-05-04 15:33:24
LALGUDI,143,MANSOOR ALIKHAN,Independent,64,19,Trailing,0,38519,S22143,https://results.eci.gov.in/ResultAcGenMay2026/ConstituencywiseS22143.htm,2026-05-04 15:33:24
LALGUDI,143,V. MUTHUSAMY,Independent,107,12,Trailing,0,38519,S22143,https://results.eci.gov.in/ResultAcGenMay2026/ConstituencywiseS22143.htm,2026-05-04 15:33:24
LALGUDI,143,MOHAMED ABUBAKKAR SIDDIQ,Independent,45,24,Trailing,0,38519,S22143,https://results.eci.gov.in/ResultAcGenMay2026/ConstituencywiseS22143.htm,2026-05-04 15:33:24
LALGUDI,143,M. RAMESHKUMAR,Independent,80,18,Trailing,0,38519,S22143,https://results.eci.gov.in/ResultAcGenMay2026/ConstituencywiseS22143.htm,2026-05-04 15:33:24
LALGUDI,143,JINNAH JAKEER HUSSAIN,Independent,89,15,Trailing,0,38519,S22143,https://results.eci.gov.in/ResultAcGenMay2026/ConstituencywiseS22143.htm,2026-05-04 15:33:24
LALGUDI,143,A. JEGAN SALAMONDOSS,Independent,50,21,Trailing,0,38519,S22143,https://results.eci.gov.in/ResultAcGenMay2026/ConstituencywiseS22143.htm,2026-05-04 15:33:24
LALGUDI,143,NOTA,None of the Above,265,5,Trailing,0,38519,S22143,https://results.eci.gov.in/ResultAcGenMay2026/ConstituencywiseS22143.htm,2026-05-04 15:33:24
MADATHUKULAM,126,M RADHAMANI,Naam Tamilar Katchi,3281,4,Trailing,0,29076,S22126,https://results.eci.gov.in/ResultAcGenMay2026/ConstituencywiseS22126.htm,2026-05-04 15:33:29
MADATHUKULAM,126,R JAYARAMAKRISHNAN,Dravida Munnetra Kazhagam,32754,1,Leading / Top Candidate,3678,29076,S22126,https://results.eci.gov.in/ResultAcGenMay2026/ConstituencywiseS22126.htm,2026-05-04 15:33:29
MADATHUKULAM,126,C SHANMUGAVELU,Amma Makkal Munnettra Kazagam,29076,2,Runner-up,0,29076,S22126,https://results.eci.gov.in/ResultAcGenMay2026/ConstituencywiseS22126.htm,2026-05-04 15:33:29
MADATHUKULAM,126,AK SENTHILKUMAR,Puthiya Tamilagam,356,6,Trailing,0,29076,S22126,https://results.eci.gov.in/ResultAcGenMay2026/ConstituencywiseS22126.htm,2026-05-04 15:33:29
MADATHUKULAM,126,R THIRUMALAI,Tamilaga Vettri Kazhagam,27646,3,Trailing,0,29076,S22126,https://results.eci.gov.in/ResultAcGenMay2026/ConstituencywiseS22126.htm,2026-05-04 15:33:29
MADATHUKULAM,126,M AHAMED ALI,Independent,102,12,Trailing,0,29076,S22126,https://results.eci.gov.in/ResultAcGenMay2026/ConstituencywiseS22126.htm,2026-05-04 15:33:29
MADATHUKULAM,126,A SHANMUGAVEL,Independent,67,13,Trailing,0,29076,S22126,https://results.eci.gov.in/ResultAcGenMay2026/ConstituencywiseS22126.htm,2026-05-04 15:33:29
MADATHUKULAM,126,K SHANMUGAVEL,Independent,53,14,Trailing,0,29076,S22126,https://results.eci.gov.in/ResultAcGenMay2026/ConstituencywiseS22126.htm,2026-05-04 15:33:29
MADATHUKULAM,126,S SHANMUGAVEL,Independent,152,10,Trailing,0,29076,S22126,https://results.eci.gov.in/ResultAcGenMay2026/ConstituencywiseS22126.htm,2026-05-04 15:33:29
MADATHUKULAM,126,M SHANUGAVEL,Independent,191,9,Trailing,0,29076,S22126,https://results.eci.gov.in/ResultAcGenMay2026/ConstituencywiseS22126.htm,2026-05-04 15:33:29
MADATHUKULAM,126,P THANGARAJ,Independent,143,11,Trailing,0,29076,S22126,https://results.eci.gov.in/ResultAcGenMay2026/ConstituencywiseS22126.htm,2026-05-04 15:33:29
MADATHUKULAM,126,SP MAHENDRAN,Independent,256,8,Trailing,0,29076,S22126,https://results.eci.gov.in/ResultAcGenMay2026/ConstituencywiseS22126.htm,2026-05-04 15:33:29
MADATHUKULAM,126,K VADIVAZHAGAN BALAJI,Independent,347,7,Trailing,0,29076,S22126,https://results.eci.gov.in/ResultAcGenMay2026/ConstituencywiseS22126.htm,2026-05-04 15:33:29
MADATHUKULAM,126,NOTA,None of the Above,476,5,Trailing,0,29076,S22126,https://results.eci.gov.in/ResultAcGenMay2026/ConstituencywiseS22126.htm,2026-05-04 15:33:29
MADAVARAM,9,E.KRITHIKA,Naam Tamilar Katchi,10763,4,Trailing,0,82947,S229,https://results.eci.gov.in/ResultAcGenMay2026/ConstituencywiseS229.htm,2026-05-04 15:33:33
MADAVARAM,9,S.SUDHARSANAM,Dravida Munnetra Kazhagam,82947,2,Runner-up,0,82947,S229,https://results.eci.gov.in/ResultAcGenMay2026/ConstituencywiseS229.htm,2026-05-04 15:33:33
MADAVARAM,9,MADHAVARAM V.MOORTHY,All India Anna Dravida Munnetra Kazhagam,52308,3,Trailing,0,82947,S229,https://results.eci.gov.in/ResultAcGenMay2026/ConstituencywiseS229.htm,2026-05-04 15:33:33
MADAVARAM,9,N.JANAKIRAMAN,Bahujan Samaj Party,485,7,Trailing,0,82947,S229,https://results.eci.gov.in/ResultAcGenMay2026/ConstituencywiseS229.htm,2026-05-04 15:33:33
MADAVARAM,9,R.KARTHIKEYAN,Tamizhaga Vaazhvurimai Katchi,187,8,Trailing,0,82947,S229,https://results.eci.gov.in/ResultAcGenMay2026/ConstituencywiseS229.htm,2026-05-04 15:33:33
MADAVARAM,9,I.RAFFIK,Naadaalum Makkal Katchi,570,6,Trailing,0,82947,S229,https://results.eci.gov.in/ResultAcGenMay2026/ConstituencywiseS229.htm,2026-05-04 15:33:33
MADAVARAM,9,M.L.VIJAYPRABHU,Tamilaga Vettri Kazhagam,162832,1,Leading / Top Candidate,79885,82947,S229,https://results.eci.gov.in/ResultAcGenMay2026/ConstituencywiseS229.htm,2026-05-04 15:33:33
MADAVARAM,9,S.SIVAKUMAR,Independent,167,9,Trailing,0,82947,S229,https://results.eci.gov.in/ResultAcGenMay2026/ConstituencywiseS229.htm,2026-05-04 15:33:33
MADAVARAM,9,SUDARSANAM,Independent,137,13,Trailing,0,82947,S229,https://results.eci.gov.in/ResultAcGenMay2026/ConstituencywiseS229.htm,2026-05-04 15:33:33
MADAVARAM,9,A.NAGARAJAN,Independent,141,12,Trailing,0,82947,S229,https://results.eci.gov.in/ResultAcGenMay2026/ConstituencywiseS229.htm,2026-05-04 15:33:33
MADAVARAM,9,R.S.BALAJI,Independent,84,16,Trailing,0,82947,S229,https://results.eci.gov.in/ResultAcGenMay2026/ConstituencywiseS229.htm,2026-05-04 15:33:33
MADAVARAM,9,G.PRABU,Independent,165,11,Trailing,0,82947,S229,https://results.eci.gov.in/ResultAcGenMay2026/ConstituencywiseS229.htm,2026-05-04 15:33:33
MADAVARAM,9,A.PONNALAGAN,Independent,107,15,Trailing,0,82947,S229,https://results.eci.gov.in/ResultAcGenMay2026/ConstituencywiseS229.htm,2026-05-04 15:33:33
MADAVARAM,9,C.MOORTHY,Independent,136,14,Trailing,0,82947,S229,https://results.eci.gov.in/ResultAcGenMay2026/ConstituencywiseS229.htm,2026-05-04 15:33:33
MADAVARAM,9,V.MURTHY,Independent,167,10,Trailing,0,82947,S229,https://results.eci.gov.in/ResultAcGenMay2026/ConstituencywiseS229.htm,2026-05-04 15:33:33
MADAVARAM,9,NOTA,None of the Above,1226,5,Trailing,0,82947,S229,https://results.eci.gov.in/ResultAcGenMay2026/ConstituencywiseS229.htm,2026-05-04 15:33:33
MADURAI CENTRAL,193,ABDUL HAKEEM K,Naam Tamilar Katchi,3375,4,Trailing,0,21823,S22193,https://results.eci.gov.in/ResultAcGenMay2026/ConstituencywiseS22193.htm,2026-05-04 15:33:37
MADURAI CENTRAL,193,SUNDAR C,All India Anna Dravida Munnetra Kazhagam,19893,3,Trailing,0,21823,S22193,https://results.eci.gov.in/ResultAcGenMay2026/ConstituencywiseS22193.htm,2026-05-04 15:33:37
MADURAI CENTRAL,193,PALANIVEL THIAGA RAJAN,Dravida Munnetra Kazhagam,21823,2,Runner-up,0,21823,S22193,https://results.eci.gov.in/ResultAcGenMay2026/ConstituencywiseS22193.htm,2026-05-04 15:33:37
MADURAI CENTRAL,193,RAMAR PANDI T,Bahujan Samaj Party,140,7,Trailing,0,21823,S22193,https://results.eci.gov.in/ResultAcGenMay2026/ConstituencywiseS22193.htm,2026-05-04 15:33:37
MADURAI CENTRAL,193,SAKKARAVARTHY P,All India Puratchi Thalaivar Makkal Munnettra Kazhagam,195,6,Trailing,0,21823,S22193,https://results.eci.gov.in/ResultAcGenMay2026/ConstituencywiseS22193.htm,2026-05-04 15:33:37
MADURAI CENTRAL,193,MADHAR BADHURUDEEN,Tamilaga Vettri Kazhagam,37843,1,Leading / Top Candidate,16020,21823,S22193,https://results.eci.gov.in/ResultAcGenMay2026/ConstituencywiseS22193.htm,2026-05-04 15:33:37
MADURAI CENTRAL,193,AVADAINATHAN V,Independent,92,8,Trailing,0,21823,S22193,https://results.eci.gov.in/ResultAcGenMay2026/ConstituencywiseS22193.htm,2026-05-04 15:33:37
MADURAI CENTRAL,193,GURU KARTHICK T,Independent,41,12,Trailing,0,21823,S22193,https://results.eci.gov.in/ResultAcGenMay2026/ConstituencywiseS22193.htm,2026-05-04 15:33:37
MADURAI CENTRAL,193,SALEEM,Independent,53,10,Trailing,0,21823,S22193,https://results.eci.gov.in/ResultAcGenMay2026/ConstituencywiseS22193.htm,2026-05-04 15:33:37
MADURAI CENTRAL,193,SIVAPERUMAL V,Independent,37,13,Trailing,0,21823,S22193,https://results.eci.gov.in/ResultAcGenMay2026/ConstituencywiseS22193.htm,2026-05-04 15:33:37
MADURAI CENTRAL,193,MANIVANNAN,Independent,44,11,Trailing,0,21823,S22193,https://results.eci.gov.in/ResultAcGenMay2026/ConstituencywiseS22193.htm,2026-05-04 15:33:37
MADURAI CENTRAL,193,RAJENDRAN R,Independent,54,9,Trailing,0,21823,S22193,https://results.eci.gov.in/ResultAcGenMay2026/ConstituencywiseS22193.htm,2026-05-04 15:33:37
MADURAI CENTRAL,193,NOTA,None of the Above,376,5,Trailing,0,21823,S22193,https://results.eci.gov.in/ResultAcGenMay2026/ConstituencywiseS22193.htm,2026-05-04 15:33:37
MADURAI EAST,189,SELVAM K,Naam Tamilar Katchi,8824,4,Trailing,0,68202,S22189,https://results.eci.gov.in/ResultAcGenMay2026/ConstituencywiseS22189.htm,2026-05-04 15:33:42
MADURAI EAST,189,MAHENDRAN K,All India Anna Dravida Munnetra Kazhagam,20516,3,Trailing,0,68202,S22189,https://results.eci.gov.in/ResultAcGenMay2026/ConstituencywiseS22189.htm,2026-05-04 15:33:42
MADURAI EAST,189,MOORTHY P,Dravida Munnetra Kazhagam,68202,2,Runner-up,0,68202,S22189,https://results.eci.gov.in/ResultAcGenMay2026/ConstituencywiseS22189.htm,2026-05-04 15:33:42
MADURAI EAST,189,KARTHIKEYAN S,Tamilaga Vettri Kazhagam,75536,1,Leading / Top Candidate,7334,68202,S22189,https://results.eci.gov.in/ResultAcGenMay2026/ConstituencywiseS22189.htm,2026-05-04 15:33:42
MADURAI EAST,189,BHARATHIRAJA A,Puthiya Tamilagam,372,8,Trailing,0,68202,S22189,https://results.eci.gov.in/ResultAcGenMay2026/ConstituencywiseS22189.htm,2026-05-04 15:33:42
MADURAI EAST,189,PRINCE S,Republican Party of India (Athawale),1015,5,Trailing,0,68202,S22189,https://results.eci.gov.in/ResultAcGenMay2026/ConstituencywiseS22189.htm,2026-05-04 15:33:42
MADURAI EAST,189,BOOMIRAJAN K,Tamizhaga Vaazhvurimai Katchi,91,14,Trailing,0,68202,S22189,https://results.eci.gov.in/ResultAcGenMay2026/ConstituencywiseS22189.htm,2026-05-04 15:33:42
MADURAI EAST,189,ARASU S,Independent,108,12,Trailing,0,68202,S22189,https://results.eci.gov.in/ResultAcGenMay2026/ConstituencywiseS22189.htm,2026-05-04 15:33:42
MADURAI EAST,189,ARUN PANDIAN A J,Independent,123,11,Trailing,0,68202,S22189,https://results.eci.gov.in/ResultAcGenMay2026/ConstituencywiseS22189.htm,2026-05-04 15:33:42
MADURAI EAST,189,AJAY KANNAN A,Independent,98,13,Trailing,0,68202,S22189,https://results.eci.gov.in/ResultAcGenMay2026/ConstituencywiseS22189.htm,2026-05-04 15:33:42
MADURAI EAST,189,KARTHIKEYAN G,Independent,465,7,Trailing,0,68202,S22189,https://results.eci.gov.in/ResultAcGenMay2026/ConstituencywiseS22189.htm,2026-05-04 15:33:42
MADURAI EAST,189,CHANDRA MOULISWARAN A,Independent,60,16,Trailing,0,68202,S22189,https://results.eci.gov.in/ResultAcGenMay2026/ConstituencywiseS22189.htm,2026-05-04 15:33:42
MADURAI EAST,189,PITCHAI V,Independent,135,10,Trailing,0,68202,S22189,https://results.eci.gov.in/ResultAcGenMay2026/ConstituencywiseS22189.htm,2026-05-04 15:33:42
MADURAI EAST,189,MUGESHKUMAR M,Independent,309,9,Trailing,0,68202,S22189,https://results.eci.gov.in/ResultAcGenMay2026/ConstituencywiseS22189.htm,2026-05-04 15:33:42
MADURAI EAST,189,VELLADURAI A,Independent,83,15,Trailing,0,68202,S22189,https://results.eci.gov.in/ResultAcGenMay2026/ConstituencywiseS22189.htm,2026-05-04 15:33:42
MADURAI EAST,189,NOTA,None of the Above,806,6,Trailing,0,68202,S22189,https://results.eci.gov.in/ResultAcGenMay2026/ConstituencywiseS22189.htm,2026-05-04 15:33:42
MADURAI NORTH,191,P.SARAVANAN,All India Anna Dravida Munnetra Kazhagam,16964,3,Trailing,0,36418,S22191,https://results.eci.gov.in/ResultAcGenMay2026/ConstituencywiseS22191.htm,2026-05-04 15:33:46
MADURAI NORTH,191,G.THALAPATHI,Dravida Munnetra Kazhagam,36418,2,Runner-up,0,36418,S22191,https://results.eci.gov.in/ResultAcGenMay2026/ConstituencywiseS22191.htm,2026-05-04 15:33:46
MADURAI NORTH,191,V THIRUNAVUKKARASU,Naam Tamilar Katchi,4914,4,Trailing,0,36418,S22191,https://results.eci.gov.in/ResultAcGenMay2026/ConstituencywiseS22191.htm,2026-05-04 15:33:46
MADURAI NORTH,191,A.KALLANAI,Tamilaga Vettri Kazhagam,50853,1,Leading / Top Candidate,14435,36418,S22191,https://results.eci.gov.in/ResultAcGenMay2026/ConstituencywiseS22191.htm,2026-05-04 15:33:46
MADURAI NORTH,191,R RAJKUMAR,Naam Indiar Party,86,9,Trailing,0,36418,S22191,https://results.eci.gov.in/ResultAcGenMay2026/ConstituencywiseS22191.htm,2026-05-04 15:33:46
MADURAI NORTH,191,M J VOLTAIRE,Socialist Unity Centre Of India (COMMUNIST),84,10,Trailing,0,36418,S22191,https://results.eci.gov.in/ResultAcGenMay2026/ConstituencywiseS22191.htm,2026-05-04 15:33:46
MADURAI NORTH,191,N.KUPPUSAMY,Independent,17,14,Trailing,0,36418,S22191,https://results.eci.gov.in/ResultAcGenMay2026/ConstituencywiseS22191.htm,2026-05-04 15:33:46
MADURAI NORTH,191,J.KESAVARAJAH,Independent,58,13,Trailing,0,36418,S22191,https://results.eci.gov.in/ResultAcGenMay2026/ConstituencywiseS22191.htm,2026-05-04 15:33:46
MADURAI NORTH,191,M.P.SANKARAPANDI,Independent,100,7,Trailing,0,36418,S22191,https://results.eci.gov.in/ResultAcGenMay2026/ConstituencywiseS22191.htm,2026-05-04 15:33:46
MADURAI NORTH,191,C.SATHISHKUMAR,Independent,59,12,Trailing,0,36418,S22191,https://results.eci.gov.in/ResultAcGenMay2026/ConstituencywiseS22191.htm,2026-05-04 15:33:46
MADURAI NORTH,191,D.MOHAMED ISMAIL,Independent,112,6,Trailing,0,36418,S22191,https://results.eci.gov.in/ResultAcGenMay2026/ConstituencywiseS22191.htm,2026-05-04 15:33:46
MADURAI NORTH,191,P MUTHUSAMY,Independent,76,11,Trailing,0,36418,S22191,https://results.eci.gov.in/ResultAcGenMay2026/ConstituencywiseS22191.htm,2026-05-04 15:33:46
MADURAI NORTH,191,A.RAJANGAM,Independent,93,8,Trailing,0,36418,S22191,https://results.eci.gov.in/ResultAcGenMay2026/ConstituencywiseS22191.htm,2026-05-04 15:33:46
MADURAI NORTH,191,NOTA,None of the Above,485,5,Trailing,0,36418,S22191,https://results.eci.gov.in/ResultAcGenMay2026/ConstituencywiseS22191.htm,2026-05-04 15:33:46
MADURAI SOUTH,192,RAAMA SREENIVASAN,Bharatiya Janata Party,29629,3,Trailing,0,38828,S22192,https://results.eci.gov.in/ResultAcGenMay2026/ConstituencywiseS22192.htm,2026-05-04 15:33:50
MADURAI SOUTH,192,B.M.SUMATHY,Naam Tamilar Katchi,5552,4,Trailing,0,38828,S22192,https://results.eci.gov.in/ResultAcGenMay2026/ConstituencywiseS22192.htm,2026-05-04 15:33:50
MADURAI SOUTH,192,M.BOOMINATHAN,Dravida Munnetra Kazhagam,38828,2,Runner-up,0,38828,S22192,https://results.eci.gov.in/ResultAcGenMay2026/ConstituencywiseS22192.htm,2026-05-04 15:33:50
MADURAI SOUTH,192,S.IRUTHYARAJ,Tamizhaga Vaazhvurimai Katchi,339,6,Trailing,0,38828,S22192,https://results.eci.gov.in/ResultAcGenMay2026/ConstituencywiseS22192.htm,2026-05-04 15:33:50
MADURAI SOUTH,192,M.M.GOPISON,Tamilaga Vettri Kazhagam,58851,1,Leading / Top Candidate,20023,38828,S22192,https://results.eci.gov.in/ResultAcGenMay2026/ConstituencywiseS22192.htm,2026-05-04 15:33:50
MADURAI SOUTH,192,K.JEYA,Independent,243,7,Trailing,0,38828,S22192,https://results.eci.gov.in/ResultAcGenMay2026/ConstituencywiseS22192.htm,2026-05-04 15:33:50
MADURAI SOUTH,192,NOTA,None of the Above,582,5,Trailing,0,38828,S22192,https://results.eci.gov.in/ResultAcGenMay2026/ConstituencywiseS22192.htm,2026-05-04 15:33:50
MADURAI WEST,194,SELLUR K RAJU,All India Anna Dravida Munnetra Kazhagam,29501,3,Trailing,0,57574,S22194,https://results.eci.gov.in/ResultAcGenMay2026/ConstituencywiseS22194.htm,2026-05-04 15:33:55
MADURAI WEST,194,BALAJI R,Dravida Munnetra Kazhagam,57574,2,Runner-up,0,57574,S22194,https://results.eci.gov.in/ResultAcGenMay2026/ConstituencywiseS22194.htm,2026-05-04 15:33:55
MADURAI WEST,194,VIGNESHKUMAR S,Naam Tamilar Katchi,8116,4,Trailing,0,57574,S22194,https://results.eci.gov.in/ResultAcGenMay2026/ConstituencywiseS22194.htm,2026-05-04 15:33:55
MADURAI WEST,194,THANGAPANDI SR,Tamilaga Vettri Kazhagam,62540,1,Leading / Top Candidate,4966,57574,S22194,https://results.eci.gov.in/ResultAcGenMay2026/ConstituencywiseS22194.htm,2026-05-04 15:33:55
MADURAI WEST,194,MADURAI VEERAN S,Tamizhaga Vaazhvurimai Katchi,117,9,Trailing,0,57574,S22194,https://results.eci.gov.in/ResultAcGenMay2026/ConstituencywiseS22194.htm,2026-05-04 15:33:55
MADURAI WEST,194,MUTHUPANDI R,Vishwa Tamil Kazhagam,76,12,Trailing,0,57574,S22194,https://results.eci.gov.in/ResultAcGenMay2026/ConstituencywiseS22194.htm,2026-05-04 15:33:55
MADURAI WEST,194,ANANDH K,Independent,84,11,Trailing,0,57574,S22194,https://results.eci.gov.in/ResultAcGenMay2026/ConstituencywiseS22194.htm,2026-05-04 15:33:55
MADURAI WEST,194,THARMA PRABU V S,Independent,95,10,Trailing,0,57574,S22194,https://results.eci.gov.in/ResultAcGenMay2026/ConstituencywiseS22194.htm,2026-05-04 15:33:55
MADURAI WEST,194,MANOJ KUMAR R,Independent,39,15,Trailing,0,57574,S22194,https://results.eci.gov.in/ResultAcGenMay2026/ConstituencywiseS22194.htm,2026-05-04 15:33:55
MADURAI WEST,194,MUTHUKUMAR S,Independent,149,7,Trailing,0,57574,S22194,https://results.eci.gov.in/ResultAcGenMay2026/ConstituencywiseS22194.htm,2026-05-04 15:33:55
MADURAI WEST,194,MUTHUKUMAR D,Independent,52,14,Trailing,0,57574,S22194,https://results.eci.gov.in/ResultAcGenMay2026/ConstituencywiseS22194.htm,2026-05-04 15:33:55
MADURAI WEST,194,RAHAMADULLAH S,Independent,61,13,Trailing,0,57574,S22194,https://results.eci.gov.in/ResultAcGenMay2026/ConstituencywiseS22194.htm,2026-05-04 15:33:55
MADURAI WEST,194,RAJKUMAR S,Independent,172,6,Trailing,0,57574,S22194,https://results.eci.gov.in/ResultAcGenMay2026/ConstituencywiseS22194.htm,2026-05-04 15:33:55
MADURAI WEST,194,VENKATESAN M,Independent,131,8,Trailing,0,57574,S22194,https://results.eci.gov.in/ResultAcGenMay2026/ConstituencywiseS22194.htm,2026-05-04 15:33:55
MADURAI WEST,194,NOTA,None of the Above,670,5,Trailing,0,57574,S22194,https://results.eci.gov.in/ResultAcGenMay2026/ConstituencywiseS22194.htm,2026-05-04 15:33:55
MADURANTAKAM,35,S.AMULU PONMALAR,Dravida Munnetra Kazhagam,40571,3,Trailing,0,42842,S2235,https://results.eci.gov.in/ResultAcGenMay2026/ConstituencywiseS2235.htm,2026-05-04 15:33:59
MADURANTAKAM,35,MARAGATHAM KUMARAVEL.K,All India Anna Dravida Munnetra Kazhagam,47591,1,Leading / Top Candidate,4749,42842,S2235,https://results.eci.gov.in/ResultAcGenMay2026/ConstituencywiseS2235.htm,2026-05-04 15:33:59
MADURANTAKAM,35,NEELAM E.RAMKUMAR,Bahujan Samaj Party,242,6,Trailing,0,42842,S2235,https://results.eci.gov.in/ResultAcGenMay2026/ConstituencywiseS2235.htm,2026-05-04 15:33:59
MADURANTAKAM,35,G.JANAKIRAMAN,Naam Tamilar Katchi,3348,4,Trailing,0,42842,S2235,https://results.eci.gov.in/ResultAcGenMay2026/ConstituencywiseS2235.htm,2026-05-04 15:33:59
MADURANTAKAM,35,EZHIL KATHARINE EZHILMALAI,Tamilaga Vettri Kazhagam,42842,2,Runner-up,0,42842,S2235,https://results.eci.gov.in/ResultAcGenMay2026/ConstituencywiseS2235.htm,2026-05-04 15:33:59
MADURANTAKAM,35,R.SUGAN,All India Puratchi Thalaivar Makkal Munnettra Kazhagam,168,8,Trailing,0,42842,S2235,https://results.eci.gov.in/ResultAcGenMay2026/ConstituencywiseS2235.htm,2026-05-04 15:33:59
MADURANTAKAM,35,S.PUNNIYAKOTTI,Tamizhaga Vaazhvurimai Katchi,137,9,Trailing,0,42842,S2235,https://results.eci.gov.in/ResultAcGenMay2026/ConstituencywiseS2235.htm,2026-05-04 15:33:59
MADURANTAKAM,35,M.KADIRVEL,Independent,73,10,Trailing,0,42842,S2235,https://results.eci.gov.in/ResultAcGenMay2026/ConstituencywiseS2235.htm,2026-05-04 15:33:59
MADURANTAKAM,35,RANJITHAM.M,Independent,242,7,Trailing,0,42842,S2235,https://results.eci.gov.in/ResultAcGenMay2026/ConstituencywiseS2235.htm,2026-05-04 15:33:59
MADURANTAKAM,35,NOTA,None of the Above,556,5,Trailing,0,42842,S2235,https://results.eci.gov.in/ResultAcGenMay2026/ConstituencywiseS2235.htm,2026-05-04 15:33:59
MADURAVOYAL,7,GANAPATHY. K,Dravida Munnetra Kazhagam,30296,2,Runner-up,0,30296,S227,https://results.eci.gov.in/ResultAcGenMay2026/ConstituencywiseS227.htm,2026-05-04 15:34:03
MADURAVOYAL,7,P. BENJAMIN,All India Anna Dravida Munnetra Kazhagam,21135,3,Trailing,0,30296,S227,https://results.eci.gov.in/ResultAcGenMay2026/ConstituencywiseS227.htm,2026-05-04 15:34:03
MADURAVOYAL,7,REVATHI L,Naam Tamilar Katchi,5100,4,Trailing,0,30296,S227,https://results.eci.gov.in/ResultAcGenMay2026/ConstituencywiseS227.htm,2026-05-04 15:34:03
MADURAVOYAL,7,AGNI SELVARAJU. J,Naadaalum Makkal Katchi,97,9,Trailing,0,30296,S227,https://results.eci.gov.in/ResultAcGenMay2026/ConstituencywiseS227.htm,2026-05-04 15:34:03
MADURAVOYAL,7,MUTHURAMAN. S,Anna MGR Dravida Makkal Kalgam,28,19,Trailing,0,30296,S227,https://results.eci.gov.in/ResultAcGenMay2026/ConstituencywiseS227.htm,2026-05-04 15:34:03
MADURAVOYAL,7,MURALI. S,Naam Indiar Party,121,7,Trailing,0,30296,S227,https://results.eci.gov.in/ResultAcGenMay2026/ConstituencywiseS227.htm,2026-05-04 15:34:03
MADURAVOYAL,7,RHEVANTH CHARAN,Tamilaga Vettri Kazhagam,56582,1,Leading / Top Candidate,26286,30296,S227,https://results.eci.gov.in/ResultAcGenMay2026/ConstituencywiseS227.htm,2026-05-04 15:34:03
MADURAVOYAL,7,K. VENKATESAN,Veerath Thiyagi Viswanathadoss Thozhilalarkal Katchi,67,13,Trailing,0,30296,S227,https://results.eci.gov.in/ResultAcGenMay2026/ConstituencywiseS227.htm,2026-05-04 15:34:03
MADURAVOYAL,7,J. VENKATESAN,All India Puratchi Thalaivar Makkal Munnettra Kazhagam,98,8,Trailing,0,30296,S227,https://results.eci.gov.in/ResultAcGenMay2026/ConstituencywiseS227.htm,2026-05-04 15:34:03
MADURAVOYAL,7,D. ANANDAN,Independent,22,21,Trailing,0,30296,S227,https://results.eci.gov.in/ResultAcGenMay2026/ConstituencywiseS227.htm,2026-05-04 15:34:03
MADURAVOYAL,7,K. GANAPATHY,Independent,36,15,Trailing,0,30296,S227,https://results.eci.gov.in/ResultAcGenMay2026/ConstituencywiseS227.htm,2026-05-04 15:34:03
MADURAVOYAL,7,V. KAMALA KANNAN,Independent,37,14,Trailing,0,30296,S227,https://results.eci.gov.in/ResultAcGenMay2026/ConstituencywiseS227.htm,2026-05-04 15:34:03
MADURAVOYAL,7,SARAVANAN KUMAR,Independent,29,18,Trailing,0,30296,S227,https://results.eci.gov.in/ResultAcGenMay2026/ConstituencywiseS227.htm,2026-05-04 15:34:03
MADURAVOYAL,7,R. SIVA,Independent,133,6,Trailing,0,30296,S227,https://results.eci.gov.in/ResultAcGenMay2026/ConstituencywiseS227.htm,2026-05-04 15:34:03
MADURAVOYAL,7,M. BALASUBRAMANIAN,Independent,25,20,Trailing,0,30296,S227,https://results.eci.gov.in/ResultAcGenMay2026/ConstituencywiseS227.htm,2026-05-04 15:34:03
MADURAVOYAL,7,S. BENJAMIN MOSES,Independent,72,12,Trailing,0,30296,S227,https://results.eci.gov.in/ResultAcGenMay2026/ConstituencywiseS227.htm,2026-05-04 15:34:03
MADURAVOYAL,7,PONMUTHU RAMESH,Independent,73,11,Trailing,0,30296,S227,https://results.eci.gov.in/ResultAcGenMay2026/ConstituencywiseS227.htm,2026-05-04 15:34:03
MADURAVOYAL,7,N.A. MANI,Independent,81,10,Trailing,0,30296,S227,https://results.eci.gov.in/ResultAcGenMay2026/ConstituencywiseS227.htm,2026-05-04 15:34:03
MADURAVOYAL,7,R. YUVARAJ,Independent,33,17,Trailing,0,30296,S227,https://results.eci.gov.in/ResultAcGenMay2026/ConstituencywiseS227.htm,2026-05-04 15:34:03
MADURAVOYAL,7,VIGNESH NANDAGOPAL,Independent,34,16,Trailing,0,30296,S227,https://results.eci.gov.in/ResultAcGenMay2026/ConstituencywiseS227.htm,2026-05-04 15:34:03
MADURAVOYAL,7,M. JAMES,Independent,14,22,Trailing,0,30296,S227,https://results.eci.gov.in/ResultAcGenMay2026/ConstituencywiseS227.htm,2026-05-04 15:34:03
MADURAVOYAL,7,NOTA,None of the Above,537,5,Trailing,0,30296,S227,https://results.eci.gov.in/ResultAcGenMay2026/ConstituencywiseS227.htm,2026-05-04 15:34:03
MAILAM,71,SHANMUGAM C VE,All India Anna Dravida Munnetra Kazhagam,63194,1,Leading / Top Candidate,25203,37991,S2271,https://results.eci.gov.in/ResultAcGenMay2026/ConstituencywiseS2271.htm,2026-05-04 15:34:08
MAILAM,71,RANJITH KUMAR M,Bahujan Samaj Party,277,7,Trailing,0,37991,S2271,https://results.eci.gov.in/ResultAcGenMay2026/ConstituencywiseS2271.htm,2026-05-04 15:34:08
MAILAM,71,VIDJAIVIKRAM S,Naam Tamilar Katchi,3334,4,Trailing,0,37991,S2271,https://results.eci.gov.in/ResultAcGenMay2026/ConstituencywiseS2271.htm,2026-05-04 15:34:08
MAILAM,71,VENKATESAN L,Desiya Murpokku Dravida Kazhagam,33703,3,Trailing,0,37991,S2271,https://results.eci.gov.in/ResultAcGenMay2026/ConstituencywiseS2271.htm,2026-05-04 15:34:08
MAILAM,71,AYYANAR N,Anti Corruption Dynamic Party,180,11,Trailing,0,37991,S2271,https://results.eci.gov.in/ResultAcGenMay2026/ConstituencywiseS2271.htm,2026-05-04 15:34:08
MAILAM,71,ANANDHABABU M,Tamizhaga Vaazhvurimai Katchi,101,15,Trailing,0,37991,S2271,https://results.eci.gov.in/ResultAcGenMay2026/ConstituencywiseS2271.htm,2026-05-04 15:34:08
MAILAM,71,SURESH KUMAR S,Indhia Kudiarasu Katchi,35,19,Trailing,0,37991,S2271,https://results.eci.gov.in/ResultAcGenMay2026/ConstituencywiseS2271.htm,2026-05-04 15:34:08
MAILAM,71,SEKAR NAYAKAR I M,All India Puratchi Thalaivar Makkal Munnettra Kazhagam,30,21,Trailing,0,37991,S2271,https://results.eci.gov.in/ResultAcGenMay2026/ConstituencywiseS2271.htm,2026-05-04 15:34:08
MAILAM,71,DIVYA P,Naam Indiar Party,20,22,Trailing,0,37991,S2271,https://results.eci.gov.in/ResultAcGenMay2026/ConstituencywiseS2271.htm,2026-05-04 15:34:08
MAILAM,71,PURUSHOTHAMAN K,Desiya Makkal Sakthi Katchi,34,20,Trailing,0,37991,S2271,https://results.eci.gov.in/ResultAcGenMay2026/ConstituencywiseS2271.htm,2026-05-04 15:34:08
MAILAM,71,MANAVALAN A,Anna MGR Dravida Makkal Kalgam,73,18,Trailing,0,37991,S2271,https://results.eci.gov.in/ResultAcGenMay2026/ConstituencywiseS2271.htm,2026-05-04 15:34:08
MAILAM,71,VINOTH R,Thakkam Katchi,253,9,Trailing,0,37991,S2271,https://results.eci.gov.in/ResultAcGenMay2026/ConstituencywiseS2271.htm,2026-05-04 15:34:08
MAILAM,71,VIJAY NIRANJAN A,Tamilaga Vettri Kazhagam,37991,2,Runner-up,0,37991,S2271,https://results.eci.gov.in/ResultAcGenMay2026/ConstituencywiseS2271.htm,2026-05-04 15:34:08
MAILAM,71,KARVANNAN K,Independent,74,17,Trailing,0,37991,S2271,https://results.eci.gov.in/ResultAcGenMay2026/ConstituencywiseS2271.htm,2026-05-04 15:34:08
MAILAM,71,KRISHNAMURTHY K,Independent,153,13,Trailing,0,37991,S2271,https://results.eci.gov.in/ResultAcGenMay2026/ConstituencywiseS2271.htm,2026-05-04 15:34:08
MAILAM,71,GOPU V S,Independent,426,6,Trailing,0,37991,S2271,https://results.eci.gov.in/ResultAcGenMay2026/ConstituencywiseS2271.htm,2026-05-04 15:34:08
MAILAM,71,SIVA S,Independent,430,5,Trailing,0,37991,S2271,https://results.eci.gov.in/ResultAcGenMay2026/ConstituencywiseS2271.htm,2026-05-04 15:34:08
MAILAM,71,SUNDAR C,Independent,103,14,Trailing,0,37991,S2271,https://results.eci.gov.in/ResultAcGenMay2026/ConstituencywiseS2271.htm,2026-05-04 15:34:08
MAILAM,71,TAMIZHARASAN M,Independent,160,12,Trailing,0,37991,S2271,https://results.eci.gov.in/ResultAcGenMay2026/ConstituencywiseS2271.htm,2026-05-04 15:34:08
MAILAM,71,RANJITHA V,Independent,265,8,Trailing,0,37991,S2271,https://results.eci.gov.in/ResultAcGenMay2026/ConstituencywiseS2271.htm,2026-05-04 15:34:08
MAILAM,71,VIJAYAGANTH K,Independent,76,16,Trailing,0,37991,S2271,https://results.eci.gov.in/ResultAcGenMay2026/ConstituencywiseS2271.htm,2026-05-04 15:34:08
MAILAM,71,NOTA,None of the Above,220,10,Trailing,0,37991,S2271,https://results.eci.gov.in/ResultAcGenMay2026/ConstituencywiseS2271.htm,2026-05-04 15:34:08
MANACHANALLUR,144,KATHIRAVAN. S,Dravida Munnetra Kazhagam,71673,1,Leading / Top Candidate,10155,61518,S22144,https://results.eci.gov.in/ResultAcGenMay2026/ConstituencywiseS22144.htm,2026-05-04 15:34:12
MANACHANALLUR,144,THENMOZHI. R,Naam Tamilar Katchi,8435,4,Trailing,0,61518,S22144,https://results.eci.gov.in/ResultAcGenMay2026/ConstituencywiseS22144.htm,2026-05-04 15:34:12
MANACHANALLUR,144,R.V. BHARATHAN,All India Anna Dravida Munnetra Kazhagam,41947,3,Trailing,0,61518,S22144,https://results.eci.gov.in/ResultAcGenMay2026/ConstituencywiseS22144.htm,2026-05-04 15:34:12
MANACHANALLUR,144,BALAKRISHNAN (A) AMOOR BALU,Bahujan Samaj Party,350,8,Trailing,0,61518,S22144,https://results.eci.gov.in/ResultAcGenMay2026/ConstituencywiseS22144.htm,2026-05-04 15:34:12
MANACHANALLUR,144,V.SARAVANAN,Tamilaga Vettri Kazhagam,61518,2,Runner-up,0,61518,S22144,https://results.eci.gov.in/ResultAcGenMay2026/ConstituencywiseS22144.htm,2026-05-04 15:34:12
MANACHANALLUR,144,K. SENTHILKUMAR,Samaniya Makkal Nala Katchi,126,14,Trailing,0,61518,S22144,https://results.eci.gov.in/ResultAcGenMay2026/ConstituencywiseS22144.htm,2026-05-04 15:34:12
MANACHANALLUR,144,BALU. M,Puthiya Tamilagam,162,11,Trailing,0,61518,S22144,https://results.eci.gov.in/ResultAcGenMay2026/ConstituencywiseS22144.htm,2026-05-04 15:34:12
MANACHANALLUR,144,REVATHI. S,Akila Inthiya Makkal Marumalarchi Kazhakam,67,20,Trailing,0,61518,S22144,https://results.eci.gov.in/ResultAcGenMay2026/ConstituencywiseS22144.htm,2026-05-04 15:34:12
MANACHANALLUR,144,VEERAIYA. C,Tamizhaga Vaazhvurimai Katchi,60,21,Trailing,0,61518,S22144,https://results.eci.gov.in/ResultAcGenMay2026/ConstituencywiseS22144.htm,2026-05-04 15:34:12
MANACHANALLUR,144,KARTHIKEYAN. P,Independent,122,15,Trailing,0,61518,S22144,https://results.eci.gov.in/ResultAcGenMay2026/ConstituencywiseS22144.htm,2026-05-04 15:34:12
MANACHANALLUR,144,GOPALAKRISHNAN. V,Independent,36,23,Trailing,0,61518,S22144,https://results.eci.gov.in/ResultAcGenMay2026/ConstituencywiseS22144.htm,2026-05-04 15:34:12
MANACHANALLUR,144,SHANMUGAM. V.T,Independent,107,16,Trailing,0,61518,S22144,https://results.eci.gov.in/ResultAcGenMay2026/ConstituencywiseS22144.htm,2026-05-04 15:34:12
MANACHANALLUR,144,SATHEESKUMAR. K,Independent,73,19,Trailing,0,61518,S22144,https://results.eci.gov.in/ResultAcGenMay2026/ConstituencywiseS22144.htm,2026-05-04 15:34:12
MANACHANALLUR,144,SARAVANAKUMAR. S,Independent,127,13,Trailing,0,61518,S22144,https://results.eci.gov.in/ResultAcGenMay2026/ConstituencywiseS22144.htm,2026-05-04 15:34:12
MANACHANALLUR,144,DIVESH. S,Independent,98,18,Trailing,0,61518,S22144,https://results.eci.gov.in/ResultAcGenMay2026/ConstituencywiseS22144.htm,2026-05-04 15:34:12
MANACHANALLUR,144,NAGARAJAN. V,Independent,431,7,Trailing,0,61518,S22144,https://results.eci.gov.in/ResultAcGenMay2026/ConstituencywiseS22144.htm,2026-05-04 15:34:12
MANACHANALLUR,144,RAMESH KUMAR. G,Independent,464,6,Trailing,0,61518,S22144,https://results.eci.gov.in/ResultAcGenMay2026/ConstituencywiseS22144.htm,2026-05-04 15:34:12
MANACHANALLUR,144,RADHAKRISHNAN. S,Independent,317,9,Trailing,0,61518,S22144,https://results.eci.gov.in/ResultAcGenMay2026/ConstituencywiseS22144.htm,2026-05-04 15:34:12
MANACHANALLUR,144,RAMPRASAD. N,Independent,215,10,Trailing,0,61518,S22144,https://results.eci.gov.in/ResultAcGenMay2026/ConstituencywiseS22144.htm,2026-05-04 15:34:12
MANACHANALLUR,144,RAJASEHAR. R,Independent,105,17,Trailing,0,61518,S22144,https://results.eci.gov.in/ResultAcGenMay2026/ConstituencywiseS22144.htm,2026-05-04 15:34:12
MANACHANALLUR,144,RAJU. V,Independent,141,12,Trailing,0,61518,S22144,https://results.eci.gov.in/ResultAcGenMay2026/ConstituencywiseS22144.htm,2026-05-04 15:34:12
MANACHANALLUR,144,JAYARAMAN. M,Independent,45,22,Trailing,0,61518,S22144,https://results.eci.gov.in/ResultAcGenMay2026/ConstituencywiseS22144.htm,2026-05-04 15:34:12
MANACHANALLUR,144,NOTA,None of the Above,488,5,Trailing,0,61518,S22144,https://results.eci.gov.in/ResultAcGenMay2026/ConstituencywiseS22144.htm,2026-05-04 15:34:12
MANAMADURAI,187,SHANMUGAPRIYA.M,Naam Tamilar Katchi,7413,4,Trailing,0,24289,S22187,https://results.eci.gov.in/ResultAcGenMay2026/ConstituencywiseS22187.htm,2026-05-04 15:34:16
MANAMADURAI,187,TAMILARASI.A,Dravida Munnetra Kazhagam,24289,2,Runner-up,0,24289,S22187,https://results.eci.gov.in/ResultAcGenMay2026/ConstituencywiseS22187.htm,2026-05-04 15:34:16
MANAMADURAI,187,BALAGANAPATHY.V,Bharatiya Janata Party,17437,3,Trailing,0,24289,S22187,https://results.eci.gov.in/ResultAcGenMay2026/ConstituencywiseS22187.htm,2026-05-04 15:34:16
MANAMADURAI,187,ARUNPANDIAN.A,Tamizhaga Vaazhvurimai Katchi,149,11,Trailing,0,24289,S22187,https://results.eci.gov.in/ResultAcGenMay2026/ConstituencywiseS22187.htm,2026-05-04 15:34:16
MANAMADURAI,187,ARUMUGAM.V,Republican Party of India,626,6,Trailing,0,24289,S22187,https://results.eci.gov.in/ResultAcGenMay2026/ConstituencywiseS22187.htm,2026-05-04 15:34:16
MANAMADURAI,187,ELANGOVAN.D,Tamilaga Vettri Kazhagam,28370,1,Leading / Top Candidate,4081,24289,S22187,https://results.eci.gov.in/ResultAcGenMay2026/ConstituencywiseS22187.htm,2026-05-04 15:34:16
MANAMADURAI,187,THILAGARAJ.K,All India Puratchi Thalaivar Makkal Munnettra Kazhagam,680,5,Trailing,0,24289,S22187,https://results.eci.gov.in/ResultAcGenMay2026/ConstituencywiseS22187.htm,2026-05-04 15:34:16
MANAMADURAI,187,RAJAMANIKKAM.A,Puthiya Tamilagam,193,9,Trailing,0,24289,S22187,https://results.eci.gov.in/ResultAcGenMay2026/ConstituencywiseS22187.htm,2026-05-04 15:34:16
MANAMADURAI,187,KARUPPUSAMI.V,Independent,92,14,Trailing,0,24289,S22187,https://results.eci.gov.in/ResultAcGenMay2026/ConstituencywiseS22187.htm,2026-05-04 15:34:16
MANAMADURAI,187,SHANKARGANESAN.S,Independent,87,15,Trailing,0,24289,S22187,https://results.eci.gov.in/ResultAcGenMay2026/ConstituencywiseS22187.htm,2026-05-04 15:34:16
MANAMADURAI,187,SATHISH.T,Independent,101,13,Trailing,0,24289,S22187,https://results.eci.gov.in/ResultAcGenMay2026/ConstituencywiseS22187.htm,2026-05-04 15:34:16
MANAMADURAI,187,BHARATHIDASAN.S,Independent,209,8,Trailing,0,24289,S22187,https://results.eci.gov.in/ResultAcGenMay2026/ConstituencywiseS22187.htm,2026-05-04 15:34:16
MANAMADURAI,187,RAJU.J.M,Independent,109,12,Trailing,0,24289,S22187,https://results.eci.gov.in/ResultAcGenMay2026/ConstituencywiseS22187.htm,2026-05-04 15:34:16
MANAMADURAI,187,VEERAPANDI.V,Independent,151,10,Trailing,0,24289,S22187,https://results.eci.gov.in/ResultAcGenMay2026/ConstituencywiseS22187.htm,2026-05-04 15:34:16
MANAMADURAI,187,NOTA,None of the Above,255,7,Trailing,0,24289,S22187,https://results.eci.gov.in/ResultAcGenMay2026/ConstituencywiseS22187.htm,2026-05-04 15:34:16
MANAPPARAI,138,P. ABDUL SAMED,Dravida Munnetra Kazhagam,47351,3,Trailing,0,62673,S22138,https://results.eci.gov.in/ResultAcGenMay2026/ConstituencywiseS22138.htm,2026-05-04 15:34:21
MANAPPARAI,138,M. ARUNAGIRI,Naam Tamilar Katchi,7537,4,Trailing,0,62673,S22138,https://results.eci.gov.in/ResultAcGenMay2026/ConstituencywiseS22138.htm,2026-05-04 15:34:21
MANAPPARAI,138,DR. PL. VIJAYAKUMAR,All India Anna Dravida Munnetra Kazhagam,62966,1,Leading / Top Candidate,293,62673,S22138,https://results.eci.gov.in/ResultAcGenMay2026/ConstituencywiseS22138.htm,2026-05-04 15:34:21
MANAPPARAI,138,AROCKIARAJ .A,Samaniya Makkal Nala Katchi,531,6,Trailing,0,62673,S22138,https://results.eci.gov.in/ResultAcGenMay2026/ConstituencywiseS22138.htm,2026-05-04 15:34:21
MANAPPARAI,138,R. KATHIRAVAN,Tamilaga Vettri Kazhagam,62673,2,Runner-up,0,62673,S22138,https://results.eci.gov.in/ResultAcGenMay2026/ConstituencywiseS22138.htm,2026-05-04 15:34:21
MANAPPARAI,138,P. MEENA,Puthiya Tamilagam,189,12,Trailing,0,62673,S22138,https://results.eci.gov.in/ResultAcGenMay2026/ConstituencywiseS22138.htm,2026-05-04 15:34:21
MANAPPARAI,138,RAJAVARMAN .R,Tamizhaga Vaazhvurimai Katchi,120,15,Trailing,0,62673,S22138,https://results.eci.gov.in/ResultAcGenMay2026/ConstituencywiseS22138.htm,2026-05-04 15:34:21
MANAPPARAI,138,A. RAMAN,Independent,83,19,Trailing,0,62673,S22138,https://results.eci.gov.in/ResultAcGenMay2026/ConstituencywiseS22138.htm,2026-05-04 15:34:21
MANAPPARAI,138,KATHIRAVAN .M,Independent,129,14,Trailing,0,62673,S22138,https://results.eci.gov.in/ResultAcGenMay2026/ConstituencywiseS22138.htm,2026-05-04 15:34:21
MANAPPARAI,138,M. KARUPPAN,Independent,179,13,Trailing,0,62673,S22138,https://results.eci.gov.in/ResultAcGenMay2026/ConstituencywiseS22138.htm,2026-05-04 15:34:21
MANAPPARAI,138,KUTTAIAN,Independent,98,18,Trailing,0,62673,S22138,https://results.eci.gov.in/ResultAcGenMay2026/ConstituencywiseS22138.htm,2026-05-04 15:34:21
MANAPPARAI,138,SARPHUDIN,Independent,232,9,Trailing,0,62673,S22138,https://results.eci.gov.in/ResultAcGenMay2026/ConstituencywiseS22138.htm,2026-05-04 15:34:21
MANAPPARAI,138,P. CHINNAN,Independent,107,17,Trailing,0,62673,S22138,https://results.eci.gov.in/ResultAcGenMay2026/ConstituencywiseS22138.htm,2026-05-04 15:34:21
MANAPPARAI,138,A. SENTHIL KUMAR,Independent,212,10,Trailing,0,62673,S22138,https://results.eci.gov.in/ResultAcGenMay2026/ConstituencywiseS22138.htm,2026-05-04 15:34:21
MANAPPARAI,138,PERIYAKKA,Independent,193,11,Trailing,0,62673,S22138,https://results.eci.gov.in/ResultAcGenMay2026/ConstituencywiseS22138.htm,2026-05-04 15:34:21
MANAPPARAI,138,RAJESH .M,Independent,394,8,Trailing,0,62673,S22138,https://results.eci.gov.in/ResultAcGenMay2026/ConstituencywiseS22138.htm,2026-05-04 15:34:21
MANAPPARAI,138,P. VIJAYAKUMAR,Independent,443,7,Trailing,0,62673,S22138,https://results.eci.gov.in/ResultAcGenMay2026/ConstituencywiseS22138.htm,2026-05-04 15:34:21
MANAPPARAI,138,M. VIJAYA KUMAR,Independent,115,16,Trailing,0,62673,S22138,https://results.eci.gov.in/ResultAcGenMay2026/ConstituencywiseS22138.htm,2026-05-04 15:34:21
MANAPPARAI,138,NOTA,None of the Above,723,5,Trailing,0,62673,S22138,https://results.eci.gov.in/ResultAcGenMay2026/ConstituencywiseS22138.htm,2026-05-04 15:34:21
MANNARGUDI,167,KAMARAJ.S,Bahujan Samaj Party,260,11,Trailing,0,47062,S22167,https://results.eci.gov.in/ResultAcGenMay2026/ConstituencywiseS22167.htm,2026-05-04 15:34:25
MANNARGUDI,167,BHARATHISELVAN.R,Naam Tamilar Katchi,5059,4,Trailing,0,47062,S22167,https://results.eci.gov.in/ResultAcGenMay2026/ConstituencywiseS22167.htm,2026-05-04 15:34:25
MANNARGUDI,167,RAJAA.T.R.B,Dravida Munnetra Kazhagam,47062,2,Runner-up,0,47062,S22167,https://results.eci.gov.in/ResultAcGenMay2026/ConstituencywiseS22167.htm,2026-05-04 15:34:25
MANNARGUDI,167,KAMARAJ. S,Amma Makkal Munnettra Kazagam,49079,1,Leading / Top Candidate,2017,47062,S22167,https://results.eci.gov.in/ResultAcGenMay2026/ConstituencywiseS22167.htm,2026-05-04 15:34:25
MANNARGUDI,167,GOVINDARAJ.G,Tamizhaga Vaazhvurimai Katchi,431,8,Trailing,0,47062,S22167,https://results.eci.gov.in/ResultAcGenMay2026/ConstituencywiseS22167.htm,2026-05-04 15:34:25
MANNARGUDI,167,BHARATHI.B,Puthiya Tamilagam,236,12,Trailing,0,47062,S22167,https://results.eci.gov.in/ResultAcGenMay2026/ConstituencywiseS22167.htm,2026-05-04 15:34:25
MANNARGUDI,167,MUTHUVEL.V,Tamilaga Makkal Nala Katchi,82,15,Trailing,0,47062,S22167,https://results.eci.gov.in/ResultAcGenMay2026/ConstituencywiseS22167.htm,2026-05-04 15:34:25
MANNARGUDI,167,RASUPILLAI.S,All India Puratchi Thalaivar Makkal Munnettra Kazhagam,1549,5,Trailing,0,47062,S22167,https://results.eci.gov.in/ResultAcGenMay2026/ConstituencywiseS22167.htm,2026-05-04 15:34:25
MANNARGUDI,167,RAJARAJAN.U,Tamilaga Vettri Kazhagam,31037,3,Trailing,0,47062,S22167,https://results.eci.gov.in/ResultAcGenMay2026/ConstituencywiseS22167.htm,2026-05-04 15:34:25
MANNARGUDI,167,ARULPRAKASH. P,Independent,177,13,Trailing,0,47062,S22167,https://results.eci.gov.in/ResultAcGenMay2026/ConstituencywiseS22167.htm,2026-05-04 15:34:25
MANNARGUDI,167,KAMARAJ.A,Independent,440,6,Trailing,0,47062,S22167,https://results.eci.gov.in/ResultAcGenMay2026/ConstituencywiseS22167.htm,2026-05-04 15:34:25
MANNARGUDI,167,DURAI ARASAN.K,Independent,99,14,Trailing,0,47062,S22167,https://results.eci.gov.in/ResultAcGenMay2026/ConstituencywiseS22167.htm,2026-05-04 15:34:25
MANNARGUDI,167,NAMASIVAYAM.N,Independent,434,7,Trailing,0,47062,S22167,https://results.eci.gov.in/ResultAcGenMay2026/ConstituencywiseS22167.htm,2026-05-04 15:34:25
MANNARGUDI,167,PRABHU. S,Independent,379,9,Trailing,0,47062,S22167,https://results.eci.gov.in/ResultAcGenMay2026/ConstituencywiseS22167.htm,2026-05-04 15:34:25
MANNARGUDI,167,MARIMUTHU.A.V.M,Independent,72,16,Trailing,0,47062,S22167,https://results.eci.gov.in/ResultAcGenMay2026/ConstituencywiseS22167.htm,2026-05-04 15:34:25
MANNARGUDI,167,NOTA,None of the Above,301,10,Trailing,0,47062,S22167,https://results.eci.gov.in/ResultAcGenMay2026/ConstituencywiseS22167.htm,2026-05-04 15:34:25
MAYILADUTHURAI,161,KASIRAMAN. K,Naam Tamilar Katchi,4135,4,Trailing,0,35429,S22161,https://results.eci.gov.in/ResultAcGenMay2026/ConstituencywiseS22161.htm,2026-05-04 15:34:29
MAYILADUTHURAI,161,VENKATESAN. K,Bahujan Samaj Party,118,14,Trailing,0,35429,S22161,https://results.eci.gov.in/ResultAcGenMay2026/ConstituencywiseS22161.htm,2026-05-04 15:34:29
MAYILADUTHURAI,161,JAMAL MOHAMED YOUNOOS. Y.N,Indian National Congress,42576,1,Leading / Top Candidate,7147,35429,S22161,https://results.eci.gov.in/ResultAcGenMay2026/ConstituencywiseS22161.htm,2026-05-04 15:34:29
MAYILADUTHURAI,161,ARAVAAZHI. K,All India Jananayaka Makkal Kazhagam,229,7,Trailing,0,35429,S22161,https://results.eci.gov.in/ResultAcGenMay2026/ConstituencywiseS22161.htm,2026-05-04 15:34:29
MAYILADUTHURAI,161,KARTHICK. A,Samaniya Makkal Nala Katchi,48,20,Trailing,0,35429,S22161,https://results.eci.gov.in/ResultAcGenMay2026/ConstituencywiseS22161.htm,2026-05-04 15:34:29
MAYILADUTHURAI,161,SARAVANAN. K,Tamizhaga Vaazhvurimai Katchi,198,9,Trailing,0,35429,S22161,https://results.eci.gov.in/ResultAcGenMay2026/ConstituencywiseS22161.htm,2026-05-04 15:34:29
MAYILADUTHURAI,161,PALANISAMY. A M.COM.,Pattali Makkal Katchi,35429,2,Runner-up,0,35429,S22161,https://results.eci.gov.in/ResultAcGenMay2026/ConstituencywiseS22161.htm,2026-05-04 15:34:29
MAYILADUTHURAI,161,MANIMARAN,Veerath Thiyagi Viswanathadoss Thozhilalarkal Katchi,203,8,Trailing,0,35429,S22161,https://results.eci.gov.in/ResultAcGenMay2026/ConstituencywiseS22161.htm,2026-05-04 15:34:29
MAYILADUTHURAI,161,HAROON RASHEED. S.S,Tamilaga Vettri Kazhagam,30011,3,Trailing,0,35429,S22161,https://results.eci.gov.in/ResultAcGenMay2026/ConstituencywiseS22161.htm,2026-05-04 15:34:29
MAYILADUTHURAI,161,ANANTHAKUMAR. R,Independent,115,15,Trailing,0,35429,S22161,https://results.eci.gov.in/ResultAcGenMay2026/ConstituencywiseS22161.htm,2026-05-04 15:34:29
MAYILADUTHURAI,161,GANGADHARAN. R,Independent,183,11,Trailing,0,35429,S22161,https://results.eci.gov.in/ResultAcGenMay2026/ConstituencywiseS22161.htm,2026-05-04 15:34:29
MAYILADUTHURAI,161,GOBALA KRISHNAN. S,Independent,80,16,Trailing,0,35429,S22161,https://results.eci.gov.in/ResultAcGenMay2026/ConstituencywiseS22161.htm,2026-05-04 15:34:29
MAYILADUTHURAI,161,SAMPATH. L,Independent,185,10,Trailing,0,35429,S22161,https://results.eci.gov.in/ResultAcGenMay2026/ConstituencywiseS22161.htm,2026-05-04 15:34:29
MAYILADUTHURAI,161,THIMOTHY. T,Independent,168,12,Trailing,0,35429,S22161,https://results.eci.gov.in/ResultAcGenMay2026/ConstituencywiseS22161.htm,2026-05-04 15:34:29
MAYILADUTHURAI,161,NATARAJAN. R,Independent,71,18,Trailing,0,35429,S22161,https://results.eci.gov.in/ResultAcGenMay2026/ConstituencywiseS22161.htm,2026-05-04 15:34:29
MAYILADUTHURAI,161,NAVANITHAM. S,Independent,168,13,Trailing,0,35429,S22161,https://results.eci.gov.in/ResultAcGenMay2026/ConstituencywiseS22161.htm,2026-05-04 15:34:29
MAYILADUTHURAI,161,BHARATHIRAJA. B,Independent,74,17,Trailing,0,35429,S22161,https://results.eci.gov.in/ResultAcGenMay2026/ConstituencywiseS22161.htm,2026-05-04 15:34:29
MAYILADUTHURAI,161,RAMKUMAR. S BBA.LLB,Independent,45,21,Trailing,0,35429,S22161,https://results.eci.gov.in/ResultAcGenMay2026/ConstituencywiseS22161.htm,2026-05-04 15:34:29
MAYILADUTHURAI,161,VEERASAMY. T,Independent,234,6,Trailing,0,35429,S22161,https://results.eci.gov.in/ResultAcGenMay2026/ConstituencywiseS22161.htm,2026-05-04 15:34:29
MAYILADUTHURAI,161,JAMAL MOHAMED,Independent,51,19,Trailing,0,35429,S22161,https://results.eci.gov.in/ResultAcGenMay2026/ConstituencywiseS22161.htm,2026-05-04 15:34:29
MAYILADUTHURAI,161,NOTA,None of the Above,268,5,Trailing,0,35429,S22161,https://results.eci.gov.in/ResultAcGenMay2026/ConstituencywiseS22161.htm,2026-05-04 15:34:29
MELUR,188,KOTTAIKUMAR,Naam Tamilar Katchi,9570,4,Trailing,0,57356,S22188,https://results.eci.gov.in/ResultAcGenMay2026/ConstituencywiseS22188.htm,2026-05-04 15:34:34
MELUR,188,P.PERIYAPULLAN (A) SELVAM,All India Anna Dravida Munnetra Kazhagam,56744,3,Trailing,0,57356,S22188,https://results.eci.gov.in/ResultAcGenMay2026/ConstituencywiseS22188.htm,2026-05-04 15:34:34
MELUR,188,P.VISWANATHAN,Indian National Congress,60080,1,Leading / Top Candidate,2724,57356,S22188,https://results.eci.gov.in/ResultAcGenMay2026/ConstituencywiseS22188.htm,2026-05-04 15:34:34
MELUR,188,SONIAGANDHI,All India Puratchi Thalaivar Makkal Munnettra Kazhagam,2628,5,Trailing,0,57356,S22188,https://results.eci.gov.in/ResultAcGenMay2026/ConstituencywiseS22188.htm,2026-05-04 15:34:34
MELUR,188,M.PANNEERSELVAM,Puthiya Tamilagam,423,8,Trailing,0,57356,S22188,https://results.eci.gov.in/ResultAcGenMay2026/ConstituencywiseS22188.htm,2026-05-04 15:34:34
MELUR,188,A.MADURAIVEERAN,Tamilaga Vettri Kazhagam,57356,2,Runner-up,0,57356,S22188,https://results.eci.gov.in/ResultAcGenMay2026/ConstituencywiseS22188.htm,2026-05-04 15:34:34
MELUR,188,K.MEYYAR,Communist Party of India (Marxist-Leninist) (Liberation),276,10,Trailing,0,57356,S22188,https://results.eci.gov.in/ResultAcGenMay2026/ConstituencywiseS22188.htm,2026-05-04 15:34:34
MELUR,188,K.SETHURAMAN,Independent,85,14,Trailing,0,57356,S22188,https://results.eci.gov.in/ResultAcGenMay2026/ConstituencywiseS22188.htm,2026-05-04 15:34:34
MELUR,188,S.BOOPATHI,Independent,116,13,Trailing,0,57356,S22188,https://results.eci.gov.in/ResultAcGenMay2026/ConstituencywiseS22188.htm,2026-05-04 15:34:34
MELUR,188,K.MANIKANDAPRABU,Independent,138,12,Trailing,0,57356,S22188,https://results.eci.gov.in/ResultAcGenMay2026/ConstituencywiseS22188.htm,2026-05-04 15:34:34
MELUR,188,M.MURUGAN,Independent,2170,6,Trailing,0,57356,S22188,https://results.eci.gov.in/ResultAcGenMay2026/ConstituencywiseS22188.htm,2026-05-04 15:34:34
MELUR,188,C.MOHANRAM,Independent,269,11,Trailing,0,57356,S22188,https://results.eci.gov.in/ResultAcGenMay2026/ConstituencywiseS22188.htm,2026-05-04 15:34:34
MELUR,188,C.RAMESH,Independent,317,9,Trailing,0,57356,S22188,https://results.eci.gov.in/ResultAcGenMay2026/ConstituencywiseS22188.htm,2026-05-04 15:34:34
MELUR,188,NOTA,None of the Above,554,7,Trailing,0,57356,S22188,https://results.eci.gov.in/ResultAcGenMay2026/ConstituencywiseS22188.htm,2026-05-04 15:34:34
METTUPPALAYAM,111,SMT.KAVITHA KALYANASUNDARAM,Dravida Munnetra Kazhagam,39741,2,Runner-up,0,39741,S22111,https://results.eci.gov.in/ResultAcGenMay2026/ConstituencywiseS22111.htm,2026-05-04 15:34:38
METTUPPALAYAM,111,S.GOPALAKRISHNAN,Naam Tamilar Katchi,3095,5,Trailing,0,39741,S22111,https://results.eci.gov.in/ResultAcGenMay2026/ConstituencywiseS22111.htm,2026-05-04 15:34:38
METTUPPALAYAM,111,O.K.CHINNARAJ,All India Anna Dravida Munnetra Kazhagam,32429,3,Trailing,0,39741,S22111,https://results.eci.gov.in/ResultAcGenMay2026/ConstituencywiseS22111.htm,2026-05-04 15:34:38
METTUPPALAYAM,111,S.ABDUL RAHIMAN,Veerath Thiyagi Viswanathadoss Thozhilalarkal Katchi,209,10,Trailing,0,39741,S22111,https://results.eci.gov.in/ResultAcGenMay2026/ConstituencywiseS22111.htm,2026-05-04 15:34:38
METTUPPALAYAM,111,R.SANGEETHA,Naadaalum Makkal Katchi,199,11,Trailing,0,39741,S22111,https://results.eci.gov.in/ResultAcGenMay2026/ConstituencywiseS22111.htm,2026-05-04 15:34:38
METTUPPALAYAM,111,"SIVARAJ,R.",Anna Puratchi Thalaivar Amma Dravida Munnetra Kazhagam,189,12,Trailing,0,39741,S22111,https://results.eci.gov.in/ResultAcGenMay2026/ConstituencywiseS22111.htm,2026-05-04 15:34:38
METTUPPALAYAM,111,SUNILANAND,Tamilaga Vettri Kazhagam,39793,1,Leading / Top Candidate,52,39741,S22111,https://results.eci.gov.in/ResultAcGenMay2026/ConstituencywiseS22111.htm,2026-05-04 15:34:38
METTUPPALAYAM,111,"DHAMOTHARAN,V.",All India Puratchi Thalaivar Makkal Munnettra Kazhagam,143,13,Trailing,0,39741,S22111,https://results.eci.gov.in/ResultAcGenMay2026/ConstituencywiseS22111.htm,2026-05-04 15:34:38
METTUPPALAYAM,111,C.NAGARAJ,Party for the Rights of Other backward Classes,83,18,Trailing,0,39741,S22111,https://results.eci.gov.in/ResultAcGenMay2026/ConstituencywiseS22111.htm,2026-05-04 15:34:38
METTUPPALAYAM,111,T.AMIRTHALINGAM,Independent,59,19,Trailing,0,39741,S22111,https://results.eci.gov.in/ResultAcGenMay2026/ConstituencywiseS22111.htm,2026-05-04 15:34:38
METTUPPALAYAM,111,V.ANANDKUMAR,Independent,253,9,Trailing,0,39741,S22111,https://results.eci.gov.in/ResultAcGenMay2026/ConstituencywiseS22111.htm,2026-05-04 15:34:38
METTUPPALAYAM,111,S.KAVITHA,Independent,138,14,Trailing,0,39741,S22111,https://results.eci.gov.in/ResultAcGenMay2026/ConstituencywiseS22111.htm,2026-05-04 15:34:38
METTUPPALAYAM,111,T.R.SHANMUGASUNDARAM,Independent,14043,4,Trailing,0,39741,S22111,https://results.eci.gov.in/ResultAcGenMay2026/ConstituencywiseS22111.htm,2026-05-04 15:34:38
METTUPPALAYAM,111,A.SATHIYALEELA,Independent,94,17,Trailing,0,39741,S22111,https://results.eci.gov.in/ResultAcGenMay2026/ConstituencywiseS22111.htm,2026-05-04 15:34:38
METTUPPALAYAM,111,N.SARAVANA KUMAR,Independent,119,15,Trailing,0,39741,S22111,https://results.eci.gov.in/ResultAcGenMay2026/ConstituencywiseS22111.htm,2026-05-04 15:34:38
METTUPPALAYAM,111,R.CHINNARAJ,Independent,295,8,Trailing,0,39741,S22111,https://results.eci.gov.in/ResultAcGenMay2026/ConstituencywiseS22111.htm,2026-05-04 15:34:38
METTUPPALAYAM,111,V.SENTHIL KUMAR,Independent,326,7,Trailing,0,39741,S22111,https://results.eci.gov.in/ResultAcGenMay2026/ConstituencywiseS22111.htm,2026-05-04 15:34:38
METTUPPALAYAM,111,M.PALANICHAMI,Independent,59,20,Trailing,0,39741,S22111,https://results.eci.gov.in/ResultAcGenMay2026/ConstituencywiseS22111.htm,2026-05-04 15:34:38
METTUPPALAYAM,111,C.MAHENDRAN,Independent,98,16,Trailing,0,39741,S22111,https://results.eci.gov.in/ResultAcGenMay2026/ConstituencywiseS22111.htm,2026-05-04 15:34:38
METTUPPALAYAM,111,MANOHARAN,Independent,47,21,Trailing,0,39741,S22111,https://results.eci.gov.in/ResultAcGenMay2026/ConstituencywiseS22111.htm,2026-05-04 15:34:38
METTUPPALAYAM,111,"RANGASAMY,P.",Independent,39,23,Trailing,0,39741,S22111,https://results.eci.gov.in/ResultAcGenMay2026/ConstituencywiseS22111.htm,2026-05-04 15:34:38
METTUPPALAYAM,111,P.RAVICHANDRAN,Independent,45,22,Trailing,0,39741,S22111,https://results.eci.gov.in/ResultAcGenMay2026/ConstituencywiseS22111.htm,2026-05-04 15:34:38
METTUPPALAYAM,111,NOTA,None of the Above,413,6,Trailing,0,39741,S22111,https://results.eci.gov.in/ResultAcGenMay2026/ConstituencywiseS22111.htm,2026-05-04 15:34:38
METTUR,85,MIDHUN CHAKRAVARTHY. M,Dravida Munnetra Kazhagam,34094,1,Leading / Top Candidate,869,33225,S2285,https://results.eci.gov.in/ResultAcGenMay2026/ConstituencywiseS2285.htm,2026-05-04 15:34:42
METTUR,85,VIDHYA VEERAPPAN,Naam Tamilar Katchi,3086,4,Trailing,0,33225,S2285,https://results.eci.gov.in/ResultAcGenMay2026/ConstituencywiseS2285.htm,2026-05-04 15:34:42
METTUR,85,VENKATACHALAM. G,All India Anna Dravida Munnetra Kazhagam,33225,2,Runner-up,0,33225,S2285,https://results.eci.gov.in/ResultAcGenMay2026/ConstituencywiseS2285.htm,2026-05-04 15:34:42
METTUR,85,SELVAM. K,Tamilaga Vettri Kazhagam,31394,3,Trailing,0,33225,S2285,https://results.eci.gov.in/ResultAcGenMay2026/ConstituencywiseS2285.htm,2026-05-04 15:34:42
METTUR,85,PERIYAPONNU. O,Tamizhaga Vaazhvurimai Katchi,191,8,Trailing,0,33225,S2285,https://results.eci.gov.in/ResultAcGenMay2026/ConstituencywiseS2285.htm,2026-05-04 15:34:42
METTUR,85,VELU. A,Vada Tamil Nadu Munnetra Katchi,57,17,Trailing,0,33225,S2285,https://results.eci.gov.in/ResultAcGenMay2026/ConstituencywiseS2285.htm,2026-05-04 15:34:42
METTUR,85,KANNAN. M,Independent,48,18,Trailing,0,33225,S2285,https://results.eci.gov.in/ResultAcGenMay2026/ConstituencywiseS2285.htm,2026-05-04 15:34:42
METTUR,85,KANNAN. R,Independent,30,19,Trailing,0,33225,S2285,https://results.eci.gov.in/ResultAcGenMay2026/ConstituencywiseS2285.htm,2026-05-04 15:34:42
METTUR,85,KRISHNAMOORTHY. P,Independent,111,11,Trailing,0,33225,S2285,https://results.eci.gov.in/ResultAcGenMay2026/ConstituencywiseS2285.htm,2026-05-04 15:34:42
METTUR,85,SARAVANAKUMAR. M,Independent,106,12,Trailing,0,33225,S2285,https://results.eci.gov.in/ResultAcGenMay2026/ConstituencywiseS2285.htm,2026-05-04 15:34:42
METTUR,85,CHIDAMBARAM. A,Independent,60,15,Trailing,0,33225,S2285,https://results.eci.gov.in/ResultAcGenMay2026/ConstituencywiseS2285.htm,2026-05-04 15:34:42
METTUR,85,DURAIRAJ. V,Independent,175,10,Trailing,0,33225,S2285,https://results.eci.gov.in/ResultAcGenMay2026/ConstituencywiseS2285.htm,2026-05-04 15:34:42
METTUR,85,DR.PADMARAJAN. K,Independent,184,9,Trailing,0,33225,S2285,https://results.eci.gov.in/ResultAcGenMay2026/ConstituencywiseS2285.htm,2026-05-04 15:34:42
METTUR,85,PRABAKARAN. S,Independent,98,13,Trailing,0,33225,S2285,https://results.eci.gov.in/ResultAcGenMay2026/ConstituencywiseS2285.htm,2026-05-04 15:34:42
METTUR,85,MURUGAN. P,Independent,98,14,Trailing,0,33225,S2285,https://results.eci.gov.in/ResultAcGenMay2026/ConstituencywiseS2285.htm,2026-05-04 15:34:42
METTUR,85,RAMKUMAR. D.M,Independent,397,5,Trailing,0,33225,S2285,https://results.eci.gov.in/ResultAcGenMay2026/ConstituencywiseS2285.htm,2026-05-04 15:34:42
METTUR,85,VENKATASALAM. G,Independent,254,7,Trailing,0,33225,S2285,https://results.eci.gov.in/ResultAcGenMay2026/ConstituencywiseS2285.htm,2026-05-04 15:34:42
METTUR,85,JAGANATHAN. A,Independent,58,16,Trailing,0,33225,S2285,https://results.eci.gov.in/ResultAcGenMay2026/ConstituencywiseS2285.htm,2026-05-04 15:34:42
METTUR,85,NOTA,None of the Above,354,6,Trailing,0,33225,S2285,https://results.eci.gov.in/ResultAcGenMay2026/ConstituencywiseS2285.htm,2026-05-04 15:34:42
MODAKKURICHI,100,M.ARUNKUMAR,Naam Tamilar Katchi,5288,4,Trailing,0,43589,S22100,https://results.eci.gov.in/ResultAcGenMay2026/ConstituencywiseS22100.htm,2026-05-04 15:34:47
MODAKKURICHI,100,S.KIRTHIKA,Bharatiya Janata Party,43589,2,Runner-up,0,43589,S22100,https://results.eci.gov.in/ResultAcGenMay2026/ConstituencywiseS22100.htm,2026-05-04 15:34:47
MODAKKURICHI,100,S.SENTHILNATHAN,Dravida Munnetra Kazhagam,43306,3,Trailing,0,43589,S22100,https://results.eci.gov.in/ResultAcGenMay2026/ConstituencywiseS22100.htm,2026-05-04 15:34:47
MODAKKURICHI,100,K.MUNIYAPPAN,Bahujan Samaj Party,486,8,Trailing,0,43589,S22100,https://results.eci.gov.in/ResultAcGenMay2026/ConstituencywiseS22100.htm,2026-05-04 15:34:47
MODAKKURICHI,100,R.KARTHIKEYAN,Tamizhaga Vaazhvurimai Katchi,1794,5,Trailing,0,43589,S22100,https://results.eci.gov.in/ResultAcGenMay2026/ConstituencywiseS22100.htm,2026-05-04 15:34:47
MODAKKURICHI,100,D.SHANMUGAN,Tamilaga Vettri Kazhagam,47152,1,Leading / Top Candidate,3563,43589,S22100,https://results.eci.gov.in/ResultAcGenMay2026/ConstituencywiseS22100.htm,2026-05-04 15:34:47
MODAKKURICHI,100,M.RAMESH,Namathu Kongu Munnetra Kalagam,146,14,Trailing,0,43589,S22100,https://results.eci.gov.in/ResultAcGenMay2026/ConstituencywiseS22100.htm,2026-05-04 15:34:47
MODAKKURICHI,100,M.RAVIKUMAR,Ganasangam Party of India,174,13,Trailing,0,43589,S22100,https://results.eci.gov.in/ResultAcGenMay2026/ConstituencywiseS22100.htm,2026-05-04 15:34:47
MODAKKURICHI,100,A.KATHIRVEL,Independent,186,12,Trailing,0,43589,S22100,https://results.eci.gov.in/ResultAcGenMay2026/ConstituencywiseS22100.htm,2026-05-04 15:34:47
MODAKKURICHI,100,K.DHANABAL,Independent,230,11,Trailing,0,43589,S22100,https://results.eci.gov.in/ResultAcGenMay2026/ConstituencywiseS22100.htm,2026-05-04 15:34:47
MODAKKURICHI,100,A.DURAISAMY,Independent,238,10,Trailing,0,43589,S22100,https://results.eci.gov.in/ResultAcGenMay2026/ConstituencywiseS22100.htm,2026-05-04 15:34:47
MODAKKURICHI,100,R.NATARAJAN,Independent,144,15,Trailing,0,43589,S22100,https://results.eci.gov.in/ResultAcGenMay2026/ConstituencywiseS22100.htm,2026-05-04 15:34:47
MODAKKURICHI,100,L.BHARATHI,Independent,438,9,Trailing,0,43589,S22100,https://results.eci.gov.in/ResultAcGenMay2026/ConstituencywiseS22100.htm,2026-05-04 15:34:47
MODAKKURICHI,100,R.VELUSAMY,Independent,672,7,Trailing,0,43589,S22100,https://results.eci.gov.in/ResultAcGenMay2026/ConstituencywiseS22100.htm,2026-05-04 15:34:47
MODAKKURICHI,100,NOTA,None of the Above,687,6,Trailing,0,43589,S22100,https://results.eci.gov.in/ResultAcGenMay2026/ConstituencywiseS22100.htm,2026-05-04 15:34:47
MUDHUKULATHUR,212,CHANDRA PRABHA JEYAPAL,Naam Tamilar Katchi,8794,5,Trailing,0,30023,S22212,https://results.eci.gov.in/ResultAcGenMay2026/ConstituencywiseS22212.htm,2026-05-04 15:34:51
MUDHUKULATHUR,212,S.PANDI,All India Anna Dravida Munnetra Kazhagam,30023,2,Runner-up,0,30023,S22212,https://results.eci.gov.in/ResultAcGenMay2026/ConstituencywiseS22212.htm,2026-05-04 15:34:51
MUDHUKULATHUR,212,R.S.RAJAKANNAPPAN,Dravida Munnetra Kazhagam,39518,1,Leading / Top Candidate,9495,30023,S22212,https://results.eci.gov.in/ResultAcGenMay2026/ConstituencywiseS22212.htm,2026-05-04 15:34:51
MUDHUKULATHUR,212,M. IRULANDI,Naadaalum Makkal Katchi,746,8,Trailing,0,30023,S22212,https://results.eci.gov.in/ResultAcGenMay2026/ConstituencywiseS22212.htm,2026-05-04 15:34:51
MUDHUKULATHUR,212,A. SARAVANAKUMAR,Naam Indiar Party,91,19,Trailing,0,30023,S22212,https://results.eci.gov.in/ResultAcGenMay2026/ConstituencywiseS22212.htm,2026-05-04 15:34:51
MUDHUKULATHUR,212,K.SENTHIL MALLAR,Tamizhaga Vaazhvurimai Katchi,809,6,Trailing,0,30023,S22212,https://results.eci.gov.in/ResultAcGenMay2026/ConstituencywiseS22212.htm,2026-05-04 15:34:51
MUDHUKULATHUR,212,G. SELVARAJ,Puthiya Makkal Tamil Desam Katchi,201,14,Trailing,0,30023,S22212,https://results.eci.gov.in/ResultAcGenMay2026/ConstituencywiseS22212.htm,2026-05-04 15:34:51
MUDHUKULATHUR,212,MALARVIZHI. B,Tamilaga Vettri Kazhagam,30006,3,Trailing,0,30023,S22212,https://results.eci.gov.in/ResultAcGenMay2026/ConstituencywiseS22212.htm,2026-05-04 15:34:51
MUDHUKULATHUR,212,C.MALAISELVAM,Puthiya Tamilagam,706,9,Trailing,0,30023,S22212,https://results.eci.gov.in/ResultAcGenMay2026/ConstituencywiseS22212.htm,2026-05-04 15:34:51
MUDHUKULATHUR,212,DR.R.RAMKUMAR,All India Puratchi Thalaivar Makkal Munnettra Kazhagam,23781,4,Trailing,0,30023,S22212,https://results.eci.gov.in/ResultAcGenMay2026/ConstituencywiseS22212.htm,2026-05-04 15:34:51
MUDHUKULATHUR,212,K.GANGAI AMARAN,Independent,112,17,Trailing,0,30023,S22212,https://results.eci.gov.in/ResultAcGenMay2026/ConstituencywiseS22212.htm,2026-05-04 15:34:51
MUDHUKULATHUR,212,M.KARUPPA SAMY,Independent,73,20,Trailing,0,30023,S22212,https://results.eci.gov.in/ResultAcGenMay2026/ConstituencywiseS22212.htm,2026-05-04 15:34:51
MUDHUKULATHUR,212,C.KENGUSAMY,Independent,96,18,Trailing,0,30023,S22212,https://results.eci.gov.in/ResultAcGenMay2026/ConstituencywiseS22212.htm,2026-05-04 15:34:51
MUDHUKULATHUR,212,SATHIYAM C.SARAVANAN,Independent,771,7,Trailing,0,30023,S22212,https://results.eci.gov.in/ResultAcGenMay2026/ConstituencywiseS22212.htm,2026-05-04 15:34:51
MUDHUKULATHUR,212,V.PANDI,Independent,278,12,Trailing,0,30023,S22212,https://results.eci.gov.in/ResultAcGenMay2026/ConstituencywiseS22212.htm,2026-05-04 15:34:51
MUDHUKULATHUR,212,M.BOOMINATHAN (A) M.K.VAIYAVAN,Independent,199,15,Trailing,0,30023,S22212,https://results.eci.gov.in/ResultAcGenMay2026/ConstituencywiseS22212.htm,2026-05-04 15:34:51
MUDHUKULATHUR,212,K.MURUGAN,Independent,114,16,Trailing,0,30023,S22212,https://results.eci.gov.in/ResultAcGenMay2026/ConstituencywiseS22212.htm,2026-05-04 15:34:51
MUDHUKULATHUR,212,R.MOOVENDRAN,Independent,315,10,Trailing,0,30023,S22212,https://results.eci.gov.in/ResultAcGenMay2026/ConstituencywiseS22212.htm,2026-05-04 15:34:51
MUDHUKULATHUR,212,RAVI GOVINTHAN,Independent,270,13,Trailing,0,30023,S22212,https://results.eci.gov.in/ResultAcGenMay2026/ConstituencywiseS22212.htm,2026-05-04 15:34:51
MUDHUKULATHUR,212,K.RAJAKUMAR,Independent,73,21,Trailing,0,30023,S22212,https://results.eci.gov.in/ResultAcGenMay2026/ConstituencywiseS22212.htm,2026-05-04 15:34:51
MUDHUKULATHUR,212,NOTA,None of the Above,283,11,Trailing,0,30023,S22212,https://results.eci.gov.in/ResultAcGenMay2026/ConstituencywiseS22212.htm,2026-05-04 15:34:51
MUSIRI,145,N.S.KARUNAIRAAJA,Dravida Munnetra Kazhagam,46305,3,Trailing,0,47069,S22145,https://results.eci.gov.in/ResultAcGenMay2026/ConstituencywiseS22145.htm,2026-05-04 15:34:55
MUSIRI,145,G. BAKIYALAKSHMI,Naam Tamilar Katchi,7370,4,Trailing,0,47069,S22145,https://results.eci.gov.in/ResultAcGenMay2026/ConstituencywiseS22145.htm,2026-05-04 15:34:55
MUSIRI,145,N.YOGANATHAN,All India Anna Dravida Munnetra Kazhagam,47069,2,Runner-up,0,47069,S22145,https://results.eci.gov.in/ResultAcGenMay2026/ConstituencywiseS22145.htm,2026-05-04 15:34:55
MUSIRI,145,M.CHINNAIYAN,Puthiya Tamilagam,598,6,Trailing,0,47069,S22145,https://results.eci.gov.in/ResultAcGenMay2026/ConstituencywiseS22145.htm,2026-05-04 15:34:55
MUSIRI,145,K.DHIVYA,Rashtriya Samaj Dal (R),235,11,Trailing,0,47069,S22145,https://results.eci.gov.in/ResultAcGenMay2026/ConstituencywiseS22145.htm,2026-05-04 15:34:55
MUSIRI,145,C.PALANISAMY,Tamizhaga Vaazhvurimai Katchi,236,10,Trailing,0,47069,S22145,https://results.eci.gov.in/ResultAcGenMay2026/ConstituencywiseS22145.htm,2026-05-04 15:34:55
MUSIRI,145,MALARMANNAN.M,Samaniya Makkal Nala Katchi,254,9,Trailing,0,47069,S22145,https://results.eci.gov.in/ResultAcGenMay2026/ConstituencywiseS22145.htm,2026-05-04 15:34:55
MUSIRI,145,M.VIGNESH,Tamilaga Vettri Kazhagam,63305,1,Leading / Top Candidate,16236,47069,S22145,https://results.eci.gov.in/ResultAcGenMay2026/ConstituencywiseS22145.htm,2026-05-04 15:34:55
MUSIRI,145,S.VENKATESHWARAN,Anti Corruption Dynamic Party,218,12,Trailing,0,47069,S22145,https://results.eci.gov.in/ResultAcGenMay2026/ConstituencywiseS22145.htm,2026-05-04 15:34:55
MUSIRI,145,SENTHILKUMAR,Independent,285,8,Trailing,0,47069,S22145,https://results.eci.gov.in/ResultAcGenMay2026/ConstituencywiseS22145.htm,2026-05-04 15:34:55
MUSIRI,145,P.LOGANATHAN M.SC.M.PHIL.,Independent,439,7,Trailing,0,47069,S22145,https://results.eci.gov.in/ResultAcGenMay2026/ConstituencywiseS22145.htm,2026-05-04 15:34:55
MUSIRI,145,NOTA,None of the Above,953,5,Trailing,0,47069,S22145,https://results.eci.gov.in/ResultAcGenMay2026/ConstituencywiseS22145.htm,2026-05-04 15:34:55
MYLAPORE,25,ARUN. R.L,Naam Tamilar Katchi,3873,4,Trailing,0,35427,S2225,https://results.eci.gov.in/ResultAcGenMay2026/ConstituencywiseS2225.htm,2026-05-04 15:35:00
MYLAPORE,25,DR. TAMILISAI SOUNDARARAJAN,Bharatiya Janata Party,28986,3,Trailing,0,35427,S2225,https://results.eci.gov.in/ResultAcGenMay2026/ConstituencywiseS2225.htm,2026-05-04 15:35:00
MYLAPORE,25,BALAJI. V,Bahujan Samaj Party,223,7,Trailing,0,35427,S2225,https://results.eci.gov.in/ResultAcGenMay2026/ConstituencywiseS2225.htm,2026-05-04 15:35:00
MYLAPORE,25,VELU. DHA,Dravida Munnetra Kazhagam,35427,2,Runner-up,0,35427,S2225,https://results.eci.gov.in/ResultAcGenMay2026/ConstituencywiseS2225.htm,2026-05-04 15:35:00
MYLAPORE,25,DEVENDRAN. R,Tamizhaga Murpokku Makkal Katchi,131,9,Trailing,0,35427,S2225,https://results.eci.gov.in/ResultAcGenMay2026/ConstituencywiseS2225.htm,2026-05-04 15:35:00
MYLAPORE,25,NAGARAJAN. S,All India Jananayaka Makkal Kazhagam,74,14,Trailing,0,35427,S2225,https://results.eci.gov.in/ResultAcGenMay2026/ConstituencywiseS2225.htm,2026-05-04 15:35:00
MYLAPORE,25,MOORTHY. S,Thamizhaga Dravidar Katchi,108,11,Trailing,0,35427,S2225,https://results.eci.gov.in/ResultAcGenMay2026/ConstituencywiseS2225.htm,2026-05-04 15:35:00
MYLAPORE,25,MOHANRAJ. J,Jebamani Janata,238,6,Trailing,0,35427,S2225,https://results.eci.gov.in/ResultAcGenMay2026/ConstituencywiseS2225.htm,2026-05-04 15:35:00
MYLAPORE,25,VENKATARAMANAN. P,Tamilaga Vettri Kazhagam,60974,1,Leading / Top Candidate,25547,35427,S2225,https://results.eci.gov.in/ResultAcGenMay2026/ConstituencywiseS2225.htm,2026-05-04 15:35:00
MYLAPORE,25,SELVAMUTHU. S,Independent,61,16,Trailing,0,35427,S2225,https://results.eci.gov.in/ResultAcGenMay2026/ConstituencywiseS2225.htm,2026-05-04 15:35:00
MYLAPORE,25,PARTHIPAN. G,Independent,57,17,Trailing,0,35427,S2225,https://results.eci.gov.in/ResultAcGenMay2026/ConstituencywiseS2225.htm,2026-05-04 15:35:00
MYLAPORE,25,RADHAKRISHNAN. G,Independent,34,20,Trailing,0,35427,S2225,https://results.eci.gov.in/ResultAcGenMay2026/ConstituencywiseS2225.htm,2026-05-04 15:35:00
MYLAPORE,25,ROMANRAJ. A,Independent,66,15,Trailing,0,35427,S2225,https://results.eci.gov.in/ResultAcGenMay2026/ConstituencywiseS2225.htm,2026-05-04 15:35:00
MYLAPORE,25,VINU PRADHA. A,Independent,93,13,Trailing,0,35427,S2225,https://results.eci.gov.in/ResultAcGenMay2026/ConstituencywiseS2225.htm,2026-05-04 15:35:00
MYLAPORE,25,VIJAYALAKSHMI. P,Independent,205,8,Trailing,0,35427,S2225,https://results.eci.gov.in/ResultAcGenMay2026/ConstituencywiseS2225.htm,2026-05-04 15:35:00
MYLAPORE,25,VIJAYA KRISHNA. V,Independent,125,10,Trailing,0,35427,S2225,https://results.eci.gov.in/ResultAcGenMay2026/ConstituencywiseS2225.htm,2026-05-04 15:35:00
MYLAPORE,25,VENKATARAMAN. B,Independent,100,12,Trailing,0,35427,S2225,https://results.eci.gov.in/ResultAcGenMay2026/ConstituencywiseS2225.htm,2026-05-04 15:35:00
MYLAPORE,25,VELU. K,Independent,37,19,Trailing,0,35427,S2225,https://results.eci.gov.in/ResultAcGenMay2026/ConstituencywiseS2225.htm,2026-05-04 15:35:00
MYLAPORE,25,JAYAGOPI. M,Independent,49,18,Trailing,0,35427,S2225,https://results.eci.gov.in/ResultAcGenMay2026/ConstituencywiseS2225.htm,2026-05-04 15:35:00
MYLAPORE,25,NOTA,None of the Above,677,5,Trailing,0,35427,S2225,https://results.eci.gov.in/ResultAcGenMay2026/ConstituencywiseS2225.htm,2026-05-04 15:35:00
NAGAPATTINAM,163,THANKA.KATHIRAVAN,All India Anna Dravida Munnetra Kazhagam,20706,2,Runner-up,0,20706,S22163,https://results.eci.gov.in/ResultAcGenMay2026/ConstituencywiseS22163.htm,2026-05-04 15:35:04
NAGAPATTINAM,163,FATHIMA FARHANA.S,Naam Tamilar Katchi,2604,4,Trailing,0,20706,S22163,https://results.eci.gov.in/ResultAcGenMay2026/ConstituencywiseS22163.htm,2026-05-04 15:35:04
NAGAPATTINAM,163,M.H.JAWAHIRULLAH,Dravida Munnetra Kazhagam,28907,1,Leading / Top Candidate,8201,20706,S22163,https://results.eci.gov.in/ResultAcGenMay2026/ConstituencywiseS22163.htm,2026-05-04 15:35:04
NAGAPATTINAM,163,M.SUGUMAR,Tamilaga Vettri Kazhagam,19044,3,Trailing,0,20706,S22163,https://results.eci.gov.in/ResultAcGenMay2026/ConstituencywiseS22163.htm,2026-05-04 15:35:04
NAGAPATTINAM,163,J.V.DURAI,All India Youth Development Party,88,8,Trailing,0,20706,S22163,https://results.eci.gov.in/ResultAcGenMay2026/ConstituencywiseS22163.htm,2026-05-04 15:35:04
NAGAPATTINAM,163,K.RAJASEKAR,Puthiya Tamilagam,40,11,Trailing,0,20706,S22163,https://results.eci.gov.in/ResultAcGenMay2026/ConstituencywiseS22163.htm,2026-05-04 15:35:04
NAGAPATTINAM,163,VALLABADAS.E,Tamizhaga Vaazhvurimai Katchi,30,12,Trailing,0,20706,S22163,https://results.eci.gov.in/ResultAcGenMay2026/ConstituencywiseS22163.htm,2026-05-04 15:35:04
NAGAPATTINAM,163,M.IYYANKALAI,Independent,23,13,Trailing,0,20706,S22163,https://results.eci.gov.in/ResultAcGenMay2026/ConstituencywiseS22163.htm,2026-05-04 15:35:04
NAGAPATTINAM,163,T.KATHIRAVAN,Independent,20,14,Trailing,0,20706,S22163,https://results.eci.gov.in/ResultAcGenMay2026/ConstituencywiseS22163.htm,2026-05-04 15:35:04
NAGAPATTINAM,163,SAKTHIVEL,Independent,63,9,Trailing,0,20706,S22163,https://results.eci.gov.in/ResultAcGenMay2026/ConstituencywiseS22163.htm,2026-05-04 15:35:04
NAGAPATTINAM,163,N P BHASHGARAN,Independent,63,10,Trailing,0,20706,S22163,https://results.eci.gov.in/ResultAcGenMay2026/ConstituencywiseS22163.htm,2026-05-04 15:35:04
NAGAPATTINAM,163,S.PREM,Independent,90,7,Trailing,0,20706,S22163,https://results.eci.gov.in/ResultAcGenMay2026/ConstituencywiseS22163.htm,2026-05-04 15:35:04
NAGAPATTINAM,163,N.VIJAYARAGAVAN,Independent,97,6,Trailing,0,20706,S22163,https://results.eci.gov.in/ResultAcGenMay2026/ConstituencywiseS22163.htm,2026-05-04 15:35:04
NAGAPATTINAM,163,NOTA,None of the Above,208,5,Trailing,0,20706,S22163,https://results.eci.gov.in/ResultAcGenMay2026/ConstituencywiseS22163.htm,2026-05-04 15:35:04
NAGERCOIL,230,AUSTIN,Dravida Munnetra Kazhagam,51189,1,Leading / Top Candidate,4719,46470,S22230,https://results.eci.gov.in/ResultAcGenMay2026/ConstituencywiseS22230.htm,2026-05-04 15:35:08
NAGERCOIL,230,GANDHI M R,Bharatiya Janata Party,37976,3,Trailing,0,46470,S22230,https://results.eci.gov.in/ResultAcGenMay2026/ConstituencywiseS22230.htm,2026-05-04 15:35:08
NAGERCOIL,230,MUTHUKUMAR M,Naam Tamilar Katchi,6316,4,Trailing,0,46470,S22230,https://results.eci.gov.in/ResultAcGenMay2026/ConstituencywiseS22230.htm,2026-05-04 15:35:08
NAGERCOIL,230,ANTONY MICHAEL J,Viro Ke Vir Indian Party,88,15,Trailing,0,46470,S22230,https://results.eci.gov.in/ResultAcGenMay2026/ConstituencywiseS22230.htm,2026-05-04 15:35:08
NAGERCOIL,230,SALATE KANAGARAJ A,Naam Indiar Party,57,19,Trailing,0,46470,S22230,https://results.eci.gov.in/ResultAcGenMay2026/ConstituencywiseS22230.htm,2026-05-04 15:35:08
NAGERCOIL,230,DINO T,Naadaalum Makkal Katchi,250,8,Trailing,0,46470,S22230,https://results.eci.gov.in/ResultAcGenMay2026/ConstituencywiseS22230.htm,2026-05-04 15:35:08
NAGERCOIL,230,NAGARAJAN L,Thamizhaka Padaippalar Makkal Katchi,198,9,Trailing,0,46470,S22230,https://results.eci.gov.in/ResultAcGenMay2026/ConstituencywiseS22230.htm,2026-05-04 15:35:08
NAGERCOIL,230,BERVIN KINGS G,Tamilaga Vettri Kazhagam,46470,2,Runner-up,0,46470,S22230,https://results.eci.gov.in/ResultAcGenMay2026/ConstituencywiseS22230.htm,2026-05-04 15:35:08
NAGERCOIL,230,VALLIMAYIL P,Communist Party of India (Marxist-Leninist) Red Star,102,13,Trailing,0,46470,S22230,https://results.eci.gov.in/ResultAcGenMay2026/ConstituencywiseS22230.htm,2026-05-04 15:35:08
NAGERCOIL,230,AJITH KUMAR A,Independent,81,17,Trailing,0,46470,S22230,https://results.eci.gov.in/ResultAcGenMay2026/ConstituencywiseS22230.htm,2026-05-04 15:35:08
NAGERCOIL,230,GUNASEKARAN S,Independent,85,16,Trailing,0,46470,S22230,https://results.eci.gov.in/ResultAcGenMay2026/ConstituencywiseS22230.htm,2026-05-04 15:35:08
NAGERCOIL,230,SIVAKUMAR A,Independent,284,6,Trailing,0,46470,S22230,https://results.eci.gov.in/ResultAcGenMay2026/ConstituencywiseS22230.htm,2026-05-04 15:35:08
NAGERCOIL,230,SUYAMBULINGAM A,Independent,151,11,Trailing,0,46470,S22230,https://results.eci.gov.in/ResultAcGenMay2026/ConstituencywiseS22230.htm,2026-05-04 15:35:08
NAGERCOIL,230,SUYAMBULINGAM P,Independent,95,14,Trailing,0,46470,S22230,https://results.eci.gov.in/ResultAcGenMay2026/ConstituencywiseS22230.htm,2026-05-04 15:35:08
NAGERCOIL,230,DINESH,Independent,69,18,Trailing,0,46470,S22230,https://results.eci.gov.in/ResultAcGenMay2026/ConstituencywiseS22230.htm,2026-05-04 15:35:08
NAGERCOIL,230,NAGOOR MEERAN PEER MOHAMED U,Independent,182,10,Trailing,0,46470,S22230,https://results.eci.gov.in/ResultAcGenMay2026/ConstituencywiseS22230.htm,2026-05-04 15:35:08
NAGERCOIL,230,MOHIDEEN FAIGEE ALIAS SOORANKUDY FAIGEE,Independent,272,7,Trailing,0,46470,S22230,https://results.eci.gov.in/ResultAcGenMay2026/ConstituencywiseS22230.htm,2026-05-04 15:35:08
NAGERCOIL,230,RETNA MONY S,Independent,104,12,Trailing,0,46470,S22230,https://results.eci.gov.in/ResultAcGenMay2026/ConstituencywiseS22230.htm,2026-05-04 15:35:08
NAGERCOIL,230,VAIRAM PILLAI S,Independent,31,21,Trailing,0,46470,S22230,https://results.eci.gov.in/ResultAcGenMay2026/ConstituencywiseS22230.htm,2026-05-04 15:35:08
NAGERCOIL,230,JEBARSON S,Tamizhaga Vaazhvurimai Katchi,41,20,Trailing,0,46470,S22230,https://results.eci.gov.in/ResultAcGenMay2026/ConstituencywiseS22230.htm,2026-05-04 15:35:08
NAGERCOIL,230,NOTA,None of the Above,337,5,Trailing,0,46470,S22230,https://results.eci.gov.in/ResultAcGenMay2026/ConstituencywiseS22230.htm,2026-05-04 15:35:08
NAMAKKAL,94,RAMASAMY P,Bahujan Samaj Party,156,7,Trailing,0,33315,S2294,https://results.eci.gov.in/ResultAcGenMay2026/ConstituencywiseS2294.htm,2026-05-04 15:35:13
NAMAKKAL,94,PRAVEENKUMAR K,Naam Tamilar Katchi,2577,4,Trailing,0,33315,S2294,https://results.eci.gov.in/ResultAcGenMay2026/ConstituencywiseS2294.htm,2026-05-04 15:35:13
NAMAKKAL,94,SRIDEVI MOHAN P S,All India Anna Dravida Munnetra Kazhagam,33315,2,Runner-up,0,33315,S2294,https://results.eci.gov.in/ResultAcGenMay2026/ConstituencywiseS2294.htm,2026-05-04 15:35:13
NAMAKKAL,94,RANI P,Dravida Munnetra Kazhagam,23204,3,Trailing,0,33315,S2294,https://results.eci.gov.in/ResultAcGenMay2026/ConstituencywiseS2294.htm,2026-05-04 15:35:13
NAMAKKAL,94,AADITHIYAN A,Anna Puratchi Thalaivar Amma Dravida Munnetra Kazhagam,144,9,Trailing,0,33315,S2294,https://results.eci.gov.in/ResultAcGenMay2026/ConstituencywiseS2294.htm,2026-05-04 15:35:13
NAMAKKAL,94,GANDHIAN RAMESH T,Ahimsa Socialist Party,113,11,Trailing,0,33315,S2294,https://results.eci.gov.in/ResultAcGenMay2026/ConstituencywiseS2294.htm,2026-05-04 15:35:13
NAMAKKAL,94,SURESHKANNAN P,Ganasangam Party of India,74,19,Trailing,0,33315,S2294,https://results.eci.gov.in/ResultAcGenMay2026/ConstituencywiseS2294.htm,2026-05-04 15:35:13
NAMAKKAL,94,THIYAGARAJAN R,Samaniya Makkal Nala Katchi,145,8,Trailing,0,33315,S2294,https://results.eci.gov.in/ResultAcGenMay2026/ConstituencywiseS2294.htm,2026-05-04 15:35:13
NAMAKKAL,94,DILIP C S,Tamilaga Vettri Kazhagam,33761,1,Leading / Top Candidate,446,33315,S2294,https://results.eci.gov.in/ResultAcGenMay2026/ConstituencywiseS2294.htm,2026-05-04 15:35:13
NAMAKKAL,94,PALANISAMY M P,All India Puratchi Thalaivar Makkal Munnettra Kazhagam,78,16,Trailing,0,33315,S2294,https://results.eci.gov.in/ResultAcGenMay2026/ConstituencywiseS2294.htm,2026-05-04 15:35:13
NAMAKKAL,94,MAHENDRAN P,Anaithinthiya Anna Dravida Makkal Seyal katchi,47,24,Trailing,0,33315,S2294,https://results.eci.gov.in/ResultAcGenMay2026/ConstituencywiseS2294.htm,2026-05-04 15:35:13
NAMAKKAL,94,MATHESWARAN C,Puthiya Tamilagam,78,17,Trailing,0,33315,S2294,https://results.eci.gov.in/ResultAcGenMay2026/ConstituencywiseS2294.htm,2026-05-04 15:35:13
NAMAKKAL,94,ABINESHKUMAR T,Independent,115,10,Trailing,0,33315,S2294,https://results.eci.gov.in/ResultAcGenMay2026/ConstituencywiseS2294.htm,2026-05-04 15:35:13
NAMAKKAL,94,ARAVINTH S,Independent,106,12,Trailing,0,33315,S2294,https://results.eci.gov.in/ResultAcGenMay2026/ConstituencywiseS2294.htm,2026-05-04 15:35:13
NAMAKKAL,94,KANAKARAJ K,Independent,73,20,Trailing,0,33315,S2294,https://results.eci.gov.in/ResultAcGenMay2026/ConstituencywiseS2294.htm,2026-05-04 15:35:13
NAMAKKAL,94,CHANDRA P,Independent,162,6,Trailing,0,33315,S2294,https://results.eci.gov.in/ResultAcGenMay2026/ConstituencywiseS2294.htm,2026-05-04 15:35:13
NAMAKKAL,94,NATARAJAN M,Independent,100,13,Trailing,0,33315,S2294,https://results.eci.gov.in/ResultAcGenMay2026/ConstituencywiseS2294.htm,2026-05-04 15:35:13
NAMAKKAL,94,NETAJIKAVIARASU V,Independent,35,26,Trailing,0,33315,S2294,https://results.eci.gov.in/ResultAcGenMay2026/ConstituencywiseS2294.htm,2026-05-04 15:35:13
NAMAKKAL,94,MANIKANDAN R,Independent,93,15,Trailing,0,33315,S2294,https://results.eci.gov.in/ResultAcGenMay2026/ConstituencywiseS2294.htm,2026-05-04 15:35:13
NAMAKKAL,94,MUTHUSAMY S,Independent,95,14,Trailing,0,33315,S2294,https://results.eci.gov.in/ResultAcGenMay2026/ConstituencywiseS2294.htm,2026-05-04 15:35:13
NAMAKKAL,94,MOHAN S,Independent,35,27,Trailing,0,33315,S2294,https://results.eci.gov.in/ResultAcGenMay2026/ConstituencywiseS2294.htm,2026-05-04 15:35:13
NAMAKKAL,94,MOHAN P,Independent,50,22,Trailing,0,33315,S2294,https://results.eci.gov.in/ResultAcGenMay2026/ConstituencywiseS2294.htm,2026-05-04 15:35:13
NAMAKKAL,94,MOHAN M,Independent,23,28,Trailing,0,33315,S2294,https://results.eci.gov.in/ResultAcGenMay2026/ConstituencywiseS2294.htm,2026-05-04 15:35:13
NAMAKKAL,94,RAMESH A,Independent,50,23,Trailing,0,33315,S2294,https://results.eci.gov.in/ResultAcGenMay2026/ConstituencywiseS2294.htm,2026-05-04 15:35:13
NAMAKKAL,94,JAYAKUMAR R,Independent,77,18,Trailing,0,33315,S2294,https://results.eci.gov.in/ResultAcGenMay2026/ConstituencywiseS2294.htm,2026-05-04 15:35:13
NAMAKKAL,94,JAYARAMAN M,Independent,59,21,Trailing,0,33315,S2294,https://results.eci.gov.in/ResultAcGenMay2026/ConstituencywiseS2294.htm,2026-05-04 15:35:13
NAMAKKAL,94,STALIN R,Independent,43,25,Trailing,0,33315,S2294,https://results.eci.gov.in/ResultAcGenMay2026/ConstituencywiseS2294.htm,2026-05-04 15:35:13
NAMAKKAL,94,NOTA,None of the Above,313,5,Trailing,0,33315,S2294,https://results.eci.gov.in/ResultAcGenMay2026/ConstituencywiseS2294.htm,2026-05-04 15:35:13
NANGUNERI,227,S. SELVAM,Naam Tamilar Katchi,16101,4,Trailing,0,55421,S22227,https://results.eci.gov.in/ResultAcGenMay2026/ConstituencywiseS22227.htm,2026-05-04 15:35:17
NANGUNERI,227,RUBY.R.MANOHARAN,Indian National Congress,55421,2,Runner-up,0,55421,S22227,https://results.eci.gov.in/ResultAcGenMay2026/ConstituencywiseS22227.htm,2026-05-04 15:35:17
NANGUNERI,227,R. JANARTHANAN,Bahujan Samaj Party,631,9,Trailing,0,55421,S22227,https://results.eci.gov.in/ResultAcGenMay2026/ConstituencywiseS22227.htm,2026-05-04 15:35:17
NANGUNERI,227,R. ESAKKIMUTHU,Amma Makkal Munnettra Kazagam,35643,3,Trailing,0,55421,S22227,https://results.eci.gov.in/ResultAcGenMay2026/ConstituencywiseS22227.htm,2026-05-04 15:35:17
NANGUNERI,227,S. SHUNMUGA SUNDARAM,Naam Indiar Party,187,21,Trailing,0,55421,S22227,https://results.eci.gov.in/ResultAcGenMay2026/ConstituencywiseS22227.htm,2026-05-04 15:35:17
NANGUNERI,227,CHITHIRAI SELVAN,Tamizhaga Vaazhvurimai Katchi,451,12,Trailing,0,55421,S22227,https://results.eci.gov.in/ResultAcGenMay2026/ConstituencywiseS22227.htm,2026-05-04 15:35:17
NANGUNERI,227,TAMILSELVI,Puthiya Tamilagam,10213,5,Trailing,0,55421,S22227,https://results.eci.gov.in/ResultAcGenMay2026/ConstituencywiseS22227.htm,2026-05-04 15:35:17
NANGUNERI,227,THULASI SUDALAI,Puthiya Makkal Tamil Desam Katchi,342,15,Trailing,0,55421,S22227,https://results.eci.gov.in/ResultAcGenMay2026/ConstituencywiseS22227.htm,2026-05-04 15:35:17
NANGUNERI,227,REDDIARPATTI V. NARAYANAN,Tamilaga Vettri Kazhagam,69637,1,Leading / Top Candidate,14216,55421,S22227,https://results.eci.gov.in/ResultAcGenMay2026/ConstituencywiseS22227.htm,2026-05-04 15:35:17
NANGUNERI,227,KRISH.MARIAPPAN,Thamizhaka Padaippalar Makkal Katchi,359,14,Trailing,0,55421,S22227,https://results.eci.gov.in/ResultAcGenMay2026/ConstituencywiseS22227.htm,2026-05-04 15:35:17
NANGUNERI,227,DR.S.VELLAI DURAI,All India Puratchi Thalaivar Makkal Munnettra Kazhagam,1022,7,Trailing,0,55421,S22227,https://results.eci.gov.in/ResultAcGenMay2026/ConstituencywiseS22227.htm,2026-05-04 15:35:17
NANGUNERI,227,M. ARUNA,Independent,224,20,Trailing,0,55421,S22227,https://results.eci.gov.in/ResultAcGenMay2026/ConstituencywiseS22227.htm,2026-05-04 15:35:17
NANGUNERI,227,R.ANANTHI,Independent,153,25,Trailing,0,55421,S22227,https://results.eci.gov.in/ResultAcGenMay2026/ConstituencywiseS22227.htm,2026-05-04 15:35:17
NANGUNERI,227,N.KALABERUMAL,Independent,248,18,Trailing,0,55421,S22227,https://results.eci.gov.in/ResultAcGenMay2026/ConstituencywiseS22227.htm,2026-05-04 15:35:17
NANGUNERI,227,M. KUMAR,Independent,1056,6,Trailing,0,55421,S22227,https://results.eci.gov.in/ResultAcGenMay2026/ConstituencywiseS22227.htm,2026-05-04 15:35:17
NANGUNERI,227,T. SANKAR,Independent,318,16,Trailing,0,55421,S22227,https://results.eci.gov.in/ResultAcGenMay2026/ConstituencywiseS22227.htm,2026-05-04 15:35:17
NANGUNERI,227,SHANMUGAM,Independent,271,17,Trailing,0,55421,S22227,https://results.eci.gov.in/ResultAcGenMay2026/ConstituencywiseS22227.htm,2026-05-04 15:35:17
NANGUNERI,227,THANITHANGAM,Independent,423,13,Trailing,0,55421,S22227,https://results.eci.gov.in/ResultAcGenMay2026/ConstituencywiseS22227.htm,2026-05-04 15:35:17
NANGUNERI,227,NALLAKKANNU ALIAS KARTHIC.K,Independent,161,23,Trailing,0,55421,S22227,https://results.eci.gov.in/ResultAcGenMay2026/ConstituencywiseS22227.htm,2026-05-04 15:35:17
NANGUNERI,227,A.RANI NADAR ALIAS PUSHPARANI,Independent,494,11,Trailing,0,55421,S22227,https://results.eci.gov.in/ResultAcGenMay2026/ConstituencywiseS22227.htm,2026-05-04 15:35:17
NANGUNERI,227,S.MARIYAPPAN,Independent,588,10,Trailing,0,55421,S22227,https://results.eci.gov.in/ResultAcGenMay2026/ConstituencywiseS22227.htm,2026-05-04 15:35:17
NANGUNERI,227,SUDAROLI S.MURUGAN YADHAV B.COM,Independent,178,22,Trailing,0,55421,S22227,https://results.eci.gov.in/ResultAcGenMay2026/ConstituencywiseS22227.htm,2026-05-04 15:35:17
NANGUNERI,227,T. RAJKUMAR,Independent,139,26,Trailing,0,55421,S22227,https://results.eci.gov.in/ResultAcGenMay2026/ConstituencywiseS22227.htm,2026-05-04 15:35:17
NANGUNERI,227,T. LINGADURAI,Independent,156,24,Trailing,0,55421,S22227,https://results.eci.gov.in/ResultAcGenMay2026/ConstituencywiseS22227.htm,2026-05-04 15:35:17
NANGUNERI,227,DEV.P.JEGADEESAN,Independent,247,19,Trailing,0,55421,S22227,https://results.eci.gov.in/ResultAcGenMay2026/ConstituencywiseS22227.htm,2026-05-04 15:35:17
NANGUNERI,227,NOTA,None of the Above,683,8,Trailing,0,55421,S22227,https://results.eci.gov.in/ResultAcGenMay2026/ConstituencywiseS22227.htm,2026-05-04 15:35:17
NANNILAM,169,KAMARAJ. R,All India Anna Dravida Munnetra Kazhagam,74763,1,Leading / Top Candidate,29643,45120,S22169,https://results.eci.gov.in/ResultAcGenMay2026/ConstituencywiseS22169.htm,2026-05-04 15:35:21
NANNILAM,169,THENMOZHI DILIPKUMAR,Naam Tamilar Katchi,6326,4,Trailing,0,45120,S22169,https://results.eci.gov.in/ResultAcGenMay2026/ConstituencywiseS22169.htm,2026-05-04 15:35:21
NANNILAM,169,MOHAMED MUBARAK,Dravida Munnetra Kazhagam,45120,2,Runner-up,0,45120,S22169,https://results.eci.gov.in/ResultAcGenMay2026/ConstituencywiseS22169.htm,2026-05-04 15:35:21
NANNILAM,169,SIVARAMAN. T,Tamizhaga Vaazhvurimai Katchi,201,7,Trailing,0,45120,S22169,https://results.eci.gov.in/ResultAcGenMay2026/ConstituencywiseS22169.htm,2026-05-04 15:35:21
NANNILAM,169,TAMILSELVAN. M,Puthiya Tamilagam,161,10,Trailing,0,45120,S22169,https://results.eci.gov.in/ResultAcGenMay2026/ConstituencywiseS22169.htm,2026-05-04 15:35:21
NANNILAM,169,PRABHAKARAN. S,Tamilaga Vettri Kazhagam,40149,3,Trailing,0,45120,S22169,https://results.eci.gov.in/ResultAcGenMay2026/ConstituencywiseS22169.htm,2026-05-04 15:35:21
NANNILAM,169,RAJA. S,All India Puratchi Thalaivar Makkal Munnettra Kazhagam,557,6,Trailing,0,45120,S22169,https://results.eci.gov.in/ResultAcGenMay2026/ConstituencywiseS22169.htm,2026-05-04 15:35:21
NANNILAM,169,SANKAR. R,Independent,38,15,Trailing,0,45120,S22169,https://results.eci.gov.in/ResultAcGenMay2026/ConstituencywiseS22169.htm,2026-05-04 15:35:21
NANNILAM,169,SHANMUGARAJA. D,Independent,58,14,Trailing,0,45120,S22169,https://results.eci.gov.in/ResultAcGenMay2026/ConstituencywiseS22169.htm,2026-05-04 15:35:21
NANNILAM,169,SURESH. V,Independent,72,13,Trailing,0,45120,S22169,https://results.eci.gov.in/ResultAcGenMay2026/ConstituencywiseS22169.htm,2026-05-04 15:35:21
NANNILAM,169,BHARATHIMOHAN. K.S,Independent,75,12,Trailing,0,45120,S22169,https://results.eci.gov.in/ResultAcGenMay2026/ConstituencywiseS22169.htm,2026-05-04 15:35:21
NANNILAM,169,MOHUMED RIYAS. K,Independent,97,11,Trailing,0,45120,S22169,https://results.eci.gov.in/ResultAcGenMay2026/ConstituencywiseS22169.htm,2026-05-04 15:35:21
NANNILAM,169,RAVICHANDRAN. R,Independent,178,8,Trailing,0,45120,S22169,https://results.eci.gov.in/ResultAcGenMay2026/ConstituencywiseS22169.htm,2026-05-04 15:35:21
NANNILAM,169,RAJASEKAR. R,Independent,174,9,Trailing,0,45120,S22169,https://results.eci.gov.in/ResultAcGenMay2026/ConstituencywiseS22169.htm,2026-05-04 15:35:21
NANNILAM,169,NOTA,None of the Above,662,5,Trailing,0,45120,S22169,https://results.eci.gov.in/ResultAcGenMay2026/ConstituencywiseS22169.htm,2026-05-04 15:35:21
NATHAM,131,ALAGAMMAL A,Naam Tamilar Katchi,6093,4,Trailing,0,42378,S22131,https://results.eci.gov.in/ResultAcGenMay2026/ConstituencywiseS22131.htm,2026-05-04 15:35:26
NATHAM,131,SELVAKUMAR K,Dravida Munnetra Kazhagam,41883,3,Trailing,0,42378,S22131,https://results.eci.gov.in/ResultAcGenMay2026/ConstituencywiseS22131.htm,2026-05-04 15:35:26
NATHAM,131,NATHAM VISWANATHAN R,All India Anna Dravida Munnetra Kazhagam,51315,1,Leading / Top Candidate,8937,42378,S22131,https://results.eci.gov.in/ResultAcGenMay2026/ConstituencywiseS22131.htm,2026-05-04 15:35:26
NATHAM,131,ALEX S,Tamizhaga Vaazhvurimai Katchi,463,5,Trailing,0,42378,S22131,https://results.eci.gov.in/ResultAcGenMay2026/ConstituencywiseS22131.htm,2026-05-04 15:35:26
NATHAM,131,RAMESH L N,Tamilaga Vettri Kazhagam,42378,2,Runner-up,0,42378,S22131,https://results.eci.gov.in/ResultAcGenMay2026/ConstituencywiseS22131.htm,2026-05-04 15:35:26
NATHAM,131,RAJASEKARAN P,Aanaithinthiya Jananayaka Pathukappu Kazhagam,170,11,Trailing,0,42378,S22131,https://results.eci.gov.in/ResultAcGenMay2026/ConstituencywiseS22131.htm,2026-05-04 15:35:26
NATHAM,131,VIJAYAKUMAR S,Puthiya Tamilagam,68,19,Trailing,0,42378,S22131,https://results.eci.gov.in/ResultAcGenMay2026/ConstituencywiseS22131.htm,2026-05-04 15:35:26
NATHAM,131,GOPAL R,Independent,191,10,Trailing,0,42378,S22131,https://results.eci.gov.in/ResultAcGenMay2026/ConstituencywiseS22131.htm,2026-05-04 15:35:26
NATHAM,131,SATHAM USAIN M,Independent,46,21,Trailing,0,42378,S22131,https://results.eci.gov.in/ResultAcGenMay2026/ConstituencywiseS22131.htm,2026-05-04 15:35:26
NATHAM,131,SUNDAR C,Independent,34,22,Trailing,0,42378,S22131,https://results.eci.gov.in/ResultAcGenMay2026/ConstituencywiseS22131.htm,2026-05-04 15:35:26
NATHAM,131,DHANDABANI K,Independent,51,20,Trailing,0,42378,S22131,https://results.eci.gov.in/ResultAcGenMay2026/ConstituencywiseS22131.htm,2026-05-04 15:35:26
NATHAM,131,TAMILSELVAN C,Independent,71,18,Trailing,0,42378,S22131,https://results.eci.gov.in/ResultAcGenMay2026/ConstituencywiseS22131.htm,2026-05-04 15:35:26
NATHAM,131,MANIKANDAN V,Independent,95,17,Trailing,0,42378,S22131,https://results.eci.gov.in/ResultAcGenMay2026/ConstituencywiseS22131.htm,2026-05-04 15:35:26
NATHAM,131,MARIA AROCKIAM S,Independent,169,12,Trailing,0,42378,S22131,https://results.eci.gov.in/ResultAcGenMay2026/ConstituencywiseS22131.htm,2026-05-04 15:35:26
NATHAM,131,MURUGAN K,Independent,160,13,Trailing,0,42378,S22131,https://results.eci.gov.in/ResultAcGenMay2026/ConstituencywiseS22131.htm,2026-05-04 15:35:26
NATHAM,131,MURUGESAN C,Independent,195,9,Trailing,0,42378,S22131,https://results.eci.gov.in/ResultAcGenMay2026/ConstituencywiseS22131.htm,2026-05-04 15:35:26
NATHAM,131,RAMA JANARTHANAN S,Independent,128,14,Trailing,0,42378,S22131,https://results.eci.gov.in/ResultAcGenMay2026/ConstituencywiseS22131.htm,2026-05-04 15:35:26
NATHAM,131,VADIVEL K,Independent,321,7,Trailing,0,42378,S22131,https://results.eci.gov.in/ResultAcGenMay2026/ConstituencywiseS22131.htm,2026-05-04 15:35:26
NATHAM,131,VIJAYAKUMAR S,Independent,282,8,Trailing,0,42378,S22131,https://results.eci.gov.in/ResultAcGenMay2026/ConstituencywiseS22131.htm,2026-05-04 15:35:26
NATHAM,131,VENKATESAN G,Independent,100,16,Trailing,0,42378,S22131,https://results.eci.gov.in/ResultAcGenMay2026/ConstituencywiseS22131.htm,2026-05-04 15:35:26
NATHAM,131,VENKATESH P,Independent,112,15,Trailing,0,42378,S22131,https://results.eci.gov.in/ResultAcGenMay2026/ConstituencywiseS22131.htm,2026-05-04 15:35:26
NATHAM,131,NOTA,None of the Above,368,6,Trailing,0,42378,S22131,https://results.eci.gov.in/ResultAcGenMay2026/ConstituencywiseS22131.htm,2026-05-04 15:35:26
NEYVELI,153,SABA.RAJENDRAN,Dravida Munnetra Kazhagam,44577,2,Runner-up,0,44577,S22153,https://results.eci.gov.in/ResultAcGenMay2026/ConstituencywiseS22153.htm,2026-05-04 15:35:30
NEYVELI,153,RAJENDRAN.R,All India Anna Dravida Munnetra Kazhagam,55579,1,Leading / Top Candidate,11002,44577,S22153,https://results.eci.gov.in/ResultAcGenMay2026/ConstituencywiseS22153.htm,2026-05-04 15:35:30
NEYVELI,153,VEERAMANI.B,Naam Tamilar Katchi,3741,5,Trailing,0,44577,S22153,https://results.eci.gov.in/ResultAcGenMay2026/ConstituencywiseS22153.htm,2026-05-04 15:35:30
NEYVELI,153,JOTHIMURUGAN.V,Bahujan Samaj Party,113,11,Trailing,0,44577,S22153,https://results.eci.gov.in/ResultAcGenMay2026/ConstituencywiseS22153.htm,2026-05-04 15:35:30
NEYVELI,153,ANAND.K,Tamilaga Vettri Kazhagam,28972,3,Trailing,0,44577,S22153,https://results.eci.gov.in/ResultAcGenMay2026/ConstituencywiseS22153.htm,2026-05-04 15:35:30
NEYVELI,153,THIRUMALVALAVAN.T,Tamizhaga Vaazhvurimai Katchi,10130,4,Trailing,0,44577,S22153,https://results.eci.gov.in/ResultAcGenMay2026/ConstituencywiseS22153.htm,2026-05-04 15:35:30
NEYVELI,153,MAYAKRISHNAN.K,Veerath Thiyagi Viswanathadoss Thozhilalarkal Katchi,122,10,Trailing,0,44577,S22153,https://results.eci.gov.in/ResultAcGenMay2026/ConstituencywiseS22153.htm,2026-05-04 15:35:30
NEYVELI,153,KARTHIKEYAN.C.M,Independent,401,7,Trailing,0,44577,S22153,https://results.eci.gov.in/ResultAcGenMay2026/ConstituencywiseS22153.htm,2026-05-04 15:35:30
NEYVELI,153,SATHIYASEELAN.M,Independent,90,12,Trailing,0,44577,S22153,https://results.eci.gov.in/ResultAcGenMay2026/ConstituencywiseS22153.htm,2026-05-04 15:35:30
NEYVELI,153,CHEZHIYAN.G,Independent,182,9,Trailing,0,44577,S22153,https://results.eci.gov.in/ResultAcGenMay2026/ConstituencywiseS22153.htm,2026-05-04 15:35:30
NEYVELI,153,MANIMARAN.P,Independent,301,8,Trailing,0,44577,S22153,https://results.eci.gov.in/ResultAcGenMay2026/ConstituencywiseS22153.htm,2026-05-04 15:35:30
NEYVELI,153,NOTA,None of the Above,660,6,Trailing,0,44577,S22153,https://results.eci.gov.in/ResultAcGenMay2026/ConstituencywiseS22153.htm,2026-05-04 15:35:30
NILAKKOTTAI,130,DR.KAILAI RAJAN.D,Naam Tamilar Katchi,3908,4,Trailing,0,31757,S22130,https://results.eci.gov.in/ResultAcGenMay2026/ConstituencywiseS22130.htm,2026-05-04 15:35:34
NILAKKOTTAI,130,THENMOZHI.S,All India Anna Dravida Munnetra Kazhagam,24531,3,Trailing,0,31757,S22130,https://results.eci.gov.in/ResultAcGenMay2026/ConstituencywiseS22130.htm,2026-05-04 15:35:34
NILAKKOTTAI,130,NAGAJOTHI.S,Dravida Munnetra Kazhagam,33765,1,Leading / Top Candidate,2008,31757,S22130,https://results.eci.gov.in/ResultAcGenMay2026/ConstituencywiseS22130.htm,2026-05-04 15:35:34
NILAKKOTTAI,130,RAJALAKSHMI.M,Bahujan Samaj Party,236,7,Trailing,0,31757,S22130,https://results.eci.gov.in/ResultAcGenMay2026/ConstituencywiseS22130.htm,2026-05-04 15:35:34
NILAKKOTTAI,130,AYYANAR.R,Tamilaga Vettri Kazhagam,31757,2,Runner-up,0,31757,S22130,https://results.eci.gov.in/ResultAcGenMay2026/ConstituencywiseS22130.htm,2026-05-04 15:35:34
NILAKKOTTAI,130,ANBALAGAN.G,All India Puratchi Thalaivar Makkal Munnettra Kazhagam,195,10,Trailing,0,31757,S22130,https://results.eci.gov.in/ResultAcGenMay2026/ConstituencywiseS22130.htm,2026-05-04 15:35:34
NILAKKOTTAI,130,SANKAR.P,Puthiya Tamilagam,204,9,Trailing,0,31757,S22130,https://results.eci.gov.in/ResultAcGenMay2026/ConstituencywiseS22130.htm,2026-05-04 15:35:34
NILAKKOTTAI,130,SELVAM.P B.A. B.L.,Republican Party of India (A),353,5,Trailing,0,31757,S22130,https://results.eci.gov.in/ResultAcGenMay2026/ConstituencywiseS22130.htm,2026-05-04 15:35:34
NILAKKOTTAI,130,ALAPPAN.A,Independent,114,13,Trailing,0,31757,S22130,https://results.eci.gov.in/ResultAcGenMay2026/ConstituencywiseS22130.htm,2026-05-04 15:35:34
NILAKKOTTAI,130,KARUPPAIAH.S,Independent,25,16,Trailing,0,31757,S22130,https://results.eci.gov.in/ResultAcGenMay2026/ConstituencywiseS22130.htm,2026-05-04 15:35:34
NILAKKOTTAI,130,CHELLAM.K,Independent,75,15,Trailing,0,31757,S22130,https://results.eci.gov.in/ResultAcGenMay2026/ConstituencywiseS22130.htm,2026-05-04 15:35:34
NILAKKOTTAI,130,PERUMAL.N,Independent,101,14,Trailing,0,31757,S22130,https://results.eci.gov.in/ResultAcGenMay2026/ConstituencywiseS22130.htm,2026-05-04 15:35:34
NILAKKOTTAI,130,MANIKANDAN.P,Independent,235,8,Trailing,0,31757,S22130,https://results.eci.gov.in/ResultAcGenMay2026/ConstituencywiseS22130.htm,2026-05-04 15:35:34
NILAKKOTTAI,130,MANOHARAN.M,Independent,168,12,Trailing,0,31757,S22130,https://results.eci.gov.in/ResultAcGenMay2026/ConstituencywiseS22130.htm,2026-05-04 15:35:34
NILAKKOTTAI,130,VIJAYAPANDIYAN.M,Independent,188,11,Trailing,0,31757,S22130,https://results.eci.gov.in/ResultAcGenMay2026/ConstituencywiseS22130.htm,2026-05-04 15:35:34
NILAKKOTTAI,130,NOTA,None of the Above,299,6,Trailing,0,31757,S22130,https://results.eci.gov.in/ResultAcGenMay2026/ConstituencywiseS22130.htm,2026-05-04 15:35:34
ODDANCHATRAM,128,SAKKARAPANI. R,Dravida Munnetra Kazhagam,65152,1,Leading / Top Candidate,28835,36317,S22128,https://results.eci.gov.in/ResultAcGenMay2026/ConstituencywiseS22128.htm,2026-05-04 15:35:39
ODDANCHATRAM,128,MURUGARAJ. P,Bahujan Samaj Party,339,7,Trailing,0,36317,S22128,https://results.eci.gov.in/ResultAcGenMay2026/ConstituencywiseS22128.htm,2026-05-04 15:35:39
ODDANCHATRAM,128,RAGUPATHI. P,Naam Tamilar Katchi,3912,4,Trailing,0,36317,S22128,https://results.eci.gov.in/ResultAcGenMay2026/ConstituencywiseS22128.htm,2026-05-04 15:35:39
ODDANCHATRAM,128,VIDIYAL S. SEKAR,Bharatiya Janata Party,36317,2,Runner-up,0,36317,S22128,https://results.eci.gov.in/ResultAcGenMay2026/ConstituencywiseS22128.htm,2026-05-04 15:35:39
ODDANCHATRAM,128,MOHAN. S,Tamilaga Vettri Kazhagam,34196,3,Trailing,0,36317,S22128,https://results.eci.gov.in/ResultAcGenMay2026/ConstituencywiseS22128.htm,2026-05-04 15:35:39
ODDANCHATRAM,128,ALAGIYANNAN. A,Independent,209,8,Trailing,0,36317,S22128,https://results.eci.gov.in/ResultAcGenMay2026/ConstituencywiseS22128.htm,2026-05-04 15:35:39
ODDANCHATRAM,128,ARUMUGAM. M,Independent,54,15,Trailing,0,36317,S22128,https://results.eci.gov.in/ResultAcGenMay2026/ConstituencywiseS22128.htm,2026-05-04 15:35:39
ODDANCHATRAM,128,ANANTHRAJ. T,Independent,63,14,Trailing,0,36317,S22128,https://results.eci.gov.in/ResultAcGenMay2026/ConstituencywiseS22128.htm,2026-05-04 15:35:39
ODDANCHATRAM,128,KUMARRATHINAM. M,Independent,132,12,Trailing,0,36317,S22128,https://results.eci.gov.in/ResultAcGenMay2026/ConstituencywiseS22128.htm,2026-05-04 15:35:39
ODDANCHATRAM,128,CHELLAMUTHU. K,Independent,73,13,Trailing,0,36317,S22128,https://results.eci.gov.in/ResultAcGenMay2026/ConstituencywiseS22128.htm,2026-05-04 15:35:39
ODDANCHATRAM,128,NAGUL PRAKASH. A,Independent,164,9,Trailing,0,36317,S22128,https://results.eci.gov.in/ResultAcGenMay2026/ConstituencywiseS22128.htm,2026-05-04 15:35:39
ODDANCHATRAM,128,PRABAHARAN. M,Independent,454,6,Trailing,0,36317,S22128,https://results.eci.gov.in/ResultAcGenMay2026/ConstituencywiseS22128.htm,2026-05-04 15:35:39
ODDANCHATRAM,128,MANIKANNAN. A,Independent,149,11,Trailing,0,36317,S22128,https://results.eci.gov.in/ResultAcGenMay2026/ConstituencywiseS22128.htm,2026-05-04 15:35:39
ODDANCHATRAM,128,RAGHUNATH. K,Independent,156,10,Trailing,0,36317,S22128,https://results.eci.gov.in/ResultAcGenMay2026/ConstituencywiseS22128.htm,2026-05-04 15:35:39
ODDANCHATRAM,128,NOTA,None of the Above,1085,5,Trailing,0,36317,S22128,https://results.eci.gov.in/ResultAcGenMay2026/ConstituencywiseS22128.htm,2026-05-04 15:35:39
OMALUR,84,ELANGOVAN. A.R,Desiya Murpokku Dravida Kazhagam,27971,3,Trailing,0,59421,S2284,https://results.eci.gov.in/ResultAcGenMay2026/ConstituencywiseS2284.htm,2026-05-04 15:35:43
OMALUR,84,SIVASAKTHI. M,Naam Tamilar Katchi,4860,4,Trailing,0,59421,S2284,https://results.eci.gov.in/ResultAcGenMay2026/ConstituencywiseS2284.htm,2026-05-04 15:35:43
OMALUR,84,MANI. R,All India Anna Dravida Munnetra Kazhagam,65051,1,Leading / Top Candidate,5630,59421,S2284,https://results.eci.gov.in/ResultAcGenMay2026/ConstituencywiseS2284.htm,2026-05-04 15:35:43
OMALUR,84,ADHIYAMAAN. R.V,Tamilaga Vettri Kazhagam,59421,2,Runner-up,0,59421,S2284,https://results.eci.gov.in/ResultAcGenMay2026/ConstituencywiseS2284.htm,2026-05-04 15:35:43
OMALUR,84,KRISHNAMOORTHY. D,Tamizhaga Vaazhvurimai Katchi,324,8,Trailing,0,59421,S2284,https://results.eci.gov.in/ResultAcGenMay2026/ConstituencywiseS2284.htm,2026-05-04 15:35:43
OMALUR,84,SURESHKUMAR. S,Aanaithinthiya Jananayaka Pathukappu Kazhagam,224,9,Trailing,0,59421,S2284,https://results.eci.gov.in/ResultAcGenMay2026/ConstituencywiseS2284.htm,2026-05-04 15:35:43
OMALUR,84,ARUL PRAKASH. T,Independent,82,15,Trailing,0,59421,S2284,https://results.eci.gov.in/ResultAcGenMay2026/ConstituencywiseS2284.htm,2026-05-04 15:35:43
OMALUR,84,GOBINATHAN. R,Independent,961,5,Trailing,0,59421,S2284,https://results.eci.gov.in/ResultAcGenMay2026/ConstituencywiseS2284.htm,2026-05-04 15:35:43
OMALUR,84,SANTHALINGAM. C,Independent,110,13,Trailing,0,59421,S2284,https://results.eci.gov.in/ResultAcGenMay2026/ConstituencywiseS2284.htm,2026-05-04 15:35:43
OMALUR,84,PERUMAL. S,Independent,96,14,Trailing,0,59421,S2284,https://results.eci.gov.in/ResultAcGenMay2026/ConstituencywiseS2284.htm,2026-05-04 15:35:43
OMALUR,84,MANI. V,Independent,80,16,Trailing,0,59421,S2284,https://results.eci.gov.in/ResultAcGenMay2026/ConstituencywiseS2284.htm,2026-05-04 15:35:43
OMALUR,84,MANOKARAN. A,Independent,124,12,Trailing,0,59421,S2284,https://results.eci.gov.in/ResultAcGenMay2026/ConstituencywiseS2284.htm,2026-05-04 15:35:43
OMALUR,84,MAYAKKANNAN. R,Independent,418,7,Trailing,0,59421,S2284,https://results.eci.gov.in/ResultAcGenMay2026/ConstituencywiseS2284.htm,2026-05-04 15:35:43
OMALUR,84,MOHANRAJ. P.M,Independent,209,10,Trailing,0,59421,S2284,https://results.eci.gov.in/ResultAcGenMay2026/ConstituencywiseS2284.htm,2026-05-04 15:35:43
OMALUR,84,JEGANATHAN. A,Independent,135,11,Trailing,0,59421,S2284,https://results.eci.gov.in/ResultAcGenMay2026/ConstituencywiseS2284.htm,2026-05-04 15:35:43
OMALUR,84,NOTA,None of the Above,867,6,Trailing,0,59421,S2284,https://results.eci.gov.in/ResultAcGenMay2026/ConstituencywiseS2284.htm,2026-05-04 15:35:43
ORATHANADU,175,M. SEKAR,All India Anna Dravida Munnetra Kazhagam,38336,3,Trailing,0,46332,S22175,https://results.eci.gov.in/ResultAcGenMay2026/ConstituencywiseS22175.htm,2026-05-04 15:35:47
ORATHANADU,175,S.THIRUMURUGAN,Naam Tamilar Katchi,8859,4,Trailing,0,46332,S22175,https://results.eci.gov.in/ResultAcGenMay2026/ConstituencywiseS22175.htm,2026-05-04 15:35:47
ORATHANADU,175,R. VAITHILINGAM,Dravida Munnetra Kazhagam,76598,1,Leading / Top Candidate,30266,46332,S22175,https://results.eci.gov.in/ResultAcGenMay2026/ConstituencywiseS22175.htm,2026-05-04 15:35:47
ORATHANADU,175,DR. K. ARVIND,Tamilaga Vettri Kazhagam,46332,2,Runner-up,0,46332,S22175,https://results.eci.gov.in/ResultAcGenMay2026/ConstituencywiseS22175.htm,2026-05-04 15:35:47
ORATHANADU,175,C. GUNASEKARAN,Thamizh Desiya Munnetra Kazhagam,322,7,Trailing,0,46332,S22175,https://results.eci.gov.in/ResultAcGenMay2026/ConstituencywiseS22175.htm,2026-05-04 15:35:47
ORATHANADU,175,M. SELVARAJ,Party for the Rights of Other backward Classes,362,6,Trailing,0,46332,S22175,https://results.eci.gov.in/ResultAcGenMay2026/ConstituencywiseS22175.htm,2026-05-04 15:35:47
ORATHANADU,175,A. AJESHKANNAN,Independent,219,10,Trailing,0,46332,S22175,https://results.eci.gov.in/ResultAcGenMay2026/ConstituencywiseS22175.htm,2026-05-04 15:35:47
ORATHANADU,175,M. KANAGARAJ,Independent,314,8,Trailing,0,46332,S22175,https://results.eci.gov.in/ResultAcGenMay2026/ConstituencywiseS22175.htm,2026-05-04 15:35:47
ORATHANADU,175,T. VIJAYAKUMAR,Independent,246,9,Trailing,0,46332,S22175,https://results.eci.gov.in/ResultAcGenMay2026/ConstituencywiseS22175.htm,2026-05-04 15:35:47
ORATHANADU,175,NOTA,None of the Above,577,5,Trailing,0,46332,S22175,https://results.eci.gov.in/ResultAcGenMay2026/ConstituencywiseS22175.htm,2026-05-04 15:35:47
OTTAPIDARAM,217,M. ANUSIYA,Naam Tamilar Katchi,11394,5,Trailing,0,32537,S22217,https://results.eci.gov.in/ResultAcGenMay2026/ConstituencywiseS22217.htm,2026-05-04 15:35:52
OTTAPIDARAM,217,P.M.RAMAJEYAM,Dravida Munnetra Kazhagam,32537,2,Runner-up,0,32537,S22217,https://results.eci.gov.in/ResultAcGenMay2026/ConstituencywiseS22217.htm,2026-05-04 15:35:52
OTTAPIDARAM,217,C. ARUNA DEVI,Nam Naadu Nam Makkal Nam Ethirkaalam Katchi,526,7,Trailing,0,32537,S22217,https://results.eci.gov.in/ResultAcGenMay2026/ConstituencywiseS22217.htm,2026-05-04 15:35:52
OTTAPIDARAM,217,DR.K. KRISHNASAMY,Puthiya Tamilagam,12340,4,Trailing,0,32537,S22217,https://results.eci.gov.in/ResultAcGenMay2026/ConstituencywiseS22217.htm,2026-05-04 15:35:52
OTTAPIDARAM,217,R SUNDARARAJ,Amma Makkal Munnettra Kazagam,17368,3,Trailing,0,32537,S22217,https://results.eci.gov.in/ResultAcGenMay2026/ConstituencywiseS22217.htm,2026-05-04 15:35:52
OTTAPIDARAM,217,SUBBULAKSHMI. S,Naam Indiar Party,170,12,Trailing,0,32537,S22217,https://results.eci.gov.in/ResultAcGenMay2026/ConstituencywiseS22217.htm,2026-05-04 15:35:52
OTTAPIDARAM,217,C .SELVAKUMAR,Tamizhaga Vaazhvurimai Katchi,363,8,Trailing,0,32537,S22217,https://results.eci.gov.in/ResultAcGenMay2026/ConstituencywiseS22217.htm,2026-05-04 15:35:52
OTTAPIDARAM,217,P .MATHANRAJA,Tamilaga Vettri Kazhagam,55349,1,Leading / Top Candidate,22812,32537,S22217,https://results.eci.gov.in/ResultAcGenMay2026/ConstituencywiseS22217.htm,2026-05-04 15:35:52
OTTAPIDARAM,217,M. ANANTH,Independent,226,10,Trailing,0,32537,S22217,https://results.eci.gov.in/ResultAcGenMay2026/ConstituencywiseS22217.htm,2026-05-04 15:35:52
OTTAPIDARAM,217,S .MUTHUSELVAM,Independent,200,11,Trailing,0,32537,S22217,https://results.eci.gov.in/ResultAcGenMay2026/ConstituencywiseS22217.htm,2026-05-04 15:35:52
OTTAPIDARAM,217,G .MURUGAN,Independent,97,14,Trailing,0,32537,S22217,https://results.eci.gov.in/ResultAcGenMay2026/ConstituencywiseS22217.htm,2026-05-04 15:35:52
OTTAPIDARAM,217,M .LAKSHMANAN,Independent,132,13,Trailing,0,32537,S22217,https://results.eci.gov.in/ResultAcGenMay2026/ConstituencywiseS22217.htm,2026-05-04 15:35:52
OTTAPIDARAM,217,VEDAPRAKASH. A,Independent,245,9,Trailing,0,32537,S22217,https://results.eci.gov.in/ResultAcGenMay2026/ConstituencywiseS22217.htm,2026-05-04 15:35:52
OTTAPIDARAM,217,NOTA,None of the Above,584,6,Trailing,0,32537,S22217,https://results.eci.gov.in/ResultAcGenMay2026/ConstituencywiseS22217.htm,2026-05-04 15:35:52
PADMANABHAPURAM,232,SEELAN,Naam Tamilar Katchi,6575,4,Trailing,0,33611,S22232,https://results.eci.gov.in/ResultAcGenMay2026/ConstituencywiseS22232.htm,2026-05-04 15:35:56
PADMANABHAPURAM,232,CHELLASWAMY. R,Communist Party of India (Marxist),43336,1,Leading / Top Candidate,9725,33611,S22232,https://results.eci.gov.in/ResultAcGenMay2026/ConstituencywiseS22232.htm,2026-05-04 15:35:56
PADMANABHAPURAM,232,RAMESH. P,Bharatiya Janata Party,25514,3,Trailing,0,33611,S22232,https://results.eci.gov.in/ResultAcGenMay2026/ConstituencywiseS22232.htm,2026-05-04 15:35:56
PADMANABHAPURAM,232,KRISHNA KUMAR. S,Tamilaga Vettri Kazhagam,33611,2,Runner-up,0,33611,S22232,https://results.eci.gov.in/ResultAcGenMay2026/ConstituencywiseS22232.htm,2026-05-04 15:35:56
PADMANABHAPURAM,232,SYEDALI. A,Our Mahathma National Party,188,9,Trailing,0,33611,S22232,https://results.eci.gov.in/ResultAcGenMay2026/ConstituencywiseS22232.htm,2026-05-04 15:35:56
PADMANABHAPURAM,232,RAKESH KUMAR. M,Thamizhaka Padaippalar Makkal Katchi,204,8,Trailing,0,33611,S22232,https://results.eci.gov.in/ResultAcGenMay2026/ConstituencywiseS22232.htm,2026-05-04 15:35:56
PADMANABHAPURAM,232,VAIKUNDAMANI. N,Tamizhaga Vaazhvurimai Katchi,78,12,Trailing,0,33611,S22232,https://results.eci.gov.in/ResultAcGenMay2026/ConstituencywiseS22232.htm,2026-05-04 15:35:56
PADMANABHAPURAM,232,ARUL MANI. H,Independent,124,11,Trailing,0,33611,S22232,https://results.eci.gov.in/ResultAcGenMay2026/ConstituencywiseS22232.htm,2026-05-04 15:35:56
PADMANABHAPURAM,232,DR. KRISHNA PRASAD. B,Independent,160,10,Trailing,0,33611,S22232,https://results.eci.gov.in/ResultAcGenMay2026/ConstituencywiseS22232.htm,2026-05-04 15:35:56
PADMANABHAPURAM,232,DURAI RAJ. S,Independent,262,7,Trailing,0,33611,S22232,https://results.eci.gov.in/ResultAcGenMay2026/ConstituencywiseS22232.htm,2026-05-04 15:35:56
PADMANABHAPURAM,232,VASANTHI. R,Independent,308,6,Trailing,0,33611,S22232,https://results.eci.gov.in/ResultAcGenMay2026/ConstituencywiseS22232.htm,2026-05-04 15:35:56
PADMANABHAPURAM,232,NOTA,None of the Above,368,5,Trailing,0,33611,S22232,https://results.eci.gov.in/ResultAcGenMay2026/ConstituencywiseS22232.htm,2026-05-04 15:35:56
PALACODU,57,ANBALAGAN. K.P.,All India Anna Dravida Munnetra Kazhagam,79167,1,Leading / Top Candidate,28586,50581,S2257,https://results.eci.gov.in/ResultAcGenMay2026/ConstituencywiseS2257.htm,2026-05-04 15:36:00
PALACODU,57,DR. DNV SENTHILKUMAR. S.,Dravida Munnetra Kazhagam,40883,3,Trailing,0,50581,S2257,https://results.eci.gov.in/ResultAcGenMay2026/ConstituencywiseS2257.htm,2026-05-04 15:36:00
PALACODU,57,BOOPATHI. R.,Naam Tamilar Katchi,4396,4,Trailing,0,50581,S2257,https://results.eci.gov.in/ResultAcGenMay2026/ConstituencywiseS2257.htm,2026-05-04 15:36:00
PALACODU,57,GOPI. R.,Tamilaga Vettri Kazhagam,50581,2,Runner-up,0,50581,S2257,https://results.eci.gov.in/ResultAcGenMay2026/ConstituencywiseS2257.htm,2026-05-04 15:36:00
PALACODU,57,PALANIYAMMAL. M.,Tamilar Makkal Katchi,121,10,Trailing,0,50581,S2257,https://results.eci.gov.in/ResultAcGenMay2026/ConstituencywiseS2257.htm,2026-05-04 15:36:00
PALACODU,57,RAMESH. P.,Naadaalum Makkal Katchi,140,9,Trailing,0,50581,S2257,https://results.eci.gov.in/ResultAcGenMay2026/ConstituencywiseS2257.htm,2026-05-04 15:36:00
PALACODU,57,JAYARAMAN PERUMAL. P.,Tamizhaga Vaazhvurimai Katchi,84,13,Trailing,0,50581,S2257,https://results.eci.gov.in/ResultAcGenMay2026/ConstituencywiseS2257.htm,2026-05-04 15:36:00
PALACODU,57,KRISHNAN. L.,Independent,49,15,Trailing,0,50581,S2257,https://results.eci.gov.in/ResultAcGenMay2026/ConstituencywiseS2257.htm,2026-05-04 15:36:00
PALACODU,57,CHINNASAMY. N.,Independent,98,12,Trailing,0,50581,S2257,https://results.eci.gov.in/ResultAcGenMay2026/ConstituencywiseS2257.htm,2026-05-04 15:36:00
PALACODU,57,SENTHILKUMAR. G.,Independent,114,11,Trailing,0,50581,S2257,https://results.eci.gov.in/ResultAcGenMay2026/ConstituencywiseS2257.htm,2026-05-04 15:36:00
PALACODU,57,SENTHILKUMAR. K,Independent,80,14,Trailing,0,50581,S2257,https://results.eci.gov.in/ResultAcGenMay2026/ConstituencywiseS2257.htm,2026-05-04 15:36:00
PALACODU,57,PERUMAL MUNUSAMY. M.,Independent,179,8,Trailing,0,50581,S2257,https://results.eci.gov.in/ResultAcGenMay2026/ConstituencywiseS2257.htm,2026-05-04 15:36:00
PALACODU,57,MADHAPPAN. P.,Independent,229,7,Trailing,0,50581,S2257,https://results.eci.gov.in/ResultAcGenMay2026/ConstituencywiseS2257.htm,2026-05-04 15:36:00
PALACODU,57,RAMAN. M.,Independent,296,6,Trailing,0,50581,S2257,https://results.eci.gov.in/ResultAcGenMay2026/ConstituencywiseS2257.htm,2026-05-04 15:36:00
PALACODU,57,NOTA,None of the Above,1020,5,Trailing,0,50581,S2257,https://results.eci.gov.in/ResultAcGenMay2026/ConstituencywiseS2257.htm,2026-05-04 15:36:00
PALANI,127,NACHIMUTHU. S,Bahujan Samaj Party,406,6,Trailing,0,43542,S22127,https://results.eci.gov.in/ResultAcGenMay2026/ConstituencywiseS22127.htm,2026-05-04 15:36:05
PALANI,127,PANDI. N,Communist Party of India (Marxist),43542,2,Runner-up,0,43542,S22127,https://results.eci.gov.in/ResultAcGenMay2026/ConstituencywiseS22127.htm,2026-05-04 15:36:05
PALANI,127,MURUGESWARI. B,Naam Tamilar Katchi,4267,4,Trailing,0,43542,S22127,https://results.eci.gov.in/ResultAcGenMay2026/ConstituencywiseS22127.htm,2026-05-04 15:36:05
PALANI,127,RAVIMANOHARAN. K,All India Anna Dravida Munnetra Kazhagam,46878,1,Leading / Top Candidate,3336,43542,S22127,https://results.eci.gov.in/ResultAcGenMay2026/ConstituencywiseS22127.htm,2026-05-04 15:36:05
PALANI,127,DR. PRAVEEN KUMAR. M,Tamilaga Vettri Kazhagam,43534,3,Trailing,0,43542,S22127,https://results.eci.gov.in/ResultAcGenMay2026/ConstituencywiseS22127.htm,2026-05-04 15:36:05
PALANI,127,RAMAMOORTHI. G,Rashtriya Samaj Dal (R),170,9,Trailing,0,43542,S22127,https://results.eci.gov.in/ResultAcGenMay2026/ConstituencywiseS22127.htm,2026-05-04 15:36:05
PALANI,127,VAYKKALDURAI. K,Puthiya Tamilagam,123,12,Trailing,0,43542,S22127,https://results.eci.gov.in/ResultAcGenMay2026/ConstituencywiseS22127.htm,2026-05-04 15:36:05
PALANI,127,ASHOKKUMAR. G,Independent,169,10,Trailing,0,43542,S22127,https://results.eci.gov.in/ResultAcGenMay2026/ConstituencywiseS22127.htm,2026-05-04 15:36:05
PALANI,127,ANBARASU. R,Independent,56,16,Trailing,0,43542,S22127,https://results.eci.gov.in/ResultAcGenMay2026/ConstituencywiseS22127.htm,2026-05-04 15:36:05
PALANI,127,THANNASIAPPAN. P,Independent,93,14,Trailing,0,43542,S22127,https://results.eci.gov.in/ResultAcGenMay2026/ConstituencywiseS22127.htm,2026-05-04 15:36:05
PALANI,127,THIRUMALAISAMY. B,Independent,62,15,Trailing,0,43542,S22127,https://results.eci.gov.in/ResultAcGenMay2026/ConstituencywiseS22127.htm,2026-05-04 15:36:05
PALANI,127,BALACHANDRAN. M,Independent,136,11,Trailing,0,43542,S22127,https://results.eci.gov.in/ResultAcGenMay2026/ConstituencywiseS22127.htm,2026-05-04 15:36:05
PALANI,127,PRAVEENKUMAR. R,Independent,185,8,Trailing,0,43542,S22127,https://results.eci.gov.in/ResultAcGenMay2026/ConstituencywiseS22127.htm,2026-05-04 15:36:05
PALANI,127,MADHESWARI. R,Independent,116,13,Trailing,0,43542,S22127,https://results.eci.gov.in/ResultAcGenMay2026/ConstituencywiseS22127.htm,2026-05-04 15:36:05
PALANI,127,JAYAKUMAR. T,Independent,331,7,Trailing,0,43542,S22127,https://results.eci.gov.in/ResultAcGenMay2026/ConstituencywiseS22127.htm,2026-05-04 15:36:05
PALANI,127,NOTA,None of the Above,564,5,Trailing,0,43542,S22127,https://results.eci.gov.in/ResultAcGenMay2026/ConstituencywiseS22127.htm,2026-05-04 15:36:05
PALAYAMKOTTAI,226,M.ABDUL WAHAB,Dravida Munnetra Kazhagam,71183,1,Leading / Top Candidate,8903,62280,S22226,https://results.eci.gov.in/ResultAcGenMay2026/ConstituencywiseS22226.htm,2026-05-04 15:36:09
PALAYAMKOTTAI,226,SANKARA NARAYANAN ALIAS SARAN,Naam Tamilar Katchi,9721,4,Trailing,0,62280,S22226,https://results.eci.gov.in/ResultAcGenMay2026/ConstituencywiseS22226.htm,2026-05-04 15:36:09
PALAYAMKOTTAI,226,SYED SULTHAN SAMSUDEEN,All India Anna Dravida Munnetra Kazhagam,18875,3,Trailing,0,62280,S22226,https://results.eci.gov.in/ResultAcGenMay2026/ConstituencywiseS22226.htm,2026-05-04 15:36:09
PALAYAMKOTTAI,226,ESAKKIMUTHU,Puthiya Makkal Tamil Desam Katchi,188,12,Trailing,0,62280,S22226,https://results.eci.gov.in/ResultAcGenMay2026/ConstituencywiseS22226.htm,2026-05-04 15:36:09
PALAYAMKOTTAI,226,T.A.UMAR,Tamizhaga Vaazhvurimai Katchi,377,9,Trailing,0,62280,S22226,https://results.eci.gov.in/ResultAcGenMay2026/ConstituencywiseS22226.htm,2026-05-04 15:36:09
PALAYAMKOTTAI,226,S.THANGADURAI,Naam Indiar Party,108,16,Trailing,0,62280,S22226,https://results.eci.gov.in/ResultAcGenMay2026/ConstituencywiseS22226.htm,2026-05-04 15:36:09
PALAYAMKOTTAI,226,MARIA JOHN,Tamilaga Vettri Kazhagam,62280,2,Runner-up,0,62280,S22226,https://results.eci.gov.in/ResultAcGenMay2026/ConstituencywiseS22226.htm,2026-05-04 15:36:09
PALAYAMKOTTAI,226,ABDUL KOYA,Independent,466,8,Trailing,0,62280,S22226,https://results.eci.gov.in/ResultAcGenMay2026/ConstituencywiseS22226.htm,2026-05-04 15:36:09
PALAYAMKOTTAI,226,KARTHICK NARAYANAN S.,Independent,589,7,Trailing,0,62280,S22226,https://results.eci.gov.in/ResultAcGenMay2026/ConstituencywiseS22226.htm,2026-05-04 15:36:09
PALAYAMKOTTAI,226,D.SANTHIYAGAPPAR ANTONY,Independent,94,17,Trailing,0,62280,S22226,https://results.eci.gov.in/ResultAcGenMay2026/ConstituencywiseS22226.htm,2026-05-04 15:36:09
PALAYAMKOTTAI,226,A. SUDHAHAR,Independent,121,15,Trailing,0,62280,S22226,https://results.eci.gov.in/ResultAcGenMay2026/ConstituencywiseS22226.htm,2026-05-04 15:36:09
PALAYAMKOTTAI,226,R.SESU,Independent,81,18,Trailing,0,62280,S22226,https://results.eci.gov.in/ResultAcGenMay2026/ConstituencywiseS22226.htm,2026-05-04 15:36:09
PALAYAMKOTTAI,226,NALLAKKANNU ALIAS KARTHIC.K,Independent,130,14,Trailing,0,62280,S22226,https://results.eci.gov.in/ResultAcGenMay2026/ConstituencywiseS22226.htm,2026-05-04 15:36:09
PALAYAMKOTTAI,226,PAULRAJ.V,Independent,672,6,Trailing,0,62280,S22226,https://results.eci.gov.in/ResultAcGenMay2026/ConstituencywiseS22226.htm,2026-05-04 15:36:09
PALAYAMKOTTAI,226,M.MANIKANDAN,Independent,143,13,Trailing,0,62280,S22226,https://results.eci.gov.in/ResultAcGenMay2026/ConstituencywiseS22226.htm,2026-05-04 15:36:09
PALAYAMKOTTAI,226,V.GEORGE,Independent,197,11,Trailing,0,62280,S22226,https://results.eci.gov.in/ResultAcGenMay2026/ConstituencywiseS22226.htm,2026-05-04 15:36:09
PALAYAMKOTTAI,226,SRINIVASH,Independent,314,10,Trailing,0,62280,S22226,https://results.eci.gov.in/ResultAcGenMay2026/ConstituencywiseS22226.htm,2026-05-04 15:36:09
PALAYAMKOTTAI,226,NOTA,None of the Above,775,5,Trailing,0,62280,S22226,https://results.eci.gov.in/ResultAcGenMay2026/ConstituencywiseS22226.htm,2026-05-04 15:36:09
PALLADAM,115,K.SELVARAJ,Dravida Munnetra Kazhagam,49502,3,Trailing,0,49516,S22115,https://results.eci.gov.in/ResultAcGenMay2026/ConstituencywiseS22115.htm,2026-05-04 15:36:13
PALLADAM,115,K.V.THAMILINIYAN,Naam Tamilar Katchi,8494,4,Trailing,0,49516,S22115,https://results.eci.gov.in/ResultAcGenMay2026/ConstituencywiseS22115.htm,2026-05-04 15:36:13
PALLADAM,115,K.P.PARAMASIVAM,All India Anna Dravida Munnetra Kazhagam,49516,2,Runner-up,0,49516,S22115,https://results.eci.gov.in/ResultAcGenMay2026/ConstituencywiseS22115.htm,2026-05-04 15:36:13
PALLADAM,115,K.RATHINASAMY,Bahujan Samaj Party,313,6,Trailing,0,49516,S22115,https://results.eci.gov.in/ResultAcGenMay2026/ConstituencywiseS22115.htm,2026-05-04 15:36:13
PALLADAM,115,K.SAKTHIVEL,Anna Puratchi Thalaivar Amma Dravida Munnetra Kazhagam,103,13,Trailing,0,49516,S22115,https://results.eci.gov.in/ResultAcGenMay2026/ConstituencywiseS22115.htm,2026-05-04 15:36:13
PALLADAM,115,S.DHARMARAJ,Tamilaga Makkal Nala Katchi,224,10,Trailing,0,49516,S22115,https://results.eci.gov.in/ResultAcGenMay2026/ConstituencywiseS22115.htm,2026-05-04 15:36:13
PALLADAM,115,K.RAMKUMAR,Tamilaga Vettri Kazhagam,80045,1,Leading / Top Candidate,30529,49516,S22115,https://results.eci.gov.in/ResultAcGenMay2026/ConstituencywiseS22115.htm,2026-05-04 15:36:13
PALLADAM,115,A.ANNADURAI,Independent,246,8,Trailing,0,49516,S22115,https://results.eci.gov.in/ResultAcGenMay2026/ConstituencywiseS22115.htm,2026-05-04 15:36:13
PALLADAM,115,ANNADURAI.R,Independent,190,11,Trailing,0,49516,S22115,https://results.eci.gov.in/ResultAcGenMay2026/ConstituencywiseS22115.htm,2026-05-04 15:36:13
PALLADAM,115,S.ARUMUGAM,Independent,173,12,Trailing,0,49516,S22115,https://results.eci.gov.in/ResultAcGenMay2026/ConstituencywiseS22115.htm,2026-05-04 15:36:13
PALLADAM,115,A.SARAVANAN,Independent,49,16,Trailing,0,49516,S22115,https://results.eci.gov.in/ResultAcGenMay2026/ConstituencywiseS22115.htm,2026-05-04 15:36:13
PALLADAM,115,G.SELVARAJ,Independent,99,14,Trailing,0,49516,S22115,https://results.eci.gov.in/ResultAcGenMay2026/ConstituencywiseS22115.htm,2026-05-04 15:36:13
PALLADAM,115,M. SELVARAJ,Independent,70,15,Trailing,0,49516,S22115,https://results.eci.gov.in/ResultAcGenMay2026/ConstituencywiseS22115.htm,2026-05-04 15:36:13
PALLADAM,115,V.MOHANRAJ,Independent,254,7,Trailing,0,49516,S22115,https://results.eci.gov.in/ResultAcGenMay2026/ConstituencywiseS22115.htm,2026-05-04 15:36:13
PALLADAM,115,A. RAMESH,Independent,232,9,Trailing,0,49516,S22115,https://results.eci.gov.in/ResultAcGenMay2026/ConstituencywiseS22115.htm,2026-05-04 15:36:13
PALLADAM,115,NOTA,None of the Above,882,5,Trailing,0,49516,S22115,https://results.eci.gov.in/ResultAcGenMay2026/ConstituencywiseS22115.htm,2026-05-04 15:36:13
PALLAVARAM,30,DR.R.KARTHIKEYAN,Naam Tamilar Katchi,6670,4,Trailing,0,39031,S2230,https://results.eci.gov.in/ResultAcGenMay2026/ConstituencywiseS2230.htm,2026-05-04 15:36:18
PALLAVARAM,30,N.BHARATHI,Bahujan Samaj Party,266,8,Trailing,0,39031,S2230,https://results.eci.gov.in/ResultAcGenMay2026/ConstituencywiseS2230.htm,2026-05-04 15:36:18
PALLAVARAM,30,D.MURUGESAN,Desiya Murpokku Dravida Kazhagam,39031,2,Runner-up,0,39031,S2230,https://results.eci.gov.in/ResultAcGenMay2026/ConstituencywiseS2230.htm,2026-05-04 15:36:18
PALLAVARAM,30,V.VENKATESAN,All India Anna Dravida Munnetra Kazhagam,21996,3,Trailing,0,39031,S2230,https://results.eci.gov.in/ResultAcGenMay2026/ConstituencywiseS2230.htm,2026-05-04 15:36:18
PALLAVARAM,30,T.AMIRTHA KANTHAN,Naam Indiar Party,150,14,Trailing,0,39031,S2230,https://results.eci.gov.in/ResultAcGenMay2026/ConstituencywiseS2230.htm,2026-05-04 15:36:18
PALLAVARAM,30,M.L.RAVI,Desiya Makkal Sakthi Katchi,174,11,Trailing,0,39031,S2230,https://results.eci.gov.in/ResultAcGenMay2026/ConstituencywiseS2230.htm,2026-05-04 15:36:18
PALLAVARAM,30,J.KAMATCHI,Tamilaga Vettri Kazhagam,65191,1,Leading / Top Candidate,26160,39031,S2230,https://results.eci.gov.in/ResultAcGenMay2026/ConstituencywiseS2230.htm,2026-05-04 15:36:18
PALLAVARAM,30,A.THANGARAJ,Puthiya Tamilagam,313,7,Trailing,0,39031,S2230,https://results.eci.gov.in/ResultAcGenMay2026/ConstituencywiseS2230.htm,2026-05-04 15:36:18
PALLAVARAM,30,G.RAMESHBABU,Indhu Dravida Makkal Katchi,118,18,Trailing,0,39031,S2230,https://results.eci.gov.in/ResultAcGenMay2026/ConstituencywiseS2230.htm,2026-05-04 15:36:18
PALLAVARAM,30,S.RAHAMATHULLA,Tamizhaga Vaazhvurimai Katchi,131,16,Trailing,0,39031,S2230,https://results.eci.gov.in/ResultAcGenMay2026/ConstituencywiseS2230.htm,2026-05-04 15:36:18
PALLAVARAM,30,B.RAJESWARI,Naadaalum Makkal Katchi,232,10,Trailing,0,39031,S2230,https://results.eci.gov.in/ResultAcGenMay2026/ConstituencywiseS2230.htm,2026-05-04 15:36:18
PALLAVARAM,30,R.RAJKUMAR,All India Puratchi Thalaivar Makkal Munnettra Kazhagam,110,20,Trailing,0,39031,S2230,https://results.eci.gov.in/ResultAcGenMay2026/ConstituencywiseS2230.htm,2026-05-04 15:36:18
PALLAVARAM,30,M.SANKAR,Independent,33,24,Trailing,0,39031,S2230,https://results.eci.gov.in/ResultAcGenMay2026/ConstituencywiseS2230.htm,2026-05-04 15:36:18
PALLAVARAM,30,S.SATHIYARAJ,Independent,121,17,Trailing,0,39031,S2230,https://results.eci.gov.in/ResultAcGenMay2026/ConstituencywiseS2230.htm,2026-05-04 15:36:18
PALLAVARAM,30,M.SIVAKUMAR,Independent,165,12,Trailing,0,39031,S2230,https://results.eci.gov.in/ResultAcGenMay2026/ConstituencywiseS2230.htm,2026-05-04 15:36:18
PALLAVARAM,30,S.SUNDARAMOORTHY PANDIYAR,Independent,90,21,Trailing,0,39031,S2230,https://results.eci.gov.in/ResultAcGenMay2026/ConstituencywiseS2230.htm,2026-05-04 15:36:18
PALLAVARAM,30,R.MUTHUKUMAR,Independent,151,13,Trailing,0,39031,S2230,https://results.eci.gov.in/ResultAcGenMay2026/ConstituencywiseS2230.htm,2026-05-04 15:36:18
PALLAVARAM,30,P.RAVICHANDRAN,Independent,50,22,Trailing,0,39031,S2230,https://results.eci.gov.in/ResultAcGenMay2026/ConstituencywiseS2230.htm,2026-05-04 15:36:18
PALLAVARAM,30,N.RAMKUMAR,Independent,234,9,Trailing,0,39031,S2230,https://results.eci.gov.in/ResultAcGenMay2026/ConstituencywiseS2230.htm,2026-05-04 15:36:18
PALLAVARAM,30,RAJESH T R,Independent,674,6,Trailing,0,39031,S2230,https://results.eci.gov.in/ResultAcGenMay2026/ConstituencywiseS2230.htm,2026-05-04 15:36:18
PALLAVARAM,30,S.VETRI VEL,Independent,47,23,Trailing,0,39031,S2230,https://results.eci.gov.in/ResultAcGenMay2026/ConstituencywiseS2230.htm,2026-05-04 15:36:18
PALLAVARAM,30,R.JAWAHAR,Independent,116,19,Trailing,0,39031,S2230,https://results.eci.gov.in/ResultAcGenMay2026/ConstituencywiseS2230.htm,2026-05-04 15:36:18
PALLAVARAM,30,G.JOHN PANDIAN,Independent,133,15,Trailing,0,39031,S2230,https://results.eci.gov.in/ResultAcGenMay2026/ConstituencywiseS2230.htm,2026-05-04 15:36:18
PALLAVARAM,30,NOTA,None of the Above,701,5,Trailing,0,39031,S2230,https://results.eci.gov.in/ResultAcGenMay2026/ConstituencywiseS2230.htm,2026-05-04 15:36:18
PANRUTI,154,ABDUR RAHMAN. A.R,Viduthalai Chiruthaigal Katchi,59551,2,Runner-up,0,59551,S22154,https://results.eci.gov.in/ResultAcGenMay2026/ConstituencywiseS22154.htm,2026-05-04 15:36:22
PANRUTI,154,BANUPRIYA. M,Naam Tamilar Katchi,4382,4,Trailing,0,59551,S22154,https://results.eci.gov.in/ResultAcGenMay2026/ConstituencywiseS22154.htm,2026-05-04 15:36:22
PANRUTI,154,MOHAN. K,All India Anna Dravida Munnetra Kazhagam,69869,1,Leading / Top Candidate,10318,59551,S22154,https://results.eci.gov.in/ResultAcGenMay2026/ConstituencywiseS22154.htm,2026-05-04 15:36:22
PANRUTI,154,SRIKANTHU. S,Bahujan Samaj Party,378,8,Trailing,0,59551,S22154,https://results.eci.gov.in/ResultAcGenMay2026/ConstituencywiseS22154.htm,2026-05-04 15:36:22
PANRUTI,154,SURENDAR. R,Tamizhaga Vaazhvurimai Katchi,1262,5,Trailing,0,59551,S22154,https://results.eci.gov.in/ResultAcGenMay2026/ConstituencywiseS22154.htm,2026-05-04 15:36:22
PANRUTI,154,PRAKASH. R,Thamizhaka Padaippalar Makkal Katchi,361,9,Trailing,0,59551,S22154,https://results.eci.gov.in/ResultAcGenMay2026/ConstituencywiseS22154.htm,2026-05-04 15:36:22
PANRUTI,154,MANIKANDAN. M,Tamilaga Vettri Kazhagam,51285,3,Trailing,0,59551,S22154,https://results.eci.gov.in/ResultAcGenMay2026/ConstituencywiseS22154.htm,2026-05-04 15:36:22
PANRUTI,154,MOHAMMED SAFI. A,Independent,396,7,Trailing,0,59551,S22154,https://results.eci.gov.in/ResultAcGenMay2026/ConstituencywiseS22154.htm,2026-05-04 15:36:22
PANRUTI,154,RAMALINGAM. A,Independent,121,10,Trailing,0,59551,S22154,https://results.eci.gov.in/ResultAcGenMay2026/ConstituencywiseS22154.htm,2026-05-04 15:36:22
PANRUTI,154,NOTA,None of the Above,820,6,Trailing,0,59551,S22154,https://results.eci.gov.in/ResultAcGenMay2026/ConstituencywiseS22154.htm,2026-05-04 15:36:22
PAPANASAM,172,ANIS FATHIMA,Naam Tamilar Katchi,3707,4,Trailing,0,27217,S22172,https://results.eci.gov.in/ResultAcGenMay2026/ConstituencywiseS22172.htm,2026-05-04 15:36:26
PAPANASAM,172,DORAI. SHANMUGA PRABU,All India Anna Dravida Munnetra Kazhagam,26608,3,Trailing,0,27217,S22172,https://results.eci.gov.in/ResultAcGenMay2026/ConstituencywiseS22172.htm,2026-05-04 15:36:26
PAPANASAM,172,AZARUDEEN UDUMAN ALI,Tamilaga Vettri Kazhagam,27217,2,Runner-up,0,27217,S22172,https://results.eci.gov.in/ResultAcGenMay2026/ConstituencywiseS22172.htm,2026-05-04 15:36:26
PAPANASAM,172,C. CHANDRASEKARAN,Thamizh Desiya Munnetra Kazhagam,162,7,Trailing,0,27217,S22172,https://results.eci.gov.in/ResultAcGenMay2026/ConstituencywiseS22172.htm,2026-05-04 15:36:26
PAPANASAM,172,B. DHAMODHARAN,Tamizhaga Vaazhvurimai Katchi,73,13,Trailing,0,27217,S22172,https://results.eci.gov.in/ResultAcGenMay2026/ConstituencywiseS22172.htm,2026-05-04 15:36:26
PAPANASAM,172,K. MASILAMANI,Communist Party of India (Marxist-Leninist) (Liberation),155,8,Trailing,0,27217,S22172,https://results.eci.gov.in/ResultAcGenMay2026/ConstituencywiseS22172.htm,2026-05-04 15:36:26
PAPANASAM,172,A.M. SHAHJAHAN,Indian Union Muslim League,33856,1,Leading / Top Candidate,6639,27217,S22172,https://results.eci.gov.in/ResultAcGenMay2026/ConstituencywiseS22172.htm,2026-05-04 15:36:26
PAPANASAM,172,A. ANIS FATHIMA ABDUL RAHIM,Independent,250,6,Trailing,0,27217,S22172,https://results.eci.gov.in/ResultAcGenMay2026/ConstituencywiseS22172.htm,2026-05-04 15:36:26
PAPANASAM,172,V. KULANDHAIVELU,Independent,80,12,Trailing,0,27217,S22172,https://results.eci.gov.in/ResultAcGenMay2026/ConstituencywiseS22172.htm,2026-05-04 15:36:26
PAPANASAM,172,A S THANGARASU,Independent,69,14,Trailing,0,27217,S22172,https://results.eci.gov.in/ResultAcGenMay2026/ConstituencywiseS22172.htm,2026-05-04 15:36:26
PAPANASAM,172,V. THIYAGARAJAN,Independent,102,9,Trailing,0,27217,S22172,https://results.eci.gov.in/ResultAcGenMay2026/ConstituencywiseS22172.htm,2026-05-04 15:36:26
PAPANASAM,172,S. NATARAJAN,Independent,88,10,Trailing,0,27217,S22172,https://results.eci.gov.in/ResultAcGenMay2026/ConstituencywiseS22172.htm,2026-05-04 15:36:26
PAPANASAM,172,K. RAJENDRAN,Independent,84,11,Trailing,0,27217,S22172,https://results.eci.gov.in/ResultAcGenMay2026/ConstituencywiseS22172.htm,2026-05-04 15:36:26
PAPANASAM,172,NOTA,None of the Above,296,5,Trailing,0,27217,S22172,https://results.eci.gov.in/ResultAcGenMay2026/ConstituencywiseS22172.htm,2026-05-04 15:36:26
PAPPIREDDIPATTI,60,ARCHANA TAMILARUVI,Naam Tamilar Katchi,3774,4,Trailing,0,48364,S2260,https://results.eci.gov.in/ResultAcGenMay2026/ConstituencywiseS2260.htm,2026-05-04 15:36:31
PAPPIREDDIPATTI,60,PALANIAPPAN. P,Dravida Munnetra Kazhagam,48364,2,Runner-up,0,48364,S2260,https://results.eci.gov.in/ResultAcGenMay2026/ConstituencywiseS2260.htm,2026-05-04 15:36:31
PAPPIREDDIPATTI,60,MARAGATHAM VETRIVEL,All India Anna Dravida Munnetra Kazhagam,83523,1,Leading / Top Candidate,35159,48364,S2260,https://results.eci.gov.in/ResultAcGenMay2026/ConstituencywiseS2260.htm,2026-05-04 15:36:31
PAPPIREDDIPATTI,60,GANESAN. S,Vishwa Tamil Kazhagam,638,5,Trailing,0,48364,S2260,https://results.eci.gov.in/ResultAcGenMay2026/ConstituencywiseS2260.htm,2026-05-04 15:36:31
PAPPIREDDIPATTI,60,CHENNAKRISHNAN. V,All India Puratchi Thalaivar Makkal Munnettra Kazhagam,151,10,Trailing,0,48364,S2260,https://results.eci.gov.in/ResultAcGenMay2026/ConstituencywiseS2260.htm,2026-05-04 15:36:31
PAPPIREDDIPATTI,60,THILAGAVATHI. S,Tamilaga Vettri Kazhagam,43016,3,Trailing,0,48364,S2260,https://results.eci.gov.in/ResultAcGenMay2026/ConstituencywiseS2260.htm,2026-05-04 15:36:31
PAPPIREDDIPATTI,60,POOVARASU,Tamilar Makkal Katchi,89,13,Trailing,0,48364,S2260,https://results.eci.gov.in/ResultAcGenMay2026/ConstituencywiseS2260.htm,2026-05-04 15:36:31
PAPPIREDDIPATTI,60,JAMUNARANI. M,Naadaalum Makkal Katchi,147,11,Trailing,0,48364,S2260,https://results.eci.gov.in/ResultAcGenMay2026/ConstituencywiseS2260.htm,2026-05-04 15:36:31
PAPPIREDDIPATTI,60,SATHISH. S,Independent,61,14,Trailing,0,48364,S2260,https://results.eci.gov.in/ResultAcGenMay2026/ConstituencywiseS2260.htm,2026-05-04 15:36:31
PAPPIREDDIPATTI,60,CHINNASAMY. P,Independent,58,15,Trailing,0,48364,S2260,https://results.eci.gov.in/ResultAcGenMay2026/ConstituencywiseS2260.htm,2026-05-04 15:36:31
PAPPIREDDIPATTI,60,TAMILRAJ. K,Independent,120,12,Trailing,0,48364,S2260,https://results.eci.gov.in/ResultAcGenMay2026/ConstituencywiseS2260.htm,2026-05-04 15:36:31
PAPPIREDDIPATTI,60,PALANIAPPAN. R,Independent,250,8,Trailing,0,48364,S2260,https://results.eci.gov.in/ResultAcGenMay2026/ConstituencywiseS2260.htm,2026-05-04 15:36:31
PAPPIREDDIPATTI,60,MURUGAN. S,Independent,282,7,Trailing,0,48364,S2260,https://results.eci.gov.in/ResultAcGenMay2026/ConstituencywiseS2260.htm,2026-05-04 15:36:31
PAPPIREDDIPATTI,60,MOORTHI. P,Independent,222,9,Trailing,0,48364,S2260,https://results.eci.gov.in/ResultAcGenMay2026/ConstituencywiseS2260.htm,2026-05-04 15:36:31
PAPPIREDDIPATTI,60,NOTA,None of the Above,497,6,Trailing,0,48364,S2260,https://results.eci.gov.in/ResultAcGenMay2026/ConstituencywiseS2260.htm,2026-05-04 15:36:31
PARAMAKUDI,209,EZHIL ELAVARASI. R,Naam Tamilar Katchi,12356,4,Trailing,0,46344,S22209,https://results.eci.gov.in/ResultAcGenMay2026/ConstituencywiseS22209.htm,2026-05-04 15:36:35
PARAMAKUDI,209,ADVOCATE. KATHIRAVAN. K.K,Dravida Munnetra Kazhagam,46867,1,Leading / Top Candidate,523,46344,S22209,https://results.eci.gov.in/ResultAcGenMay2026/ConstituencywiseS22209.htm,2026-05-04 15:36:35
PARAMAKUDI,209,DR. MUTHIAH. S,All India Anna Dravida Munnetra Kazhagam,44862,3,Trailing,0,46344,S22209,https://results.eci.gov.in/ResultAcGenMay2026/ConstituencywiseS22209.htm,2026-05-04 15:36:35
PARAMAKUDI,209,AMIRTHA. M,All India Puratchi Thalaivar Makkal Munnettra Kazhagam,1564,5,Trailing,0,46344,S22209,https://results.eci.gov.in/ResultAcGenMay2026/ConstituencywiseS22209.htm,2026-05-04 15:36:35
PARAMAKUDI,209,RATHINA PRAKASH. K,Puthiya Tamilagam,761,6,Trailing,0,46344,S22209,https://results.eci.gov.in/ResultAcGenMay2026/ConstituencywiseS22209.htm,2026-05-04 15:36:35
PARAMAKUDI,209,GOPIRAJAN. G,Tamilaga Vettri Kazhagam,46344,2,Runner-up,0,46344,S22209,https://results.eci.gov.in/ResultAcGenMay2026/ConstituencywiseS22209.htm,2026-05-04 15:36:35
PARAMAKUDI,209,KATHIRAVAN. R,Independent,309,8,Trailing,0,46344,S22209,https://results.eci.gov.in/ResultAcGenMay2026/ConstituencywiseS22209.htm,2026-05-04 15:36:35
PARAMAKUDI,209,KARTHIK VANI. B,Independent,190,11,Trailing,0,46344,S22209,https://results.eci.gov.in/ResultAcGenMay2026/ConstituencywiseS22209.htm,2026-05-04 15:36:35
PARAMAKUDI,209,MUTHTHIAH. M,Independent,185,12,Trailing,0,46344,S22209,https://results.eci.gov.in/ResultAcGenMay2026/ConstituencywiseS22209.htm,2026-05-04 15:36:35
PARAMAKUDI,209,RADHA KRISHNAN. G,Independent,117,13,Trailing,0,46344,S22209,https://results.eci.gov.in/ResultAcGenMay2026/ConstituencywiseS22209.htm,2026-05-04 15:36:35
PARAMAKUDI,209,RAJA. M,Independent,222,10,Trailing,0,46344,S22209,https://results.eci.gov.in/ResultAcGenMay2026/ConstituencywiseS22209.htm,2026-05-04 15:36:35
PARAMAKUDI,209,RAJU. A,Independent,255,9,Trailing,0,46344,S22209,https://results.eci.gov.in/ResultAcGenMay2026/ConstituencywiseS22209.htm,2026-05-04 15:36:35
PARAMAKUDI,209,NOTA,None of the Above,591,7,Trailing,0,46344,S22209,https://results.eci.gov.in/ResultAcGenMay2026/ConstituencywiseS22209.htm,2026-05-04 15:36:35
PARAMATHI-VELUR,95,ARAVIND M,Naam Tamilar Katchi,2729,4,Trailing,0,30157,S2295,https://results.eci.gov.in/ResultAcGenMay2026/ConstituencywiseS2295.htm,2026-05-04 15:36:39
PARAMATHI-VELUR,95,RAMAN V,Bahujan Samaj Party,131,10,Trailing,0,30157,S2295,https://results.eci.gov.in/ResultAcGenMay2026/ConstituencywiseS2295.htm,2026-05-04 15:36:39
PARAMATHI-VELUR,95,SEKAR S,All India Anna Dravida Munnetra Kazhagam,30157,2,Runner-up,0,30157,S2295,https://results.eci.gov.in/ResultAcGenMay2026/ConstituencywiseS2295.htm,2026-05-04 15:36:39
PARAMATHI-VELUR,95,MOORTHIY K S,Dravida Munnetra Kazhagam,31273,1,Leading / Top Candidate,1116,30157,S2295,https://results.eci.gov.in/ResultAcGenMay2026/ConstituencywiseS2295.htm,2026-05-04 15:36:39
PARAMATHI-VELUR,95,SELVARASU S,Anna Puratchi Thalaivar Amma Dravida Munnetra Kazhagam,170,7,Trailing,0,30157,S2295,https://results.eci.gov.in/ResultAcGenMay2026/ConstituencywiseS2295.htm,2026-05-04 15:36:39
PARAMATHI-VELUR,95,SHAILAJA,Tamizhaga Vaazhvurimai Katchi,312,5,Trailing,0,30157,S2295,https://results.eci.gov.in/ResultAcGenMay2026/ConstituencywiseS2295.htm,2026-05-04 15:36:39
PARAMATHI-VELUR,95,NANDAKUMAR A,Tamilaga Vettri Kazhagam,27330,3,Trailing,0,30157,S2295,https://results.eci.gov.in/ResultAcGenMay2026/ConstituencywiseS2295.htm,2026-05-04 15:36:39
PARAMATHI-VELUR,95,BAKKIAM P,Anaithinthiya Anna Dravida Makkal Seyal katchi,61,19,Trailing,0,30157,S2295,https://results.eci.gov.in/ResultAcGenMay2026/ConstituencywiseS2295.htm,2026-05-04 15:36:39
PARAMATHI-VELUR,95,VIJAY SURYABHALAAJI K R,All India Puratchi Thalaivar Makkal Munnettra Kazhagam,75,17,Trailing,0,30157,S2295,https://results.eci.gov.in/ResultAcGenMay2026/ConstituencywiseS2295.htm,2026-05-04 15:36:39
PARAMATHI-VELUR,95,RAMASAMY N,Independent,42,22,Trailing,0,30157,S2295,https://results.eci.gov.in/ResultAcGenMay2026/ConstituencywiseS2295.htm,2026-05-04 15:36:39
PARAMATHI-VELUR,95,KANDASAMY S,Independent,81,16,Trailing,0,30157,S2295,https://results.eci.gov.in/ResultAcGenMay2026/ConstituencywiseS2295.htm,2026-05-04 15:36:39
PARAMATHI-VELUR,95,KARTHIK R,Independent,34,24,Trailing,0,30157,S2295,https://results.eci.gov.in/ResultAcGenMay2026/ConstituencywiseS2295.htm,2026-05-04 15:36:39
PARAMATHI-VELUR,95,GOPALAN G,Independent,130,11,Trailing,0,30157,S2295,https://results.eci.gov.in/ResultAcGenMay2026/ConstituencywiseS2295.htm,2026-05-04 15:36:39
PARAMATHI-VELUR,95,SUDHARSAN K,Independent,83,15,Trailing,0,30157,S2295,https://results.eci.gov.in/ResultAcGenMay2026/ConstituencywiseS2295.htm,2026-05-04 15:36:39
PARAMATHI-VELUR,95,SURESH R,Independent,32,26,Trailing,0,30157,S2295,https://results.eci.gov.in/ResultAcGenMay2026/ConstituencywiseS2295.htm,2026-05-04 15:36:39
PARAMATHI-VELUR,95,SEKAR C,Independent,142,9,Trailing,0,30157,S2295,https://results.eci.gov.in/ResultAcGenMay2026/ConstituencywiseS2295.htm,2026-05-04 15:36:39
PARAMATHI-VELUR,95,SEKAR V,Independent,129,12,Trailing,0,30157,S2295,https://results.eci.gov.in/ResultAcGenMay2026/ConstituencywiseS2295.htm,2026-05-04 15:36:39
PARAMATHI-VELUR,95,THANGARASU M,Independent,46,20,Trailing,0,30157,S2295,https://results.eci.gov.in/ResultAcGenMay2026/ConstituencywiseS2295.htm,2026-05-04 15:36:39
PARAMATHI-VELUR,95,PARAMESHWARI S,Independent,100,13,Trailing,0,30157,S2295,https://results.eci.gov.in/ResultAcGenMay2026/ConstituencywiseS2295.htm,2026-05-04 15:36:39
PARAMATHI-VELUR,95,PALANISAMY S,Independent,84,14,Trailing,0,30157,S2295,https://results.eci.gov.in/ResultAcGenMay2026/ConstituencywiseS2295.htm,2026-05-04 15:36:39
PARAMATHI-VELUR,95,BALAJI R,Independent,27,28,Trailing,0,30157,S2295,https://results.eci.gov.in/ResultAcGenMay2026/ConstituencywiseS2295.htm,2026-05-04 15:36:39
PARAMATHI-VELUR,95,PRATHAP K,Independent,34,25,Trailing,0,30157,S2295,https://results.eci.gov.in/ResultAcGenMay2026/ConstituencywiseS2295.htm,2026-05-04 15:36:39
PARAMATHI-VELUR,95,MANOJKUMAR M,Independent,169,8,Trailing,0,30157,S2295,https://results.eci.gov.in/ResultAcGenMay2026/ConstituencywiseS2295.htm,2026-05-04 15:36:39
PARAMATHI-VELUR,95,MURTHI,Independent,29,27,Trailing,0,30157,S2295,https://results.eci.gov.in/ResultAcGenMay2026/ConstituencywiseS2295.htm,2026-05-04 15:36:39
PARAMATHI-VELUR,95,MOORTHI M,Independent,24,31,Trailing,0,30157,S2295,https://results.eci.gov.in/ResultAcGenMay2026/ConstituencywiseS2295.htm,2026-05-04 15:36:39
PARAMATHI-VELUR,95,RANJITH K,Independent,25,30,Trailing,0,30157,S2295,https://results.eci.gov.in/ResultAcGenMay2026/ConstituencywiseS2295.htm,2026-05-04 15:36:39
PARAMATHI-VELUR,95,RAMESH P,Independent,22,32,Trailing,0,30157,S2295,https://results.eci.gov.in/ResultAcGenMay2026/ConstituencywiseS2295.htm,2026-05-04 15:36:39
PARAMATHI-VELUR,95,RAMESH R,Independent,38,23,Trailing,0,30157,S2295,https://results.eci.gov.in/ResultAcGenMay2026/ConstituencywiseS2295.htm,2026-05-04 15:36:39
PARAMATHI-VELUR,95,RAJA R,Independent,72,18,Trailing,0,30157,S2295,https://results.eci.gov.in/ResultAcGenMay2026/ConstituencywiseS2295.htm,2026-05-04 15:36:39
PARAMATHI-VELUR,95,LATHA A,Independent,43,21,Trailing,0,30157,S2295,https://results.eci.gov.in/ResultAcGenMay2026/ConstituencywiseS2295.htm,2026-05-04 15:36:39
PARAMATHI-VELUR,95,VIJAYAKUMAR A,Independent,27,29,Trailing,0,30157,S2295,https://results.eci.gov.in/ResultAcGenMay2026/ConstituencywiseS2295.htm,2026-05-04 15:36:39
PARAMATHI-VELUR,95,NOTA,None of the Above,194,6,Trailing,0,30157,S2295,https://results.eci.gov.in/ResultAcGenMay2026/ConstituencywiseS2295.htm,2026-05-04 15:36:39
PATTUKKOTTAI,176,ANNADURAI K,Dravida Munnetra Kazhagam,33902,1,Leading / Top Candidate,5292,28610,S22176,https://results.eci.gov.in/ResultAcGenMay2026/ConstituencywiseS22176.htm,2026-05-04 15:36:43
PATTUKKOTTAI,176,KANNAN S,Naam Tamilar Katchi,7296,4,Trailing,0,28610,S22176,https://results.eci.gov.in/ResultAcGenMay2026/ConstituencywiseS22176.htm,2026-05-04 15:36:43
PATTUKKOTTAI,176,SEKAR C V,All India Anna Dravida Munnetra Kazhagam,28608,3,Trailing,0,28610,S22176,https://results.eci.gov.in/ResultAcGenMay2026/ConstituencywiseS22176.htm,2026-05-04 15:36:43
PATTUKKOTTAI,176,GURUMOORTHY M,Puthiya Tamilagam,275,6,Trailing,0,28610,S22176,https://results.eci.gov.in/ResultAcGenMay2026/ConstituencywiseS22176.htm,2026-05-04 15:36:43
PATTUKKOTTAI,176,MATHAN C,Tamilaga Vettri Kazhagam,28610,2,Runner-up,0,28610,S22176,https://results.eci.gov.in/ResultAcGenMay2026/ConstituencywiseS22176.htm,2026-05-04 15:36:43
PATTUKKOTTAI,176,ANNADURAI C N,Independent,188,7,Trailing,0,28610,S22176,https://results.eci.gov.in/ResultAcGenMay2026/ConstituencywiseS22176.htm,2026-05-04 15:36:43
PATTUKKOTTAI,176,SURESH M R,Independent,136,8,Trailing,0,28610,S22176,https://results.eci.gov.in/ResultAcGenMay2026/ConstituencywiseS22176.htm,2026-05-04 15:36:43
PATTUKKOTTAI,176,SURESH R,Independent,112,10,Trailing,0,28610,S22176,https://results.eci.gov.in/ResultAcGenMay2026/ConstituencywiseS22176.htm,2026-05-04 15:36:43
PATTUKKOTTAI,176,MOHAMED SHARIF M,Independent,100,12,Trailing,0,28610,S22176,https://results.eci.gov.in/ResultAcGenMay2026/ConstituencywiseS22176.htm,2026-05-04 15:36:43
PATTUKKOTTAI,176,MUTHUKUMAR D,Independent,116,9,Trailing,0,28610,S22176,https://results.eci.gov.in/ResultAcGenMay2026/ConstituencywiseS22176.htm,2026-05-04 15:36:43
PATTUKKOTTAI,176,ZIAUDEEN A J,Independent,106,11,Trailing,0,28610,S22176,https://results.eci.gov.in/ResultAcGenMay2026/ConstituencywiseS22176.htm,2026-05-04 15:36:43
PATTUKKOTTAI,176,NOTA,None of the Above,403,5,Trailing,0,28610,S22176,https://results.eci.gov.in/ResultAcGenMay2026/ConstituencywiseS22176.htm,2026-05-04 15:36:43
PENNAGARAM,58,AJITH KUMAR. S.,Bahujan Samaj Party,255,8,Trailing,0,40784,S2258,https://results.eci.gov.in/ResultAcGenMay2026/ConstituencywiseS2258.htm,2026-05-04 15:36:48
PENNAGARAM,58,G. K. M. TAMILKUMARAN,Indian National Congress,29492,3,Trailing,0,40784,S2258,https://results.eci.gov.in/ResultAcGenMay2026/ConstituencywiseS2258.htm,2026-05-04 15:36:48
PENNAGARAM,58,PALANIYAMMAL. T.,Naam Tamilar Katchi,3867,4,Trailing,0,40784,S2258,https://results.eci.gov.in/ResultAcGenMay2026/ConstituencywiseS2258.htm,2026-05-04 15:36:48
PENNAGARAM,58,KANNAN. K.,Tamilar Makkal Katchi,250,9,Trailing,0,40784,S2258,https://results.eci.gov.in/ResultAcGenMay2026/ConstituencywiseS2258.htm,2026-05-04 15:36:48
PENNAGARAM,58,GAJENDRAN. S.,Tamilaga Vettri Kazhagam,40784,2,Runner-up,0,40784,S2258,https://results.eci.gov.in/ResultAcGenMay2026/ConstituencywiseS2258.htm,2026-05-04 15:36:48
PENNAGARAM,58,SELVAM. V.,Pattali Makkal Katchi,43599,1,Leading / Top Candidate,2815,40784,S2258,https://results.eci.gov.in/ResultAcGenMay2026/ConstituencywiseS2258.htm,2026-05-04 15:36:48
PENNAGARAM,58,THAVAMANI. C.,Tamizhaga Vaazhvurimai Katchi,344,6,Trailing,0,40784,S2258,https://results.eci.gov.in/ResultAcGenMay2026/ConstituencywiseS2258.htm,2026-05-04 15:36:48
PENNAGARAM,58,THIRUMURUGAN. P.,Naadaalum Makkal Katchi,220,12,Trailing,0,40784,S2258,https://results.eci.gov.in/ResultAcGenMay2026/ConstituencywiseS2258.htm,2026-05-04 15:36:48
PENNAGARAM,58,ANNAMALAI. M.,Independent,225,11,Trailing,0,40784,S2258,https://results.eci.gov.in/ResultAcGenMay2026/ConstituencywiseS2258.htm,2026-05-04 15:36:48
PENNAGARAM,58,ARUNKUMAR. G.,Independent,234,10,Trailing,0,40784,S2258,https://results.eci.gov.in/ResultAcGenMay2026/ConstituencywiseS2258.htm,2026-05-04 15:36:48
PENNAGARAM,58,ELAVARSAN. A.,Independent,154,19,Trailing,0,40784,S2258,https://results.eci.gov.in/ResultAcGenMay2026/ConstituencywiseS2258.htm,2026-05-04 15:36:48
PENNAGARAM,58,SAKTHIVEL. M.,Independent,201,13,Trailing,0,40784,S2258,https://results.eci.gov.in/ResultAcGenMay2026/ConstituencywiseS2258.htm,2026-05-04 15:36:48
PENNAGARAM,58,SELVAM. V.,Independent,84,23,Trailing,0,40784,S2258,https://results.eci.gov.in/ResultAcGenMay2026/ConstituencywiseS2258.htm,2026-05-04 15:36:48
PENNAGARAM,58,SENDRAYAN. G.,Independent,109,21,Trailing,0,40784,S2258,https://results.eci.gov.in/ResultAcGenMay2026/ConstituencywiseS2258.htm,2026-05-04 15:36:48
PENNAGARAM,58,GNANASELVAM. S.,Independent,199,14,Trailing,0,40784,S2258,https://results.eci.gov.in/ResultAcGenMay2026/ConstituencywiseS2258.htm,2026-05-04 15:36:48
PENNAGARAM,58,TAMILARASAN. M.,Independent,165,17,Trailing,0,40784,S2258,https://results.eci.gov.in/ResultAcGenMay2026/ConstituencywiseS2258.htm,2026-05-04 15:36:48
PENNAGARAM,58,TAMILSELVI. S.,Independent,156,18,Trailing,0,40784,S2258,https://results.eci.gov.in/ResultAcGenMay2026/ConstituencywiseS2258.htm,2026-05-04 15:36:48
PENNAGARAM,58,POOMANI. P.,Independent,281,7,Trailing,0,40784,S2258,https://results.eci.gov.in/ResultAcGenMay2026/ConstituencywiseS2258.htm,2026-05-04 15:36:48
PENNAGARAM,58,MANIVANNAN. S.,Independent,101,22,Trailing,0,40784,S2258,https://results.eci.gov.in/ResultAcGenMay2026/ConstituencywiseS2258.htm,2026-05-04 15:36:48
PENNAGARAM,58,MANOHARAN. K. A.,Independent,146,20,Trailing,0,40784,S2258,https://results.eci.gov.in/ResultAcGenMay2026/ConstituencywiseS2258.htm,2026-05-04 15:36:48
PENNAGARAM,58,VILKRISHNAN. R.,Independent,173,16,Trailing,0,40784,S2258,https://results.eci.gov.in/ResultAcGenMay2026/ConstituencywiseS2258.htm,2026-05-04 15:36:48
PENNAGARAM,58,VEERAPPAN. M.,Independent,182,15,Trailing,0,40784,S2258,https://results.eci.gov.in/ResultAcGenMay2026/ConstituencywiseS2258.htm,2026-05-04 15:36:48
PENNAGARAM,58,NOTA,None of the Above,369,5,Trailing,0,40784,S2258,https://results.eci.gov.in/ResultAcGenMay2026/ConstituencywiseS2258.htm,2026-05-04 15:36:48
PERAMBALUR,147,ARIVAZHAGAN. D,Bahujan Samaj Party,462,6,Trailing,0,51815,S22147,https://results.eci.gov.in/ResultAcGenMay2026/ConstituencywiseS22147.htm,2026-05-04 15:36:52
PERAMBALUR,147,SUGANYA. J,Naam Tamilar Katchi,5962,4,Trailing,0,51815,S22147,https://results.eci.gov.in/ResultAcGenMay2026/ConstituencywiseS22147.htm,2026-05-04 15:36:52
PERAMBALUR,147,THAMIZHSELVAN. R,All India Anna Dravida Munnetra Kazhagam,46421,3,Trailing,0,51815,S22147,https://results.eci.gov.in/ResultAcGenMay2026/ConstituencywiseS22147.htm,2026-05-04 15:36:52
PERAMBALUR,147,DR. JAYALAKSHMI. S.T,Dravida Munnetra Kazhagam,51815,2,Runner-up,0,51815,S22147,https://results.eci.gov.in/ResultAcGenMay2026/ConstituencywiseS22147.htm,2026-05-04 15:36:52
PERAMBALUR,147,SIVAKUMAR. K,Tamilaga Vettri Kazhagam,61133,1,Leading / Top Candidate,9318,51815,S22147,https://results.eci.gov.in/ResultAcGenMay2026/ConstituencywiseS22147.htm,2026-05-04 15:36:52
PERAMBALUR,147,DHAMODHARAN. S,Tamizhaga Vaazhvurimai Katchi,242,10,Trailing,0,51815,S22147,https://results.eci.gov.in/ResultAcGenMay2026/ConstituencywiseS22147.htm,2026-05-04 15:36:52
PERAMBALUR,147,ANANDAJOTHI PARAMASIVAM,Independent,164,12,Trailing,0,51815,S22147,https://results.eci.gov.in/ResultAcGenMay2026/ConstituencywiseS22147.htm,2026-05-04 15:36:52
PERAMBALUR,147,CHANDRAKUMAR. P,Independent,252,9,Trailing,0,51815,S22147,https://results.eci.gov.in/ResultAcGenMay2026/ConstituencywiseS22147.htm,2026-05-04 15:36:52
PERAMBALUR,147,SHIYAMALA. M,Independent,290,8,Trailing,0,51815,S22147,https://results.eci.gov.in/ResultAcGenMay2026/ConstituencywiseS22147.htm,2026-05-04 15:36:52
PERAMBALUR,147,SUBRAMANIAN. R,Independent,376,7,Trailing,0,51815,S22147,https://results.eci.gov.in/ResultAcGenMay2026/ConstituencywiseS22147.htm,2026-05-04 15:36:52
PERAMBALUR,147,JAYACHANDRAN. B,Independent,204,11,Trailing,0,51815,S22147,https://results.eci.gov.in/ResultAcGenMay2026/ConstituencywiseS22147.htm,2026-05-04 15:36:52
PERAMBALUR,147,NOTA,None of the Above,758,5,Trailing,0,51815,S22147,https://results.eci.gov.in/ResultAcGenMay2026/ConstituencywiseS22147.htm,2026-05-04 15:36:52
PERAMBUR,12,R.D. SHEKAR,Dravida Munnetra Kazhagam,34787,2,Runner-up,0,34787,S2212,https://results.eci.gov.in/ResultAcGenMay2026/ConstituencywiseS2212.htm,2026-05-04 15:36:56
PERAMBUR,12,S. VETRI THAMIZHAN,Naam Tamilar Katchi,2673,4,Trailing,0,34787,S2212,https://results.eci.gov.in/ResultAcGenMay2026/ConstituencywiseS2212.htm,2026-05-04 15:36:56
PERAMBUR,12,VETRI VEL SELVAM,Bahujan Samaj Party,77,10,Trailing,0,34787,S2212,https://results.eci.gov.in/ResultAcGenMay2026/ConstituencywiseS2212.htm,2026-05-04 15:36:56
PERAMBUR,12,ASHLIN BELMEN .A.S,Tamilnadu Mahatma Gandhi Makkal Katchi,33,23,Trailing,0,34787,S2212,https://results.eci.gov.in/ResultAcGenMay2026/ConstituencywiseS2212.htm,2026-05-04 15:36:56
PERAMBUR,12,M. GEETA,Thakkam Katchi,28,24,Trailing,0,34787,S2212,https://results.eci.gov.in/ResultAcGenMay2026/ConstituencywiseS2212.htm,2026-05-04 15:36:56
PERAMBUR,12,DR.R. SARAVANA PERUMAL,Makkal Nalvaazhvuk Katchi,18,30,Trailing,0,34787,S2212,https://results.eci.gov.in/ResultAcGenMay2026/ConstituencywiseS2212.htm,2026-05-04 15:36:56
PERAMBUR,12,SIVAKUMAR.V,Tamil Telugu National Party,13,35,Trailing,0,34787,S2212,https://results.eci.gov.in/ResultAcGenMay2026/ConstituencywiseS2212.htm,2026-05-04 15:36:56
PERAMBUR,12,S. SURESHKUMAR,Makkalatchi Katchi,27,25,Trailing,0,34787,S2212,https://results.eci.gov.in/ResultAcGenMay2026/ConstituencywiseS2212.htm,2026-05-04 15:36:56
PERAMBUR,12,J. SEBASTIN,Socialist Unity Centre Of India (COMMUNIST),53,14,Trailing,0,34787,S2212,https://results.eci.gov.in/ResultAcGenMay2026/ConstituencywiseS2212.htm,2026-05-04 15:36:56
PERAMBUR,12,M. THILAGABAMA,Pattali Makkal Katchi,4894,3,Trailing,0,34787,S2212,https://results.eci.gov.in/ResultAcGenMay2026/ConstituencywiseS2212.htm,2026-05-04 15:36:56
PERAMBUR,12,K.M. DEVAN,Makkal Murasu Katchi,54,13,Trailing,0,34787,S2212,https://results.eci.gov.in/ResultAcGenMay2026/ConstituencywiseS2212.htm,2026-05-04 15:36:56
PERAMBUR,12,S. MALATHI,Veerath Thiyagi Viswanathadoss Thozhilalarkal Katchi,13,36,Trailing,0,34787,S2212,https://results.eci.gov.in/ResultAcGenMay2026/ConstituencywiseS2212.htm,2026-05-04 15:36:56
PERAMBUR,12,A. RAJARAM,Republican Party of India (Athawale),133,6,Trailing,0,34787,S2212,https://results.eci.gov.in/ResultAcGenMay2026/ConstituencywiseS2212.htm,2026-05-04 15:36:56
PERAMBUR,12,VIJAY,All India Jananayaka Makkal Kazhagam,117,8,Trailing,0,34787,S2212,https://results.eci.gov.in/ResultAcGenMay2026/ConstituencywiseS2212.htm,2026-05-04 15:36:56
PERAMBUR,12,D.V. VENUGOPAL,Tamizhaga Vaazhvurimai Katchi,52,15,Trailing,0,34787,S2212,https://results.eci.gov.in/ResultAcGenMay2026/ConstituencywiseS2212.htm,2026-05-04 15:36:56
PERAMBUR,12,C. JOSEPH VIJAY,Tamilaga Vettri Kazhagam,60510,1,Leading / Top Candidate,25723,34787,S2212,https://results.eci.gov.in/ResultAcGenMay2026/ConstituencywiseS2212.htm,2026-05-04 15:36:56
PERAMBUR,12,AGNI AALVAR,Independent,119,7,Trailing,0,34787,S2212,https://results.eci.gov.in/ResultAcGenMay2026/ConstituencywiseS2212.htm,2026-05-04 15:36:56
PERAMBUR,12,AMALA.R,Independent,12,37,Trailing,0,34787,S2212,https://results.eci.gov.in/ResultAcGenMay2026/ConstituencywiseS2212.htm,2026-05-04 15:36:56
PERAMBUR,12,AZARUTHEEN.M,Independent,36,19,Trailing,0,34787,S2212,https://results.eci.gov.in/ResultAcGenMay2026/ConstituencywiseS2212.htm,2026-05-04 15:36:56
PERAMBUR,12,P. ESAKKI MUTHU,Independent,5,45,Trailing,0,34787,S2212,https://results.eci.gov.in/ResultAcGenMay2026/ConstituencywiseS2212.htm,2026-05-04 15:36:56
PERAMBUR,12,E. UDHAYA KUMAR,Independent,11,39,Trailing,0,34787,S2212,https://results.eci.gov.in/ResultAcGenMay2026/ConstituencywiseS2212.htm,2026-05-04 15:36:56
PERAMBUR,12,M. KADHIRAVAN,Independent,23,27,Trailing,0,34787,S2212,https://results.eci.gov.in/ResultAcGenMay2026/ConstituencywiseS2212.htm,2026-05-04 15:36:56
PERAMBUR,12,P. GUNASEKAR,Independent,11,40,Trailing,0,34787,S2212,https://results.eci.gov.in/ResultAcGenMay2026/ConstituencywiseS2212.htm,2026-05-04 15:36:56
PERAMBUR,12,B. SATHISH KUMAR,Independent,6,44,Trailing,0,34787,S2212,https://results.eci.gov.in/ResultAcGenMay2026/ConstituencywiseS2212.htm,2026-05-04 15:36:56
PERAMBUR,12,SATHISH.B,Independent,5,46,Trailing,0,34787,S2212,https://results.eci.gov.in/ResultAcGenMay2026/ConstituencywiseS2212.htm,2026-05-04 15:36:56
PERAMBUR,12,P. THANGAMANI,Independent,36,20,Trailing,0,34787,S2212,https://results.eci.gov.in/ResultAcGenMay2026/ConstituencywiseS2212.htm,2026-05-04 15:36:56
PERAMBUR,12,M. TAMILSELVAM,Independent,4,48,Trailing,0,34787,S2212,https://results.eci.gov.in/ResultAcGenMay2026/ConstituencywiseS2212.htm,2026-05-04 15:36:56
PERAMBUR,12,H. DHANASEKAR,Independent,12,38,Trailing,0,34787,S2212,https://results.eci.gov.in/ResultAcGenMay2026/ConstituencywiseS2212.htm,2026-05-04 15:36:56
PERAMBUR,12,M.I. THAHIRA BANU,Independent,14,33,Trailing,0,34787,S2212,https://results.eci.gov.in/ResultAcGenMay2026/ConstituencywiseS2212.htm,2026-05-04 15:36:56
PERAMBUR,12,NIVETHA,Independent,35,22,Trailing,0,34787,S2212,https://results.eci.gov.in/ResultAcGenMay2026/ConstituencywiseS2212.htm,2026-05-04 15:36:56
PERAMBUR,12,B. BALAJI,Independent,50,17,Trailing,0,34787,S2212,https://results.eci.gov.in/ResultAcGenMay2026/ConstituencywiseS2212.htm,2026-05-04 15:36:56
PERAMBUR,12,P. PONRAJ,Independent,24,26,Trailing,0,34787,S2212,https://results.eci.gov.in/ResultAcGenMay2026/ConstituencywiseS2212.htm,2026-05-04 15:36:56
PERAMBUR,12,BOWDHARAJ,Independent,52,16,Trailing,0,34787,S2212,https://results.eci.gov.in/ResultAcGenMay2026/ConstituencywiseS2212.htm,2026-05-04 15:36:56
PERAMBUR,12,DR.D. MADAN,Independent,55,12,Trailing,0,34787,S2212,https://results.eci.gov.in/ResultAcGenMay2026/ConstituencywiseS2212.htm,2026-05-04 15:36:56
PERAMBUR,12,DR.G. MOORTHY,Independent,20,28,Trailing,0,34787,S2212,https://results.eci.gov.in/ResultAcGenMay2026/ConstituencywiseS2212.htm,2026-05-04 15:36:56
PERAMBUR,12,S. MICHAEL,Independent,11,41,Trailing,0,34787,S2212,https://results.eci.gov.in/ResultAcGenMay2026/ConstituencywiseS2212.htm,2026-05-04 15:36:56
PERAMBUR,12,S. RAMESH,Independent,5,47,Trailing,0,34787,S2212,https://results.eci.gov.in/ResultAcGenMay2026/ConstituencywiseS2212.htm,2026-05-04 15:36:56
PERAMBUR,12,V. RAJI,Independent,71,11,Trailing,0,34787,S2212,https://results.eci.gov.in/ResultAcGenMay2026/ConstituencywiseS2212.htm,2026-05-04 15:36:56
PERAMBUR,12,S. RAJESH KUMAR,Independent,9,42,Trailing,0,34787,S2212,https://results.eci.gov.in/ResultAcGenMay2026/ConstituencywiseS2212.htm,2026-05-04 15:36:56
PERAMBUR,12,REEGAN PRABHU,Independent,16,32,Trailing,0,34787,S2212,https://results.eci.gov.in/ResultAcGenMay2026/ConstituencywiseS2212.htm,2026-05-04 15:36:56
PERAMBUR,12,G. RUTHRA KUMAR,Independent,98,9,Trailing,0,34787,S2212,https://results.eci.gov.in/ResultAcGenMay2026/ConstituencywiseS2212.htm,2026-05-04 15:36:56
PERAMBUR,12,VIJAY. G,Independent,46,18,Trailing,0,34787,S2212,https://results.eci.gov.in/ResultAcGenMay2026/ConstituencywiseS2212.htm,2026-05-04 15:36:56
PERAMBUR,12,S. VISHNU VARTHAN,Independent,8,43,Trailing,0,34787,S2212,https://results.eci.gov.in/ResultAcGenMay2026/ConstituencywiseS2212.htm,2026-05-04 15:36:56
PERAMBUR,12,B. VENKATESAN,Independent,14,34,Trailing,0,34787,S2212,https://results.eci.gov.in/ResultAcGenMay2026/ConstituencywiseS2212.htm,2026-05-04 15:36:56
PERAMBUR,12,R. JAYASEELAN,Independent,18,31,Trailing,0,34787,S2212,https://results.eci.gov.in/ResultAcGenMay2026/ConstituencywiseS2212.htm,2026-05-04 15:36:56
PERAMBUR,12,S. JOSEPH,Independent,36,21,Trailing,0,34787,S2212,https://results.eci.gov.in/ResultAcGenMay2026/ConstituencywiseS2212.htm,2026-05-04 15:36:56
PERAMBUR,12,M. JOSEPH,Independent,20,29,Trailing,0,34787,S2212,https://results.eci.gov.in/ResultAcGenMay2026/ConstituencywiseS2212.htm,2026-05-04 15:36:56
PERAMBUR,12,NOTA,None of the Above,350,5,Trailing,0,34787,S2212,https://results.eci.gov.in/ResultAcGenMay2026/ConstituencywiseS2212.htm,2026-05-04 15:36:56
PERAVURANI,177,ASHOKKUMAR. N,Dravida Munnetra Kazhagam,16769,2,Runner-up,0,16769,S22177,https://results.eci.gov.in/ResultAcGenMay2026/ConstituencywiseS22177.htm,2026-05-04 15:37:01
PERAVURANI,177,GOVI.ELANGO,All India Anna Dravida Munnetra Kazhagam,17315,1,Leading / Top Candidate,546,16769,S22177,https://results.eci.gov.in/ResultAcGenMay2026/ConstituencywiseS22177.htm,2026-05-04 15:37:01
PERAVURANI,177,BHUVANA MANIYARASAN,Naam Tamilar Katchi,2611,4,Trailing,0,16769,S22177,https://results.eci.gov.in/ResultAcGenMay2026/ConstituencywiseS22177.htm,2026-05-04 15:37:01
PERAVURANI,177,NEIVELI SASIKUMAR,Tamizhaga Vaazhvurimai Katchi,161,7,Trailing,0,16769,S22177,https://results.eci.gov.in/ResultAcGenMay2026/ConstituencywiseS22177.htm,2026-05-04 15:37:01
PERAVURANI,177,D.CHANDRAKANDEEBAN,Tamilaga Vettri Kazhagam,13781,3,Trailing,0,16769,S22177,https://results.eci.gov.in/ResultAcGenMay2026/ConstituencywiseS22177.htm,2026-05-04 15:37:01
PERAVURANI,177,G.CHITHIRAVELU,Puthiya Tamilagam,83,11,Trailing,0,16769,S22177,https://results.eci.gov.in/ResultAcGenMay2026/ConstituencywiseS22177.htm,2026-05-04 15:37:01
PERAVURANI,177,R.RAVI,All India Puratchi Thalaivar Makkal Munnettra Kazhagam,368,5,Trailing,0,16769,S22177,https://results.eci.gov.in/ResultAcGenMay2026/ConstituencywiseS22177.htm,2026-05-04 15:37:01
PERAVURANI,177,T.ARULMURUGAN,Independent,109,9,Trailing,0,16769,S22177,https://results.eci.gov.in/ResultAcGenMay2026/ConstituencywiseS22177.htm,2026-05-04 15:37:01
PERAVURANI,177,U.UTHAYAKUMAR,Independent,104,10,Trailing,0,16769,S22177,https://results.eci.gov.in/ResultAcGenMay2026/ConstituencywiseS22177.htm,2026-05-04 15:37:01
PERAVURANI,177,PASUMAIBHOOMI NATARAJAN,Independent,143,8,Trailing,0,16769,S22177,https://results.eci.gov.in/ResultAcGenMay2026/ConstituencywiseS22177.htm,2026-05-04 15:37:01
PERAVURANI,177,NOTA,None of the Above,205,6,Trailing,0,16769,S22177,https://results.eci.gov.in/ResultAcGenMay2026/ConstituencywiseS22177.htm,2026-05-04 15:37:01
PERIYAKULAM,199,SAKTHIVEL P.,Viduthalai Chiruthaigal Katchi,39969,2,Runner-up,0,39969,S22199,https://results.eci.gov.in/ResultAcGenMay2026/ConstituencywiseS22199.htm,2026-05-04 15:37:05
PERIYAKULAM,199,VIMALA R.,Naam Tamilar Katchi,4394,4,Trailing,0,39969,S22199,https://results.eci.gov.in/ResultAcGenMay2026/ConstituencywiseS22199.htm,2026-05-04 15:37:05
PERIYAKULAM,199,DR KATHIRKAMU K.,Amma Makkal Munnettra Kazagam,24191,3,Trailing,0,39969,S22199,https://results.eci.gov.in/ResultAcGenMay2026/ConstituencywiseS22199.htm,2026-05-04 15:37:05
PERIYAKULAM,199,SABARI IYNGARAN G.,Tamilaga Vettri Kazhagam,45248,1,Leading / Top Candidate,5279,39969,S22199,https://results.eci.gov.in/ResultAcGenMay2026/ConstituencywiseS22199.htm,2026-05-04 15:37:05
PERIYAKULAM,199,MARISAMY V.,Puthiya Tamilagam,526,6,Trailing,0,39969,S22199,https://results.eci.gov.in/ResultAcGenMay2026/ConstituencywiseS22199.htm,2026-05-04 15:37:05
PERIYAKULAM,199,RANJEETH KUMAR J.,Socialist Unity Centre Of India (COMMUNIST),92,12,Trailing,0,39969,S22199,https://results.eci.gov.in/ResultAcGenMay2026/ConstituencywiseS22199.htm,2026-05-04 15:37:05
PERIYAKULAM,199,ABITHA M.,Independent,234,8,Trailing,0,39969,S22199,https://results.eci.gov.in/ResultAcGenMay2026/ConstituencywiseS22199.htm,2026-05-04 15:37:05
PERIYAKULAM,199,KUMAR S.,Independent,78,14,Trailing,0,39969,S22199,https://results.eci.gov.in/ResultAcGenMay2026/ConstituencywiseS22199.htm,2026-05-04 15:37:05
PERIYAKULAM,199,SANMUGAVEL K.,Independent,88,13,Trailing,0,39969,S22199,https://results.eci.gov.in/ResultAcGenMay2026/ConstituencywiseS22199.htm,2026-05-04 15:37:05
PERIYAKULAM,199,SELVARAJ R.,Independent,161,10,Trailing,0,39969,S22199,https://results.eci.gov.in/ResultAcGenMay2026/ConstituencywiseS22199.htm,2026-05-04 15:37:05
PERIYAKULAM,199,PALANICHAMY T.,Independent,368,7,Trailing,0,39969,S22199,https://results.eci.gov.in/ResultAcGenMay2026/ConstituencywiseS22199.htm,2026-05-04 15:37:05
PERIYAKULAM,199,DR. MOHANRAJ A.C. (P.T),Independent,198,9,Trailing,0,39969,S22199,https://results.eci.gov.in/ResultAcGenMay2026/ConstituencywiseS22199.htm,2026-05-04 15:37:05
PERIYAKULAM,199,VAIRAMUTHU D.,Independent,161,11,Trailing,0,39969,S22199,https://results.eci.gov.in/ResultAcGenMay2026/ConstituencywiseS22199.htm,2026-05-04 15:37:05
PERIYAKULAM,199,NOTA,None of the Above,784,5,Trailing,0,39969,S22199,https://results.eci.gov.in/ResultAcGenMay2026/ConstituencywiseS22199.htm,2026-05-04 15:37:05
PERUNDURAI,103,ESWARAN. P,Bahujan Samaj Party,443,7,Trailing,0,42987,S22103,https://results.eci.gov.in/ResultAcGenMay2026/ConstituencywiseS22103.htm,2026-05-04 15:37:09
PERUNDURAI,103,INGUR. C. LOGANATHAN,Naam Tamilar Katchi,4628,4,Trailing,0,42987,S22103,https://results.eci.gov.in/ResultAcGenMay2026/ConstituencywiseS22103.htm,2026-05-04 15:37:09
PERUNDURAI,103,THOPPU VENKATACHALAM (ALIAS) N.D. VENKATACHALAM,Dravida Munnetra Kazhagam,42987,2,Runner-up,0,42987,S22103,https://results.eci.gov.in/ResultAcGenMay2026/ConstituencywiseS22103.htm,2026-05-04 15:37:09
PERUNDURAI,103,JAYAKUMAR. S,All India Anna Dravida Munnetra Kazhagam,48223,1,Leading / Top Candidate,5236,42987,S22103,https://results.eci.gov.in/ResultAcGenMay2026/ConstituencywiseS22103.htm,2026-05-04 15:37:09
PERUNDURAI,103,ARUNACHALAM. V. P,Tamilaga Vettri Kazhagam,42209,3,Trailing,0,42987,S22103,https://results.eci.gov.in/ResultAcGenMay2026/ConstituencywiseS22103.htm,2026-05-04 15:37:09
PERUNDURAI,103,SHANTHOSH KRISHNAN. S,Tamizhaga Vaazhvurimai Katchi,186,11,Trailing,0,42987,S22103,https://results.eci.gov.in/ResultAcGenMay2026/ConstituencywiseS22103.htm,2026-05-04 15:37:09
PERUNDURAI,103,VALARMATHI. P,Samaniya Makkal Nala Katchi,54,14,Trailing,0,42987,S22103,https://results.eci.gov.in/ResultAcGenMay2026/ConstituencywiseS22103.htm,2026-05-04 15:37:09
PERUNDURAI,103,SANTHOSH. S,Independent,209,10,Trailing,0,42987,S22103,https://results.eci.gov.in/ResultAcGenMay2026/ConstituencywiseS22103.htm,2026-05-04 15:37:09
PERUNDURAI,103,SELVARAJU. M,Independent,118,13,Trailing,0,42987,S22103,https://results.eci.gov.in/ResultAcGenMay2026/ConstituencywiseS22103.htm,2026-05-04 15:37:09
PERUNDURAI,103,PALANISAMY. M,Independent,137,12,Trailing,0,42987,S22103,https://results.eci.gov.in/ResultAcGenMay2026/ConstituencywiseS22103.htm,2026-05-04 15:37:09
PERUNDURAI,103,VENKATACHALAM. C,Independent,654,5,Trailing,0,42987,S22103,https://results.eci.gov.in/ResultAcGenMay2026/ConstituencywiseS22103.htm,2026-05-04 15:37:09
PERUNDURAI,103,GEORGE STEPHEN. A,Independent,247,8,Trailing,0,42987,S22103,https://results.eci.gov.in/ResultAcGenMay2026/ConstituencywiseS22103.htm,2026-05-04 15:37:09
PERUNDURAI,103,JAYAPRAKASH. K,Independent,229,9,Trailing,0,42987,S22103,https://results.eci.gov.in/ResultAcGenMay2026/ConstituencywiseS22103.htm,2026-05-04 15:37:09
PERUNDURAI,103,NOTA,None of the Above,615,6,Trailing,0,42987,S22103,https://results.eci.gov.in/ResultAcGenMay2026/ConstituencywiseS22103.htm,2026-05-04 15:37:09
POLLACHI,123,C.M. ARUCHAMY,Bahujan Samaj Party,286,8,Trailing,0,50553,S22123,https://results.eci.gov.in/ResultAcGenMay2026/ConstituencywiseS22123.htm,2026-05-04 15:37:14
POLLACHI,123,N. SENTHIL KUMAR,Naam Tamilar Katchi,4198,4,Trailing,0,50553,S22123,https://results.eci.gov.in/ResultAcGenMay2026/ConstituencywiseS22123.htm,2026-05-04 15:37:14
POLLACHI,123,K. NITHYANANDHAN,Dravida Munnetra Kazhagam,52912,1,Leading / Top Candidate,2359,50553,S22123,https://results.eci.gov.in/ResultAcGenMay2026/ConstituencywiseS22123.htm,2026-05-04 15:37:14
POLLACHI,123,POLLACHI V. JAYARAMAN,All India Anna Dravida Munnetra Kazhagam,50553,2,Runner-up,0,50553,S22123,https://results.eci.gov.in/ResultAcGenMay2026/ConstituencywiseS22123.htm,2026-05-04 15:37:14
POLLACHI,123,G. RAMANATHAN,Tamilaga Vettri Kazhagam,44323,3,Trailing,0,50553,S22123,https://results.eci.gov.in/ResultAcGenMay2026/ConstituencywiseS22123.htm,2026-05-04 15:37:14
POLLACHI,123,V. KARTHIKEYAN,Independent,166,11,Trailing,0,50553,S22123,https://results.eci.gov.in/ResultAcGenMay2026/ConstituencywiseS22123.htm,2026-05-04 15:37:14
POLLACHI,123,P. NAGARAJ,Independent,74,14,Trailing,0,50553,S22123,https://results.eci.gov.in/ResultAcGenMay2026/ConstituencywiseS22123.htm,2026-05-04 15:37:14
POLLACHI,123,T. NITHYANANTHAM,Independent,104,12,Trailing,0,50553,S22123,https://results.eci.gov.in/ResultAcGenMay2026/ConstituencywiseS22123.htm,2026-05-04 15:37:14
POLLACHI,123,K. NITHYANANDAN,Independent,103,13,Trailing,0,50553,S22123,https://results.eci.gov.in/ResultAcGenMay2026/ConstituencywiseS22123.htm,2026-05-04 15:37:14
POLLACHI,123,M. JAYAPRATHAP,Independent,206,10,Trailing,0,50553,S22123,https://results.eci.gov.in/ResultAcGenMay2026/ConstituencywiseS22123.htm,2026-05-04 15:37:14
POLLACHI,123,S. JEYARAM,Independent,309,7,Trailing,0,50553,S22123,https://results.eci.gov.in/ResultAcGenMay2026/ConstituencywiseS22123.htm,2026-05-04 15:37:14
POLLACHI,123,M. JAYARAM,Independent,543,6,Trailing,0,50553,S22123,https://results.eci.gov.in/ResultAcGenMay2026/ConstituencywiseS22123.htm,2026-05-04 15:37:14
POLLACHI,123,M. JAYARAMAN,Independent,250,9,Trailing,0,50553,S22123,https://results.eci.gov.in/ResultAcGenMay2026/ConstituencywiseS22123.htm,2026-05-04 15:37:14
POLLACHI,123,NOTA,None of the Above,726,5,Trailing,0,50553,S22123,https://results.eci.gov.in/ResultAcGenMay2026/ConstituencywiseS22123.htm,2026-05-04 15:37:14
POLUR,66,UMADEVI. A,Naam Tamilar Katchi,2619,4,Trailing,0,24804,S2266,https://results.eci.gov.in/ResultAcGenMay2026/ConstituencywiseS2266.htm,2026-05-04 15:37:18
POLUR,66,SARAVANAN. P,Desiya Murpokku Dravida Kazhagam,24804,2,Runner-up,0,24804,S2266,https://results.eci.gov.in/ResultAcGenMay2026/ConstituencywiseS2266.htm,2026-05-04 15:37:18
POLUR,66,ABISHEK. R,Tamilaga Vettri Kazhagam,26235,1,Leading / Top Candidate,1431,24804,S2266,https://results.eci.gov.in/ResultAcGenMay2026/ConstituencywiseS2266.htm,2026-05-04 15:37:18
POLUR,66,SHANMUGAVELU. A,Veerath Thiyagi Viswanathadoss Thozhilalarkal Katchi,395,7,Trailing,0,24804,S2266,https://results.eci.gov.in/ResultAcGenMay2026/ConstituencywiseS2266.htm,2026-05-04 15:37:18
POLUR,66,SYED MUKRAM. R. N,Tamizhaga Vaazhvurimai Katchi,95,14,Trailing,0,24804,S2266,https://results.eci.gov.in/ResultAcGenMay2026/ConstituencywiseS2266.htm,2026-05-04 15:37:18
POLUR,66,DHAVAMANI. P,Anti Corruption Dynamic Party,464,6,Trailing,0,24804,S2266,https://results.eci.gov.in/ResultAcGenMay2026/ConstituencywiseS2266.htm,2026-05-04 15:37:18
POLUR,66,BANUPRIYA. D,Republican Party of India (Athawale),319,9,Trailing,0,24804,S2266,https://results.eci.gov.in/ResultAcGenMay2026/ConstituencywiseS2266.htm,2026-05-04 15:37:18
POLUR,66,BASKARAN. C. R,Pattali Makkal Katchi,22224,3,Trailing,0,24804,S2266,https://results.eci.gov.in/ResultAcGenMay2026/ConstituencywiseS2266.htm,2026-05-04 15:37:18
POLUR,66,MANIKANDAN. R,Aanaithinthiya Jananayaka Pathukappu Kazhagam,119,13,Trailing,0,24804,S2266,https://results.eci.gov.in/ResultAcGenMay2026/ConstituencywiseS2266.htm,2026-05-04 15:37:18
POLUR,66,EZHIL ARASU. M M.A. L.L.M.,Independent,64,15,Trailing,0,24804,S2266,https://results.eci.gov.in/ResultAcGenMay2026/ConstituencywiseS2266.htm,2026-05-04 15:37:18
POLUR,66,SARAVANAN. P,Independent,122,12,Trailing,0,24804,S2266,https://results.eci.gov.in/ResultAcGenMay2026/ConstituencywiseS2266.htm,2026-05-04 15:37:18
POLUR,66,SARAVANAN. M,Independent,47,16,Trailing,0,24804,S2266,https://results.eci.gov.in/ResultAcGenMay2026/ConstituencywiseS2266.htm,2026-05-04 15:37:18
POLUR,66,SUBHA. A,Independent,171,11,Trailing,0,24804,S2266,https://results.eci.gov.in/ResultAcGenMay2026/ConstituencywiseS2266.htm,2026-05-04 15:37:18
POLUR,66,BASKARAN. C,Independent,343,8,Trailing,0,24804,S2266,https://results.eci.gov.in/ResultAcGenMay2026/ConstituencywiseS2266.htm,2026-05-04 15:37:18
POLUR,66,PURUSOTHAMAN. M,Independent,646,5,Trailing,0,24804,S2266,https://results.eci.gov.in/ResultAcGenMay2026/ConstituencywiseS2266.htm,2026-05-04 15:37:18
POLUR,66,NOTA,None of the Above,306,10,Trailing,0,24804,S2266,https://results.eci.gov.in/ResultAcGenMay2026/ConstituencywiseS2266.htm,2026-05-04 15:37:18
PONNERI,2,DURAI CHANDRASEKAR,Indian National Congress,37749,2,Runner-up,0,37749,S222,https://results.eci.gov.in/ResultAcGenMay2026/ConstituencywiseS222.htm,2026-05-04 15:37:22
PONNERI,2,SANTHOSHKUMAR.J,Bahujan Samaj Party,415,6,Trailing,0,37749,S222,https://results.eci.gov.in/ResultAcGenMay2026/ConstituencywiseS222.htm,2026-05-04 15:37:22
PONNERI,2,BALARAMAN.P,All India Anna Dravida Munnetra Kazhagam,35616,3,Trailing,0,37749,S222,https://results.eci.gov.in/ResultAcGenMay2026/ConstituencywiseS222.htm,2026-05-04 15:37:22
PONNERI,2,RAJATHI.M,Naam Tamilar Katchi,4663,4,Trailing,0,37749,S222,https://results.eci.gov.in/ResultAcGenMay2026/ConstituencywiseS222.htm,2026-05-04 15:37:22
PONNERI,2,ASHOK PRIYADARSHAN,Desiya Makkal Sakthi Katchi,287,7,Trailing,0,37749,S222,https://results.eci.gov.in/ResultAcGenMay2026/ConstituencywiseS222.htm,2026-05-04 15:37:22
PONNERI,2,RAJA.S,Vanchit Bahujan Aaghadi,160,11,Trailing,0,37749,S222,https://results.eci.gov.in/ResultAcGenMay2026/ConstituencywiseS222.htm,2026-05-04 15:37:22
PONNERI,2,KOTTEESWARAN. K,Tamizhaga Vaazhvurimai Katchi,119,13,Trailing,0,37749,S222,https://results.eci.gov.in/ResultAcGenMay2026/ConstituencywiseS222.htm,2026-05-04 15:37:22
PONNERI,2,MALATHI.S,Tamizhaga Murpokku Makkal Katchi,257,8,Trailing,0,37749,S222,https://results.eci.gov.in/ResultAcGenMay2026/ConstituencywiseS222.htm,2026-05-04 15:37:22
PONNERI,2,DR.RAVI.M.S,Tamilaga Vettri Kazhagam,74002,1,Leading / Top Candidate,36253,37749,S222,https://results.eci.gov.in/ResultAcGenMay2026/ConstituencywiseS222.htm,2026-05-04 15:37:22
PONNERI,2,NAGAIYAN.G,Independent,163,10,Trailing,0,37749,S222,https://results.eci.gov.in/ResultAcGenMay2026/ConstituencywiseS222.htm,2026-05-04 15:37:22
PONNERI,2,BARATHIRAJA.K,Independent,108,14,Trailing,0,37749,S222,https://results.eci.gov.in/ResultAcGenMay2026/ConstituencywiseS222.htm,2026-05-04 15:37:22
PONNERI,2,RAJASEKAR.J,Independent,193,9,Trailing,0,37749,S222,https://results.eci.gov.in/ResultAcGenMay2026/ConstituencywiseS222.htm,2026-05-04 15:37:22
PONNERI,2,VENKATESAN.S,Independent,139,12,Trailing,0,37749,S222,https://results.eci.gov.in/ResultAcGenMay2026/ConstituencywiseS222.htm,2026-05-04 15:37:22
PONNERI,2,NOTA,None of the Above,586,5,Trailing,0,37749,S222,https://results.eci.gov.in/ResultAcGenMay2026/ConstituencywiseS222.htm,2026-05-04 15:37:22
POOMPUHAR,162,ILAYANAGULAN. K,Naam Tamilar Katchi,3820,4,Trailing,0,41963,S22162,https://results.eci.gov.in/ResultAcGenMay2026/ConstituencywiseS22162.htm,2026-05-04 15:37:27
POOMPUHAR,162,NIVEDHA M MURUGAN,Dravida Munnetra Kazhagam,45974,1,Leading / Top Candidate,4011,41963,S22162,https://results.eci.gov.in/ResultAcGenMay2026/ConstituencywiseS22162.htm,2026-05-04 15:37:27
POOMPUHAR,162,PAVUNRAJ. S,All India Anna Dravida Munnetra Kazhagam,41963,2,Runner-up,0,41963,S22162,https://results.eci.gov.in/ResultAcGenMay2026/ConstituencywiseS22162.htm,2026-05-04 15:37:27
POOMPUHAR,162,PRABAKARAN. V,Bahujan Samaj Party,224,8,Trailing,0,41963,S22162,https://results.eci.gov.in/ResultAcGenMay2026/ConstituencywiseS22162.htm,2026-05-04 15:37:27
POOMPUHAR,162,PURATCHIDASAN. T,Anaithinthiya Anna Dravida Makkal Seyal katchi,156,10,Trailing,0,41963,S22162,https://results.eci.gov.in/ResultAcGenMay2026/ConstituencywiseS22162.htm,2026-05-04 15:37:27
POOMPUHAR,162,VIJAYALAIYAN. J,Tamilaga Vettri Kazhagam,32786,3,Trailing,0,41963,S22162,https://results.eci.gov.in/ResultAcGenMay2026/ConstituencywiseS22162.htm,2026-05-04 15:37:27
POOMPUHAR,162,ANANDARAJ. D,Independent,64,12,Trailing,0,41963,S22162,https://results.eci.gov.in/ResultAcGenMay2026/ConstituencywiseS22162.htm,2026-05-04 15:37:27
POOMPUHAR,162,INBARAJ. T,Independent,117,11,Trailing,0,41963,S22162,https://results.eci.gov.in/ResultAcGenMay2026/ConstituencywiseS22162.htm,2026-05-04 15:37:27
POOMPUHAR,162,NOOR NISHA. M,Independent,62,13,Trailing,0,41963,S22162,https://results.eci.gov.in/ResultAcGenMay2026/ConstituencywiseS22162.htm,2026-05-04 15:37:27
POOMPUHAR,162,MAYA VENKATESAN. M,Independent,564,5,Trailing,0,41963,S22162,https://results.eci.gov.in/ResultAcGenMay2026/ConstituencywiseS22162.htm,2026-05-04 15:37:27
POOMPUHAR,162,MURUGAN. S,Independent,41,14,Trailing,0,41963,S22162,https://results.eci.gov.in/ResultAcGenMay2026/ConstituencywiseS22162.htm,2026-05-04 15:37:27
POOMPUHAR,162,MUJIBUR RAHMAN. E.M.M,Independent,174,9,Trailing,0,41963,S22162,https://results.eci.gov.in/ResultAcGenMay2026/ConstituencywiseS22162.htm,2026-05-04 15:37:27
POOMPUHAR,162,SHANGAMITHTHIRAN. A,Independent,229,7,Trailing,0,41963,S22162,https://results.eci.gov.in/ResultAcGenMay2026/ConstituencywiseS22162.htm,2026-05-04 15:37:27
POOMPUHAR,162,NOTA,None of the Above,344,6,Trailing,0,41963,S22162,https://results.eci.gov.in/ResultAcGenMay2026/ConstituencywiseS22162.htm,2026-05-04 15:37:27
POONAMALLEE,5,KRISHNASWAMY.A,Dravida Munnetra Kazhagam,59623,2,Runner-up,0,59623,S225,https://results.eci.gov.in/ResultAcGenMay2026/ConstituencywiseS225.htm,2026-05-04 15:37:31
POONAMALLEE,5,MEKALA.J,Naam Tamilar Katchi,7894,4,Trailing,0,59623,S225,https://results.eci.gov.in/ResultAcGenMay2026/ConstituencywiseS225.htm,2026-05-04 15:37:31
POONAMALLEE,5,RAJASEKARAN.K,Bahujan Samaj Party,696,6,Trailing,0,59623,S225,https://results.eci.gov.in/ResultAcGenMay2026/ConstituencywiseS225.htm,2026-05-04 15:37:31
POONAMALLEE,5,ELUMALAI.T.A,Amma Makkal Munnettra Kazagam,29978,3,Trailing,0,59623,S225,https://results.eci.gov.in/ResultAcGenMay2026/ConstituencywiseS225.htm,2026-05-04 15:37:31
POONAMALLEE,5,PRAKASAM.R,Tamilaga Vettri Kazhagam,115294,1,Leading / Top Candidate,55671,59623,S225,https://results.eci.gov.in/ResultAcGenMay2026/ConstituencywiseS225.htm,2026-05-04 15:37:31
POONAMALLEE,5,SIVAKUMAR.S,Independent,220,8,Trailing,0,59623,S225,https://results.eci.gov.in/ResultAcGenMay2026/ConstituencywiseS225.htm,2026-05-04 15:37:31
POONAMALLEE,5,DHASARATHAN.R,Independent,106,12,Trailing,0,59623,S225,https://results.eci.gov.in/ResultAcGenMay2026/ConstituencywiseS225.htm,2026-05-04 15:37:31
POONAMALLEE,5,PURUSHOTHAMAN.B,Independent,199,9,Trailing,0,59623,S225,https://results.eci.gov.in/ResultAcGenMay2026/ConstituencywiseS225.htm,2026-05-04 15:37:31
POONAMALLEE,5,RAVIKUMAR.M,Independent,264,7,Trailing,0,59623,S225,https://results.eci.gov.in/ResultAcGenMay2026/ConstituencywiseS225.htm,2026-05-04 15:37:31
POONAMALLEE,5,VELU.S,Independent,198,10,Trailing,0,59623,S225,https://results.eci.gov.in/ResultAcGenMay2026/ConstituencywiseS225.htm,2026-05-04 15:37:31
POONAMALLEE,5,DR.JAYANTHI.R,Independent,194,11,Trailing,0,59623,S225,https://results.eci.gov.in/ResultAcGenMay2026/ConstituencywiseS225.htm,2026-05-04 15:37:31
POONAMALLEE,5,NOTA,None of the Above,1061,5,Trailing,0,59623,S225,https://results.eci.gov.in/ResultAcGenMay2026/ConstituencywiseS225.htm,2026-05-04 15:37:31
PUDUKKOTTAI,180,EZHILARASI VIJAYENDRAN,Naam Tamilar Katchi,5980,4,Trailing,0,39465,S22180,https://results.eci.gov.in/ResultAcGenMay2026/ConstituencywiseS22180.htm,2026-05-04 15:37:35
PUDUKKOTTAI,180,V. MUTHURAJA,Dravida Munnetra Kazhagam,41136,1,Leading / Top Candidate,1671,39465,S22180,https://results.eci.gov.in/ResultAcGenMay2026/ConstituencywiseS22180.htm,2026-05-04 15:37:35
PUDUKKOTTAI,180,N. RAMACHANDRAN,Bharatiya Janata Party,16108,3,Trailing,0,39465,S22180,https://results.eci.gov.in/ResultAcGenMay2026/ConstituencywiseS22180.htm,2026-05-04 15:37:35
PUDUKKOTTAI,180,E. RAMALINGAM,Party for the Rights of Other backward Classes,196,8,Trailing,0,39465,S22180,https://results.eci.gov.in/ResultAcGenMay2026/ConstituencywiseS22180.htm,2026-05-04 15:37:35
PUDUKKOTTAI,180,K.M. SHARIFF,Tamilaga Vettri Kazhagam,39465,2,Runner-up,0,39465,S22180,https://results.eci.gov.in/ResultAcGenMay2026/ConstituencywiseS22180.htm,2026-05-04 15:37:35
PUDUKKOTTAI,180,S. NIYAZ AHAMED,Tamizhaga Vaazhvurimai Katchi,270,6,Trailing,0,39465,S22180,https://results.eci.gov.in/ResultAcGenMay2026/ConstituencywiseS22180.htm,2026-05-04 15:37:35
PUDUKKOTTAI,180,G. MANIMEGALAI,Communist Party of India (Marxist-Leninist) (Liberation),49,19,Trailing,0,39465,S22180,https://results.eci.gov.in/ResultAcGenMay2026/ConstituencywiseS22180.htm,2026-05-04 15:37:35
PUDUKKOTTAI,180,A. RAJASEKAR,Veerath Thiyagi Viswanathadoss Thozhilalarkal Katchi,35,25,Trailing,0,39465,S22180,https://results.eci.gov.in/ResultAcGenMay2026/ConstituencywiseS22180.htm,2026-05-04 15:37:35
PUDUKKOTTAI,180,K. RENGAN,Puthiya Tamilagam,71,15,Trailing,0,39465,S22180,https://results.eci.gov.in/ResultAcGenMay2026/ConstituencywiseS22180.htm,2026-05-04 15:37:35
PUDUKKOTTAI,180,G. ARIVAZHAGAN,Independent,28,28,Trailing,0,39465,S22180,https://results.eci.gov.in/ResultAcGenMay2026/ConstituencywiseS22180.htm,2026-05-04 15:37:35
PUDUKKOTTAI,180,KANGATHARAN .P,Independent,58,17,Trailing,0,39465,S22180,https://results.eci.gov.in/ResultAcGenMay2026/ConstituencywiseS22180.htm,2026-05-04 15:37:35
PUDUKKOTTAI,180,C. KARUPPAIAH,Independent,40,22,Trailing,0,39465,S22180,https://results.eci.gov.in/ResultAcGenMay2026/ConstituencywiseS22180.htm,2026-05-04 15:37:35
PUDUKKOTTAI,180,K. KAILASAKUMAR,Independent,163,9,Trailing,0,39465,S22180,https://results.eci.gov.in/ResultAcGenMay2026/ConstituencywiseS22180.htm,2026-05-04 15:37:35
PUDUKKOTTAI,180,C. GOVINDASAMY,Independent,106,12,Trailing,0,39465,S22180,https://results.eci.gov.in/ResultAcGenMay2026/ConstituencywiseS22180.htm,2026-05-04 15:37:35
PUDUKKOTTAI,180,R. SIVAKUMAR,Independent,92,14,Trailing,0,39465,S22180,https://results.eci.gov.in/ResultAcGenMay2026/ConstituencywiseS22180.htm,2026-05-04 15:37:35
PUDUKKOTTAI,180,A. SUBARESH RAJA,Independent,124,11,Trailing,0,39465,S22180,https://results.eci.gov.in/ResultAcGenMay2026/ConstituencywiseS22180.htm,2026-05-04 15:37:35
PUDUKKOTTAI,180,SENTHILNATHAN .B,Independent,197,7,Trailing,0,39465,S22180,https://results.eci.gov.in/ResultAcGenMay2026/ConstituencywiseS22180.htm,2026-05-04 15:37:35
PUDUKKOTTAI,180,S. SELVARAJ,Independent,101,13,Trailing,0,39465,S22180,https://results.eci.gov.in/ResultAcGenMay2026/ConstituencywiseS22180.htm,2026-05-04 15:37:35
PUDUKKOTTAI,180,K. DHANAGOPAL,Independent,41,21,Trailing,0,39465,S22180,https://results.eci.gov.in/ResultAcGenMay2026/ConstituencywiseS22180.htm,2026-05-04 15:37:35
PUDUKKOTTAI,180,G. DURAISARAVANAN,Independent,143,10,Trailing,0,39465,S22180,https://results.eci.gov.in/ResultAcGenMay2026/ConstituencywiseS22180.htm,2026-05-04 15:37:35
PUDUKKOTTAI,180,M. A. MUTHUKUMAR,Independent,39,23,Trailing,0,39465,S22180,https://results.eci.gov.in/ResultAcGenMay2026/ConstituencywiseS22180.htm,2026-05-04 15:37:35
PUDUKKOTTAI,180,G. MUTHURAJ,Independent,25,29,Trailing,0,39465,S22180,https://results.eci.gov.in/ResultAcGenMay2026/ConstituencywiseS22180.htm,2026-05-04 15:37:35
PUDUKKOTTAI,180,K. MURUGESAN,Independent,33,26,Trailing,0,39465,S22180,https://results.eci.gov.in/ResultAcGenMay2026/ConstituencywiseS22180.htm,2026-05-04 15:37:35
PUDUKKOTTAI,180,D. RAMESH,Independent,67,16,Trailing,0,39465,S22180,https://results.eci.gov.in/ResultAcGenMay2026/ConstituencywiseS22180.htm,2026-05-04 15:37:35
PUDUKKOTTAI,180,A. RADHAKRISHNAN,Independent,16,30,Trailing,0,39465,S22180,https://results.eci.gov.in/ResultAcGenMay2026/ConstituencywiseS22180.htm,2026-05-04 15:37:35
PUDUKKOTTAI,180,RAMACHANDRAN .C,Independent,31,27,Trailing,0,39465,S22180,https://results.eci.gov.in/ResultAcGenMay2026/ConstituencywiseS22180.htm,2026-05-04 15:37:35
PUDUKKOTTAI,180,C. RAMACHANDRAN,Independent,39,24,Trailing,0,39465,S22180,https://results.eci.gov.in/ResultAcGenMay2026/ConstituencywiseS22180.htm,2026-05-04 15:37:35
PUDUKKOTTAI,180,R. RAMACHANDRAN,Independent,50,18,Trailing,0,39465,S22180,https://results.eci.gov.in/ResultAcGenMay2026/ConstituencywiseS22180.htm,2026-05-04 15:37:35
PUDUKKOTTAI,180,V.R. JAYAKUMAR,Independent,48,20,Trailing,0,39465,S22180,https://results.eci.gov.in/ResultAcGenMay2026/ConstituencywiseS22180.htm,2026-05-04 15:37:35
PUDUKKOTTAI,180,NOTA,None of the Above,306,5,Trailing,0,39465,S22180,https://results.eci.gov.in/ResultAcGenMay2026/ConstituencywiseS22180.htm,2026-05-04 15:37:35
RADHAPURAM,228,APPAVU.M,Dravida Munnetra Kazhagam,56711,2,Runner-up,0,56711,S22228,https://results.eci.gov.in/ResultAcGenMay2026/ConstituencywiseS22228.htm,2026-05-04 15:37:40
RADHAPURAM,228,ESSAKKIAMMAL.E,Bahujan Samaj Party,326,8,Trailing,0,56711,S22228,https://results.eci.gov.in/ResultAcGenMay2026/ConstituencywiseS22228.htm,2026-05-04 15:37:40
RADHAPURAM,228,GIRIJA THAMARAIPANDIAN.D,Naam Tamilar Katchi,15145,4,Trailing,0,56711,S22228,https://results.eci.gov.in/ResultAcGenMay2026/ConstituencywiseS22228.htm,2026-05-04 15:37:40
RADHAPURAM,228,BALAKRISHNAN.S.P,Bharatiya Janata Party,51835,3,Trailing,0,56711,S22228,https://results.eci.gov.in/ResultAcGenMay2026/ConstituencywiseS22228.htm,2026-05-04 15:37:40
RADHAPURAM,228,DR.SATHISH CHRISTOPHER,Tamilaga Vettri Kazhagam,68096,1,Leading / Top Candidate,11385,56711,S22228,https://results.eci.gov.in/ResultAcGenMay2026/ConstituencywiseS22228.htm,2026-05-04 15:37:40
RADHAPURAM,228,JESURAJENDRAN.J,Naam Indiar Party,160,14,Trailing,0,56711,S22228,https://results.eci.gov.in/ResultAcGenMay2026/ConstituencywiseS22228.htm,2026-05-04 15:37:40
RADHAPURAM,228,MAHALAKSHMI,Puthiya Makkal Tamil Desam Katchi,99,18,Trailing,0,56711,S22228,https://results.eci.gov.in/ResultAcGenMay2026/ConstituencywiseS22228.htm,2026-05-04 15:37:40
RADHAPURAM,228,MURUGAN.P,Thamizhaka Padaippalar Makkal Katchi,110,17,Trailing,0,56711,S22228,https://results.eci.gov.in/ResultAcGenMay2026/ConstituencywiseS22228.htm,2026-05-04 15:37:40
RADHAPURAM,228,ARUNRAJ,Independent,34,24,Trailing,0,56711,S22228,https://results.eci.gov.in/ResultAcGenMay2026/ConstituencywiseS22228.htm,2026-05-04 15:37:40
RADHAPURAM,228,OLIVER ANTON NAVAMONI. S,Independent,69,22,Trailing,0,56711,S22228,https://results.eci.gov.in/ResultAcGenMay2026/ConstituencywiseS22228.htm,2026-05-04 15:37:40
RADHAPURAM,228,ANANTHI.R,Independent,76,21,Trailing,0,56711,S22228,https://results.eci.gov.in/ResultAcGenMay2026/ConstituencywiseS22228.htm,2026-05-04 15:37:40
RADHAPURAM,228,ANAND PRASAD,Independent,191,13,Trailing,0,56711,S22228,https://results.eci.gov.in/ResultAcGenMay2026/ConstituencywiseS22228.htm,2026-05-04 15:37:40
RADHAPURAM,228,KARTHICK.V,Independent,223,10,Trailing,0,56711,S22228,https://results.eci.gov.in/ResultAcGenMay2026/ConstituencywiseS22228.htm,2026-05-04 15:37:40
RADHAPURAM,228,KINGSLY ISACC JEBARAJ.S,Independent,133,16,Trailing,0,56711,S22228,https://results.eci.gov.in/ResultAcGenMay2026/ConstituencywiseS22228.htm,2026-05-04 15:37:40
RADHAPURAM,228,SUNDARAJAN.S,Independent,91,20,Trailing,0,56711,S22228,https://results.eci.gov.in/ResultAcGenMay2026/ConstituencywiseS22228.htm,2026-05-04 15:37:40
RADHAPURAM,228,SELVAN.T,Independent,278,9,Trailing,0,56711,S22228,https://results.eci.gov.in/ResultAcGenMay2026/ConstituencywiseS22228.htm,2026-05-04 15:37:40
RADHAPURAM,228,DANIEL.A,Independent,806,5,Trailing,0,56711,S22228,https://results.eci.gov.in/ResultAcGenMay2026/ConstituencywiseS22228.htm,2026-05-04 15:37:40
RADHAPURAM,228,PON SANTHANA KUMARAN.R,Independent,471,6,Trailing,0,56711,S22228,https://results.eci.gov.in/ResultAcGenMay2026/ConstituencywiseS22228.htm,2026-05-04 15:37:40
RADHAPURAM,228,MANIKANDAN.A.I,Independent,158,15,Trailing,0,56711,S22228,https://results.eci.gov.in/ResultAcGenMay2026/ConstituencywiseS22228.htm,2026-05-04 15:37:40
RADHAPURAM,228,MANIKANDAN.S,Independent,201,12,Trailing,0,56711,S22228,https://results.eci.gov.in/ResultAcGenMay2026/ConstituencywiseS22228.htm,2026-05-04 15:37:40
RADHAPURAM,228,MANIKANDAN.L,Independent,217,11,Trailing,0,56711,S22228,https://results.eci.gov.in/ResultAcGenMay2026/ConstituencywiseS22228.htm,2026-05-04 15:37:40
RADHAPURAM,228,RAJAN.P,Independent,51,23,Trailing,0,56711,S22228,https://results.eci.gov.in/ResultAcGenMay2026/ConstituencywiseS22228.htm,2026-05-04 15:37:40
RADHAPURAM,228,JEYARAJ.P V S,Independent,92,19,Trailing,0,56711,S22228,https://results.eci.gov.in/ResultAcGenMay2026/ConstituencywiseS22228.htm,2026-05-04 15:37:40
RADHAPURAM,228,NOTA,None of the Above,464,7,Trailing,0,56711,S22228,https://results.eci.gov.in/ResultAcGenMay2026/ConstituencywiseS22228.htm,2026-05-04 15:37:40
RAJAPALAYAM,202,DR. KARTHIKEYAN. T.E.,Naam Tamilar Katchi,11511,4,Trailing,0,41089,S22202,https://results.eci.gov.in/ResultAcGenMay2026/ConstituencywiseS22202.htm,2026-05-04 15:37:44
RAJAPALAYAM,202,THANGAPANDIAN. S,Dravida Munnetra Kazhagam,41089,2,Runner-up,0,41089,S22202,https://results.eci.gov.in/ResultAcGenMay2026/ConstituencywiseS22202.htm,2026-05-04 15:37:44
RAJAPALAYAM,202,PRISCILLA PANDIAN. J,Bharatiya Janata Party,27784,3,Trailing,0,41089,S22202,https://results.eci.gov.in/ResultAcGenMay2026/ConstituencywiseS22202.htm,2026-05-04 15:37:44
RAJAPALAYAM,202,NASRIN BANU. T,Republican Party of India (Athawale),855,7,Trailing,0,41089,S22202,https://results.eci.gov.in/ResultAcGenMay2026/ConstituencywiseS22202.htm,2026-05-04 15:37:44
RAJAPALAYAM,202,RAMADEVI. T,Puthiya Tamilagam,2030,5,Trailing,0,41089,S22202,https://results.eci.gov.in/ResultAcGenMay2026/ConstituencywiseS22202.htm,2026-05-04 15:37:44
RAJAPALAYAM,202,JEGADESHWARI. K,Tamilaga Vettri Kazhagam,51596,1,Leading / Top Candidate,10507,41089,S22202,https://results.eci.gov.in/ResultAcGenMay2026/ConstituencywiseS22202.htm,2026-05-04 15:37:44
RAJAPALAYAM,202,HARISH. A,All India Puratchi Thalaivar Makkal Munnettra Kazhagam,1253,6,Trailing,0,41089,S22202,https://results.eci.gov.in/ResultAcGenMay2026/ConstituencywiseS22202.htm,2026-05-04 15:37:44
RAJAPALAYAM,202,ALAGUPANDIAN. A,Independent,54,23,Trailing,0,41089,S22202,https://results.eci.gov.in/ResultAcGenMay2026/ConstituencywiseS22202.htm,2026-05-04 15:37:44
RAJAPALAYAM,202,ALAGUMURUGAN. S,Independent,203,14,Trailing,0,41089,S22202,https://results.eci.gov.in/ResultAcGenMay2026/ConstituencywiseS22202.htm,2026-05-04 15:37:44
RAJAPALAYAM,202,GANESAN. K,Independent,74,22,Trailing,0,41089,S22202,https://results.eci.gov.in/ResultAcGenMay2026/ConstituencywiseS22202.htm,2026-05-04 15:37:44
RAJAPALAYAM,202,SHANMUGACHANDRA VELAVAN. C.C,Independent,96,18,Trailing,0,41089,S22202,https://results.eci.gov.in/ResultAcGenMay2026/ConstituencywiseS22202.htm,2026-05-04 15:37:44
RAJAPALAYAM,202,SARAVANAN. G,Independent,83,20,Trailing,0,41089,S22202,https://results.eci.gov.in/ResultAcGenMay2026/ConstituencywiseS22202.htm,2026-05-04 15:37:44
RAJAPALAYAM,202,SAMUEL RAJ,Independent,94,19,Trailing,0,41089,S22202,https://results.eci.gov.in/ResultAcGenMay2026/ConstituencywiseS22202.htm,2026-05-04 15:37:44
RAJAPALAYAM,202,SELVAKUMAR. A,Independent,120,16,Trailing,0,41089,S22202,https://results.eci.gov.in/ResultAcGenMay2026/ConstituencywiseS22202.htm,2026-05-04 15:37:44
RAJAPALAYAM,202,SELVI. K,Independent,212,13,Trailing,0,41089,S22202,https://results.eci.gov.in/ResultAcGenMay2026/ConstituencywiseS22202.htm,2026-05-04 15:37:44
RAJAPALAYAM,202,THANGAPANDI. B,Independent,219,12,Trailing,0,41089,S22202,https://results.eci.gov.in/ResultAcGenMay2026/ConstituencywiseS22202.htm,2026-05-04 15:37:44
RAJAPALAYAM,202,BALAMURUGAN. V,Independent,129,15,Trailing,0,41089,S22202,https://results.eci.gov.in/ResultAcGenMay2026/ConstituencywiseS22202.htm,2026-05-04 15:37:44
RAJAPALAYAM,202,MANMATHAN. M,Independent,295,9,Trailing,0,41089,S22202,https://results.eci.gov.in/ResultAcGenMay2026/ConstituencywiseS22202.htm,2026-05-04 15:37:44
RAJAPALAYAM,202,MUTHULAKSHMI. R,Independent,257,10,Trailing,0,41089,S22202,https://results.eci.gov.in/ResultAcGenMay2026/ConstituencywiseS22202.htm,2026-05-04 15:37:44
RAJAPALAYAM,202,MURUGAN. D,Independent,118,17,Trailing,0,41089,S22202,https://results.eci.gov.in/ResultAcGenMay2026/ConstituencywiseS22202.htm,2026-05-04 15:37:44
RAJAPALAYAM,202,VIJENDRAN. G,Independent,80,21,Trailing,0,41089,S22202,https://results.eci.gov.in/ResultAcGenMay2026/ConstituencywiseS22202.htm,2026-05-04 15:37:44
RAJAPALAYAM,202,JEGATHISHWARI. N,Independent,221,11,Trailing,0,41089,S22202,https://results.eci.gov.in/ResultAcGenMay2026/ConstituencywiseS22202.htm,2026-05-04 15:37:44
RAJAPALAYAM,202,NOTA,None of the Above,578,8,Trailing,0,41089,S22202,https://results.eci.gov.in/ResultAcGenMay2026/ConstituencywiseS22202.htm,2026-05-04 15:37:44
RAMANATHAPURAM,211,KATHARBATCHA MUTHURAMALINGAM,Dravida Munnetra Kazhagam,75271,1,Leading / Top Candidate,14383,60888,S22211,https://results.eci.gov.in/ResultAcGenMay2026/ConstituencywiseS22211.htm,2026-05-04 15:37:48
RAMANATHAPURAM,211,GBS K.NAGENDRAN,Bharatiya Janata Party,46482,3,Trailing,0,60888,S22211,https://results.eci.gov.in/ResultAcGenMay2026/ConstituencywiseS22211.htm,2026-05-04 15:37:48
RAMANATHAPURAM,211,S.M. MUTHU KESAVAN,Naam Tamilar Katchi,8923,4,Trailing,0,60888,S22211,https://results.eci.gov.in/ResultAcGenMay2026/ConstituencywiseS22211.htm,2026-05-04 15:37:48
RAMANATHAPURAM,211,DR.J. ABUBAKKAR SITHICK,Anna Puratchi Thalaivar Amma Dravida Munnetra Kazhagam,312,6,Trailing,0,60888,S22211,https://results.eci.gov.in/ResultAcGenMay2026/ConstituencywiseS22211.htm,2026-05-04 15:37:48
RAMANATHAPURAM,211,SHAHUL HAMEED,Tamilaga Vettri Kazhagam,60888,2,Runner-up,0,60888,S22211,https://results.eci.gov.in/ResultAcGenMay2026/ConstituencywiseS22211.htm,2026-05-04 15:37:48
RAMANATHAPURAM,211,C. PARIRAJAN,Veerath Thiyagi Viswanathadoss Thozhilalarkal Katchi,176,10,Trailing,0,60888,S22211,https://results.eci.gov.in/ResultAcGenMay2026/ConstituencywiseS22211.htm,2026-05-04 15:37:48
RAMANATHAPURAM,211,S. MURUGABOOPATHY,Communist Party of India (Marxist-Leninist) (Liberation),107,14,Trailing,0,60888,S22211,https://results.eci.gov.in/ResultAcGenMay2026/ConstituencywiseS22211.htm,2026-05-04 15:37:48
RAMANATHAPURAM,211,KAN ILANGO,Independent,164,11,Trailing,0,60888,S22211,https://results.eci.gov.in/ResultAcGenMay2026/ConstituencywiseS22211.htm,2026-05-04 15:37:48
RAMANATHAPURAM,211,KARTHIGAI PANDI,Independent,134,12,Trailing,0,60888,S22211,https://results.eci.gov.in/ResultAcGenMay2026/ConstituencywiseS22211.htm,2026-05-04 15:37:48
RAMANATHAPURAM,211,A. CHINNA RAJA,Independent,242,8,Trailing,0,60888,S22211,https://results.eci.gov.in/ResultAcGenMay2026/ConstituencywiseS22211.htm,2026-05-04 15:37:48
RAMANATHAPURAM,211,BALAKRISHNAN,Independent,116,13,Trailing,0,60888,S22211,https://results.eci.gov.in/ResultAcGenMay2026/ConstituencywiseS22211.htm,2026-05-04 15:37:48
RAMANATHAPURAM,211,PULLANI,Independent,184,9,Trailing,0,60888,S22211,https://results.eci.gov.in/ResultAcGenMay2026/ConstituencywiseS22211.htm,2026-05-04 15:37:48
RAMANATHAPURAM,211,K. MALESWARAN,Independent,303,7,Trailing,0,60888,S22211,https://results.eci.gov.in/ResultAcGenMay2026/ConstituencywiseS22211.htm,2026-05-04 15:37:48
RAMANATHAPURAM,211,NOTA,None of the Above,791,5,Trailing,0,60888,S22211,https://results.eci.gov.in/ResultAcGenMay2026/ConstituencywiseS22211.htm,2026-05-04 15:37:48
RANIPET,41,R. GANDHI,Dravida Munnetra Kazhagam,57709,1,Leading / Top Candidate,1569,56140,S2241,https://results.eci.gov.in/ResultAcGenMay2026/ConstituencywiseS2241.htm,2026-05-04 15:37:53
RANIPET,41,V.M. KARTHIKEYAN,Bharatiya Janata Party,17732,3,Trailing,0,56140,S2241,https://results.eci.gov.in/ResultAcGenMay2026/ConstituencywiseS2241.htm,2026-05-04 15:37:53
RANIPET,41,THAARIKHA SALMAN,Naam Tamilar Katchi,4317,4,Trailing,0,56140,S2241,https://results.eci.gov.in/ResultAcGenMay2026/ConstituencywiseS2241.htm,2026-05-04 15:37:53
RANIPET,41,J.JENIFERJANET,Bahujan Samaj Party,379,7,Trailing,0,56140,S2241,https://results.eci.gov.in/ResultAcGenMay2026/ConstituencywiseS2241.htm,2026-05-04 15:37:53
RANIPET,41,THAHIRA,Tamilaga Vettri Kazhagam,56140,2,Runner-up,0,56140,S2241,https://results.eci.gov.in/ResultAcGenMay2026/ConstituencywiseS2241.htm,2026-05-04 15:37:53
RANIPET,41,S.MUNISAMY,Anti Corruption Dynamic Party,151,12,Trailing,0,56140,S2241,https://results.eci.gov.in/ResultAcGenMay2026/ConstituencywiseS2241.htm,2026-05-04 15:37:53
RANIPET,41,N.VISWANATHAN,Tamizhaga Vaazhvurimai Katchi,294,9,Trailing,0,56140,S2241,https://results.eci.gov.in/ResultAcGenMay2026/ConstituencywiseS2241.htm,2026-05-04 15:37:53
RANIPET,41,J. HASSAIN,Independent,239,11,Trailing,0,56140,S2241,https://results.eci.gov.in/ResultAcGenMay2026/ConstituencywiseS2241.htm,2026-05-04 15:37:53
RANIPET,41,K. SAKTHIVEL NATHAN,Independent,330,8,Trailing,0,56140,S2241,https://results.eci.gov.in/ResultAcGenMay2026/ConstituencywiseS2241.htm,2026-05-04 15:37:53
RANIPET,41,N. SUGUMAR,Independent,59,16,Trailing,0,56140,S2241,https://results.eci.gov.in/ResultAcGenMay2026/ConstituencywiseS2241.htm,2026-05-04 15:37:53
RANIPET,41,V. SURESH,Independent,75,15,Trailing,0,56140,S2241,https://results.eci.gov.in/ResultAcGenMay2026/ConstituencywiseS2241.htm,2026-05-04 15:37:53
RANIPET,41,V. DHARMENDIRAN,Independent,245,10,Trailing,0,56140,S2241,https://results.eci.gov.in/ResultAcGenMay2026/ConstituencywiseS2241.htm,2026-05-04 15:37:53
RANIPET,41,A. NARESHKUMAR,Independent,600,6,Trailing,0,56140,S2241,https://results.eci.gov.in/ResultAcGenMay2026/ConstituencywiseS2241.htm,2026-05-04 15:37:53
RANIPET,41,J. MOHAN,Independent,91,14,Trailing,0,56140,S2241,https://results.eci.gov.in/ResultAcGenMay2026/ConstituencywiseS2241.htm,2026-05-04 15:37:53
RANIPET,41,S.JAYAPRAKASH,Independent,137,13,Trailing,0,56140,S2241,https://results.eci.gov.in/ResultAcGenMay2026/ConstituencywiseS2241.htm,2026-05-04 15:37:53
RANIPET,41,NOTA,None of the Above,715,5,Trailing,0,56140,S2241,https://results.eci.gov.in/ResultAcGenMay2026/ConstituencywiseS2241.htm,2026-05-04 15:37:53
RASIPURAM,92,PREMKUMAR S D,Bharatiya Janata Party,36420,3,Trailing,0,40117,S2292,https://results.eci.gov.in/ResultAcGenMay2026/ConstituencywiseS2292.htm,2026-05-04 15:37:57
RASIPURAM,92,SASIKALA S,Naam Tamilar Katchi,4344,4,Trailing,0,40117,S2292,https://results.eci.gov.in/ResultAcGenMay2026/ConstituencywiseS2292.htm,2026-05-04 15:37:57
RASIPURAM,92,MATHIVENTHAN M DR,Dravida Munnetra Kazhagam,40117,2,Runner-up,0,40117,S2292,https://results.eci.gov.in/ResultAcGenMay2026/ConstituencywiseS2292.htm,2026-05-04 15:37:57
RASIPURAM,92,ARULKUMAR P,Ganasangam Party of India,302,7,Trailing,0,40117,S2292,https://results.eci.gov.in/ResultAcGenMay2026/ConstituencywiseS2292.htm,2026-05-04 15:37:57
RASIPURAM,92,ARULRAJU G,Anaithinthiya Anna Dravida Makkal Seyal katchi,121,13,Trailing,0,40117,S2292,https://results.eci.gov.in/ResultAcGenMay2026/ConstituencywiseS2292.htm,2026-05-04 15:37:57
RASIPURAM,92,KRISHNAMOORTHI P,Tamizhaga Vaazhvurimai Katchi,73,17,Trailing,0,40117,S2292,https://results.eci.gov.in/ResultAcGenMay2026/ConstituencywiseS2292.htm,2026-05-04 15:37:57
RASIPURAM,92,MUNIYAPPAN M,Puthiya Tamilagam,179,11,Trailing,0,40117,S2292,https://results.eci.gov.in/ResultAcGenMay2026/ConstituencywiseS2292.htm,2026-05-04 15:37:57
RASIPURAM,92,RAMADASS D,Samaniya Makkal Nala Katchi,225,10,Trailing,0,40117,S2292,https://results.eci.gov.in/ResultAcGenMay2026/ConstituencywiseS2292.htm,2026-05-04 15:37:57
RASIPURAM,92,LOGESH TAMILSELVAN D,Tamilaga Vettri Kazhagam,52933,1,Leading / Top Candidate,12816,40117,S2292,https://results.eci.gov.in/ResultAcGenMay2026/ConstituencywiseS2292.htm,2026-05-04 15:37:57
RASIPURAM,92,AMPULIMADHAN M,Independent,125,12,Trailing,0,40117,S2292,https://results.eci.gov.in/ResultAcGenMay2026/ConstituencywiseS2292.htm,2026-05-04 15:37:57
RASIPURAM,92,THANGAMANI S,Independent,78,16,Trailing,0,40117,S2292,https://results.eci.gov.in/ResultAcGenMay2026/ConstituencywiseS2292.htm,2026-05-04 15:37:57
RASIPURAM,92,TAMILAZHAGAN M,Independent,57,19,Trailing,0,40117,S2292,https://results.eci.gov.in/ResultAcGenMay2026/ConstituencywiseS2292.htm,2026-05-04 15:37:57
RASIPURAM,92,NAGARAJAN K,Independent,107,14,Trailing,0,40117,S2292,https://results.eci.gov.in/ResultAcGenMay2026/ConstituencywiseS2292.htm,2026-05-04 15:37:57
RASIPURAM,92,NEPPOLIYAN K,Independent,270,9,Trailing,0,40117,S2292,https://results.eci.gov.in/ResultAcGenMay2026/ConstituencywiseS2292.htm,2026-05-04 15:37:57
RASIPURAM,92,MANIKANDAN C,Independent,100,15,Trailing,0,40117,S2292,https://results.eci.gov.in/ResultAcGenMay2026/ConstituencywiseS2292.htm,2026-05-04 15:37:57
RASIPURAM,92,MURUGESAN A,Independent,679,5,Trailing,0,40117,S2292,https://results.eci.gov.in/ResultAcGenMay2026/ConstituencywiseS2292.htm,2026-05-04 15:37:57
RASIPURAM,92,RAJESHKANNAN R,Independent,301,8,Trailing,0,40117,S2292,https://results.eci.gov.in/ResultAcGenMay2026/ConstituencywiseS2292.htm,2026-05-04 15:37:57
RASIPURAM,92,JAYANTHI M,Independent,72,18,Trailing,0,40117,S2292,https://results.eci.gov.in/ResultAcGenMay2026/ConstituencywiseS2292.htm,2026-05-04 15:37:57
RASIPURAM,92,NOTA,None of the Above,612,6,Trailing,0,40117,S2292,https://results.eci.gov.in/ResultAcGenMay2026/ConstituencywiseS2292.htm,2026-05-04 15:37:57
RISHIVANDIYAM,78,KARTHIKEYAN K,Dravida Munnetra Kazhagam,35302,1,Leading / Top Candidate,2647,32655,S2278,https://results.eci.gov.in/ResultAcGenMay2026/ConstituencywiseS2278.htm,2026-05-04 15:38:01
RISHIVANDIYAM,78,BALAKRISHNAN A,Bahujan Samaj Party,182,8,Trailing,0,32655,S2278,https://results.eci.gov.in/ResultAcGenMay2026/ConstituencywiseS2278.htm,2026-05-04 15:38:01
RISHIVANDIYAM,78,RADHIKA P,Naam Tamilar Katchi,2845,4,Trailing,0,32655,S2278,https://results.eci.gov.in/ResultAcGenMay2026/ConstituencywiseS2278.htm,2026-05-04 15:38:01
RISHIVANDIYAM,78,ASHOK KUMAR G,Tamilaga Vettri Kazhagam,32655,2,Runner-up,0,32655,S2278,https://results.eci.gov.in/ResultAcGenMay2026/ConstituencywiseS2278.htm,2026-05-04 15:38:01
RISHIVANDIYAM,78,ARUMUGAM G,Parivartan Rajniti Party,96,12,Trailing,0,32655,S2278,https://results.eci.gov.in/ResultAcGenMay2026/ConstituencywiseS2278.htm,2026-05-04 15:38:01
RISHIVANDIYAM,78,SANKAR R,Tamizhaga Vaazhvurimai Katchi,55,19,Trailing,0,32655,S2278,https://results.eci.gov.in/ResultAcGenMay2026/ConstituencywiseS2278.htm,2026-05-04 15:38:01
RISHIVANDIYAM,78,SEVVANTHA G K,Anna Makkal Katchi,112,11,Trailing,0,32655,S2278,https://results.eci.gov.in/ResultAcGenMay2026/ConstituencywiseS2278.htm,2026-05-04 15:38:01
RISHIVANDIYAM,78,CHEZHIYAN P,Pattali Makkal Katchi,21683,3,Trailing,0,32655,S2278,https://results.eci.gov.in/ResultAcGenMay2026/ConstituencywiseS2278.htm,2026-05-04 15:38:01
RISHIVANDIYAM,78,RANGANATHAN N,All India Puratchi Thalaivar Makkal Munnettra Kazhagam,91,13,Trailing,0,32655,S2278,https://results.eci.gov.in/ResultAcGenMay2026/ConstituencywiseS2278.htm,2026-05-04 15:38:01
RISHIVANDIYAM,78,VENKATRAMAN J,Naadaalum Makkal Katchi,114,10,Trailing,0,32655,S2278,https://results.eci.gov.in/ResultAcGenMay2026/ConstituencywiseS2278.htm,2026-05-04 15:38:01
RISHIVANDIYAM,78,ANBU D,Independent,32,24,Trailing,0,32655,S2278,https://results.eci.gov.in/ResultAcGenMay2026/ConstituencywiseS2278.htm,2026-05-04 15:38:01
RISHIVANDIYAM,78,ANBUMURUGAN S,Independent,168,9,Trailing,0,32655,S2278,https://results.eci.gov.in/ResultAcGenMay2026/ConstituencywiseS2278.htm,2026-05-04 15:38:01
RISHIVANDIYAM,78,KARTHIKEYAN A,Independent,85,15,Trailing,0,32655,S2278,https://results.eci.gov.in/ResultAcGenMay2026/ConstituencywiseS2278.htm,2026-05-04 15:38:01
RISHIVANDIYAM,78,KARTHIKEYAN V,Independent,49,20,Trailing,0,32655,S2278,https://results.eci.gov.in/ResultAcGenMay2026/ConstituencywiseS2278.htm,2026-05-04 15:38:01
RISHIVANDIYAM,78,GOWTHAM C,Independent,49,21,Trailing,0,32655,S2278,https://results.eci.gov.in/ResultAcGenMay2026/ConstituencywiseS2278.htm,2026-05-04 15:38:01
RISHIVANDIYAM,78,SENTHIKUMAR V N,Independent,347,5,Trailing,0,32655,S2278,https://results.eci.gov.in/ResultAcGenMay2026/ConstituencywiseS2278.htm,2026-05-04 15:38:01
RISHIVANDIYAM,78,SELVARAJ P,Independent,299,6,Trailing,0,32655,S2278,https://results.eci.gov.in/ResultAcGenMay2026/ConstituencywiseS2278.htm,2026-05-04 15:38:01
RISHIVANDIYAM,78,SEZHIYAN K,Independent,63,17,Trailing,0,32655,S2278,https://results.eci.gov.in/ResultAcGenMay2026/ConstituencywiseS2278.htm,2026-05-04 15:38:01
RISHIVANDIYAM,78,NARAYANAN L,Independent,35,23,Trailing,0,32655,S2278,https://results.eci.gov.in/ResultAcGenMay2026/ConstituencywiseS2278.htm,2026-05-04 15:38:01
RISHIVANDIYAM,78,MANIKANDAN C,Independent,88,14,Trailing,0,32655,S2278,https://results.eci.gov.in/ResultAcGenMay2026/ConstituencywiseS2278.htm,2026-05-04 15:38:01
RISHIVANDIYAM,78,MARIKKANNU A,Independent,20,26,Trailing,0,32655,S2278,https://results.eci.gov.in/ResultAcGenMay2026/ConstituencywiseS2278.htm,2026-05-04 15:38:01
RISHIVANDIYAM,78,RAJA K,Independent,26,25,Trailing,0,32655,S2278,https://results.eci.gov.in/ResultAcGenMay2026/ConstituencywiseS2278.htm,2026-05-04 15:38:01
RISHIVANDIYAM,78,RAJA S,Independent,45,22,Trailing,0,32655,S2278,https://results.eci.gov.in/ResultAcGenMay2026/ConstituencywiseS2278.htm,2026-05-04 15:38:01
RISHIVANDIYAM,78,VINOTH S,Independent,79,16,Trailing,0,32655,S2278,https://results.eci.gov.in/ResultAcGenMay2026/ConstituencywiseS2278.htm,2026-05-04 15:38:01
RISHIVANDIYAM,78,VIJAYAKUMAR G,Independent,63,18,Trailing,0,32655,S2278,https://results.eci.gov.in/ResultAcGenMay2026/ConstituencywiseS2278.htm,2026-05-04 15:38:01
RISHIVANDIYAM,78,NOTA,None of the Above,190,7,Trailing,0,32655,S2278,https://results.eci.gov.in/ResultAcGenMay2026/ConstituencywiseS2278.htm,2026-05-04 15:38:01
ROYAPURAM,17,DR. A. SUBAIR KHAN,Dravida Munnetra Kazhagam,38260,2,Runner-up,0,38260,S2217,https://results.eci.gov.in/ResultAcGenMay2026/ConstituencywiseS2217.htm,2026-05-04 15:38:06
ROYAPURAM,17,A. BABU MAILAN,Naam Tamilar Katchi,2638,4,Trailing,0,38260,S2217,https://results.eci.gov.in/ResultAcGenMay2026/ConstituencywiseS2217.htm,2026-05-04 15:38:06
ROYAPURAM,17,D. JAYAKUMAR,All India Anna Dravida Munnetra Kazhagam,15842,3,Trailing,0,38260,S2217,https://results.eci.gov.in/ResultAcGenMay2026/ConstituencywiseS2217.htm,2026-05-04 15:38:06
ROYAPURAM,17,M. JAYARAJKUMAR,Bahujan Samaj Party,193,6,Trailing,0,38260,S2217,https://results.eci.gov.in/ResultAcGenMay2026/ConstituencywiseS2217.htm,2026-05-04 15:38:06
ROYAPURAM,17,A. SATHIK KUMAR,Democratic National Allegiance,53,14,Trailing,0,38260,S2217,https://results.eci.gov.in/ResultAcGenMay2026/ConstituencywiseS2217.htm,2026-05-04 15:38:06
ROYAPURAM,17,M. RAJKUMAR,Tamizhaga Vaazhvurimai Katchi,67,10,Trailing,0,38260,S2217,https://results.eci.gov.in/ResultAcGenMay2026/ConstituencywiseS2217.htm,2026-05-04 15:38:06
ROYAPURAM,17,R. VINOTHKUMAR,Naam Indiar Party,106,8,Trailing,0,38260,S2217,https://results.eci.gov.in/ResultAcGenMay2026/ConstituencywiseS2217.htm,2026-05-04 15:38:06
ROYAPURAM,17,K.V. VIJAY DAMU,Tamilaga Vettri Kazhagam,50075,1,Leading / Top Candidate,11815,38260,S2217,https://results.eci.gov.in/ResultAcGenMay2026/ConstituencywiseS2217.htm,2026-05-04 15:38:06
ROYAPURAM,17,T. KAVIYARASU,Independent,53,15,Trailing,0,38260,S2217,https://results.eci.gov.in/ResultAcGenMay2026/ConstituencywiseS2217.htm,2026-05-04 15:38:06
ROYAPURAM,17,G. KARTHIKEYAN,Independent,29,21,Trailing,0,38260,S2217,https://results.eci.gov.in/ResultAcGenMay2026/ConstituencywiseS2217.htm,2026-05-04 15:38:06
ROYAPURAM,17,KERTHIVARUNNAN .R,Independent,27,23,Trailing,0,38260,S2217,https://results.eci.gov.in/ResultAcGenMay2026/ConstituencywiseS2217.htm,2026-05-04 15:38:06
ROYAPURAM,17,A. SASIKUMAR,Independent,29,22,Trailing,0,38260,S2217,https://results.eci.gov.in/ResultAcGenMay2026/ConstituencywiseS2217.htm,2026-05-04 15:38:06
ROYAPURAM,17,M. SHANMUGAM,Independent,15,28,Trailing,0,38260,S2217,https://results.eci.gov.in/ResultAcGenMay2026/ConstituencywiseS2217.htm,2026-05-04 15:38:06
ROYAPURAM,17,K.J. SIVAKUMAR,Independent,26,24,Trailing,0,38260,S2217,https://results.eci.gov.in/ResultAcGenMay2026/ConstituencywiseS2217.htm,2026-05-04 15:38:06
ROYAPURAM,17,P. SUMATHI,Independent,43,16,Trailing,0,38260,S2217,https://results.eci.gov.in/ResultAcGenMay2026/ConstituencywiseS2217.htm,2026-05-04 15:38:06
ROYAPURAM,17,J. SELVAKUMAR,Independent,62,12,Trailing,0,38260,S2217,https://results.eci.gov.in/ResultAcGenMay2026/ConstituencywiseS2217.htm,2026-05-04 15:38:06
ROYAPURAM,17,M DHINAKARAN,Independent,185,7,Trailing,0,38260,S2217,https://results.eci.gov.in/ResultAcGenMay2026/ConstituencywiseS2217.htm,2026-05-04 15:38:06
ROYAPURAM,17,A. NIZAR AHAMED,Independent,26,25,Trailing,0,38260,S2217,https://results.eci.gov.in/ResultAcGenMay2026/ConstituencywiseS2217.htm,2026-05-04 15:38:06
ROYAPURAM,17,V. BHAGATH SINGH,Independent,54,13,Trailing,0,38260,S2217,https://results.eci.gov.in/ResultAcGenMay2026/ConstituencywiseS2217.htm,2026-05-04 15:38:06
ROYAPURAM,17,K. PRASATH,Independent,33,18,Trailing,0,38260,S2217,https://results.eci.gov.in/ResultAcGenMay2026/ConstituencywiseS2217.htm,2026-05-04 15:38:06
ROYAPURAM,17,M. MAHALAKSHMI,Independent,24,26,Trailing,0,38260,S2217,https://results.eci.gov.in/ResultAcGenMay2026/ConstituencywiseS2217.htm,2026-05-04 15:38:06
ROYAPURAM,17,S. RAJU,Independent,10,29,Trailing,0,38260,S2217,https://results.eci.gov.in/ResultAcGenMay2026/ConstituencywiseS2217.htm,2026-05-04 15:38:06
ROYAPURAM,17,T. RAJESH,Independent,41,17,Trailing,0,38260,S2217,https://results.eci.gov.in/ResultAcGenMay2026/ConstituencywiseS2217.htm,2026-05-04 15:38:06
ROYAPURAM,17,R. RAJKUMAR,Independent,78,9,Trailing,0,38260,S2217,https://results.eci.gov.in/ResultAcGenMay2026/ConstituencywiseS2217.htm,2026-05-04 15:38:06
ROYAPURAM,17,A. JAYAKUMAR,Independent,33,19,Trailing,0,38260,S2217,https://results.eci.gov.in/ResultAcGenMay2026/ConstituencywiseS2217.htm,2026-05-04 15:38:06
ROYAPURAM,17,D. JAYAKUMAR,Independent,65,11,Trailing,0,38260,S2217,https://results.eci.gov.in/ResultAcGenMay2026/ConstituencywiseS2217.htm,2026-05-04 15:38:06
ROYAPURAM,17,I JAYAPRAKASH,Independent,30,20,Trailing,0,38260,S2217,https://results.eci.gov.in/ResultAcGenMay2026/ConstituencywiseS2217.htm,2026-05-04 15:38:06
ROYAPURAM,17,C. SRIDHAR,Independent,23,27,Trailing,0,38260,S2217,https://results.eci.gov.in/ResultAcGenMay2026/ConstituencywiseS2217.htm,2026-05-04 15:38:06
ROYAPURAM,17,NOTA,None of the Above,409,5,Trailing,0,38260,S2217,https://results.eci.gov.in/ResultAcGenMay2026/ConstituencywiseS2217.htm,2026-05-04 15:38:06
SAIDAPET,23,KUMARAN. G.P,Bahujan Samaj Party,337,6,Trailing,0,32962,S2223,https://results.eci.gov.in/ResultAcGenMay2026/ConstituencywiseS2223.htm,2026-05-04 15:38:10
SAIDAPET,23,SUBRAMANIAN. MA,Dravida Munnetra Kazhagam,32962,2,Runner-up,0,32962,S2223,https://results.eci.gov.in/ResultAcGenMay2026/ConstituencywiseS2223.htm,2026-05-04 15:38:10
SAIDAPET,23,SRIVIDYA. G,Naam Tamilar Katchi,3634,4,Trailing,0,32962,S2223,https://results.eci.gov.in/ResultAcGenMay2026/ConstituencywiseS2223.htm,2026-05-04 15:38:10
SAIDAPET,23,ARUL PRAKASAM. M,Tamilaga Vettri Kazhagam,52549,1,Leading / Top Candidate,19587,32962,S2223,https://results.eci.gov.in/ResultAcGenMay2026/ConstituencywiseS2223.htm,2026-05-04 15:38:10
SAIDAPET,23,SENTHAMIZHAN. G,Amma Makkal Munnettra Kazagam,11480,3,Trailing,0,32962,S2223,https://results.eci.gov.in/ResultAcGenMay2026/ConstituencywiseS2223.htm,2026-05-04 15:38:10
SAIDAPET,23,SOUNDARARAJAN. N,Naam Indiar Party,82,11,Trailing,0,32962,S2223,https://results.eci.gov.in/ResultAcGenMay2026/ConstituencywiseS2223.htm,2026-05-04 15:38:10
SAIDAPET,23,PARTHIBAN. S,MGR Makkal Katchi,93,9,Trailing,0,32962,S2223,https://results.eci.gov.in/ResultAcGenMay2026/ConstituencywiseS2223.htm,2026-05-04 15:38:10
SAIDAPET,23,ANAND. S,Independent,41,15,Trailing,0,32962,S2223,https://results.eci.gov.in/ResultAcGenMay2026/ConstituencywiseS2223.htm,2026-05-04 15:38:10
SAIDAPET,23,KANDHASAMY. R (ALIAS) BABU,Independent,41,16,Trailing,0,32962,S2223,https://results.eci.gov.in/ResultAcGenMay2026/ConstituencywiseS2223.htm,2026-05-04 15:38:10
SAIDAPET,23,PRASAD. N,Independent,53,14,Trailing,0,32962,S2223,https://results.eci.gov.in/ResultAcGenMay2026/ConstituencywiseS2223.htm,2026-05-04 15:38:10
SAIDAPET,23,PRITHVIRAJ. A,Independent,55,13,Trailing,0,32962,S2223,https://results.eci.gov.in/ResultAcGenMay2026/ConstituencywiseS2223.htm,2026-05-04 15:38:10
SAIDAPET,23,YOGAPRAKASH. B,Independent,100,8,Trailing,0,32962,S2223,https://results.eci.gov.in/ResultAcGenMay2026/ConstituencywiseS2223.htm,2026-05-04 15:38:10
SAIDAPET,23,RAJA. R,Independent,153,7,Trailing,0,32962,S2223,https://results.eci.gov.in/ResultAcGenMay2026/ConstituencywiseS2223.htm,2026-05-04 15:38:10
SAIDAPET,23,VALARMATHI. P,Independent,83,10,Trailing,0,32962,S2223,https://results.eci.gov.in/ResultAcGenMay2026/ConstituencywiseS2223.htm,2026-05-04 15:38:10
SAIDAPET,23,GINGSTON. M,Independent,79,12,Trailing,0,32962,S2223,https://results.eci.gov.in/ResultAcGenMay2026/ConstituencywiseS2223.htm,2026-05-04 15:38:10
SAIDAPET,23,NOTA,None of the Above,571,5,Trailing,0,32962,S2223,https://results.eci.gov.in/ResultAcGenMay2026/ConstituencywiseS2223.htm,2026-05-04 15:38:10
SALEM (NORTH),89,RAJENDRAN. R,Dravida Munnetra Kazhagam,48210,2,Runner-up,0,48210,S2289,https://results.eci.gov.in/ResultAcGenMay2026/ConstituencywiseS2289.htm,2026-05-04 15:38:14
SALEM (NORTH),89,GUNASEELA. M,Naam Tamilar Katchi,4322,4,Trailing,0,48210,S2289,https://results.eci.gov.in/ResultAcGenMay2026/ConstituencywiseS2289.htm,2026-05-04 15:38:14
SALEM (NORTH),89,SADHASIVAM. S,Pattali Makkal Katchi,29739,3,Trailing,0,48210,S2289,https://results.eci.gov.in/ResultAcGenMay2026/ConstituencywiseS2289.htm,2026-05-04 15:38:14
SALEM (NORTH),89,SIVAKUMAR. K,Tamilaga Vettri Kazhagam,55031,1,Leading / Top Candidate,6821,48210,S2289,https://results.eci.gov.in/ResultAcGenMay2026/ConstituencywiseS2289.htm,2026-05-04 15:38:14
SALEM (NORTH),89,MOHANRAJ. S,Tamizhaga Vaazhvurimai Katchi,213,6,Trailing,0,48210,S2289,https://results.eci.gov.in/ResultAcGenMay2026/ConstituencywiseS2289.htm,2026-05-04 15:38:14
SALEM (NORTH),89,JOTHILAKSHMI. R.S,Vishwa Tamil Kazhagam,107,7,Trailing,0,48210,S2289,https://results.eci.gov.in/ResultAcGenMay2026/ConstituencywiseS2289.htm,2026-05-04 15:38:14
SALEM (NORTH),89,SABAREESAN. D,Independent,91,9,Trailing,0,48210,S2289,https://results.eci.gov.in/ResultAcGenMay2026/ConstituencywiseS2289.htm,2026-05-04 15:38:14
SALEM (NORTH),89,PALANISAMY. R,Independent,57,14,Trailing,0,48210,S2289,https://results.eci.gov.in/ResultAcGenMay2026/ConstituencywiseS2289.htm,2026-05-04 15:38:14
SALEM (NORTH),89,PRAVINA. G,Independent,61,13,Trailing,0,48210,S2289,https://results.eci.gov.in/ResultAcGenMay2026/ConstituencywiseS2289.htm,2026-05-04 15:38:14
SALEM (NORTH),89,MANIVANNAN. S,Independent,53,15,Trailing,0,48210,S2289,https://results.eci.gov.in/ResultAcGenMay2026/ConstituencywiseS2289.htm,2026-05-04 15:38:14
SALEM (NORTH),89,MAHABUB JOHN. K,Independent,63,12,Trailing,0,48210,S2289,https://results.eci.gov.in/ResultAcGenMay2026/ConstituencywiseS2289.htm,2026-05-04 15:38:14
SALEM (NORTH),89,RAJASEKAR. S,Independent,73,11,Trailing,0,48210,S2289,https://results.eci.gov.in/ResultAcGenMay2026/ConstituencywiseS2289.htm,2026-05-04 15:38:14
SALEM (NORTH),89,RAJA. A,Independent,99,8,Trailing,0,48210,S2289,https://results.eci.gov.in/ResultAcGenMay2026/ConstituencywiseS2289.htm,2026-05-04 15:38:14
SALEM (NORTH),89,RAJENDRAN. A,Independent,86,10,Trailing,0,48210,S2289,https://results.eci.gov.in/ResultAcGenMay2026/ConstituencywiseS2289.htm,2026-05-04 15:38:14
SALEM (NORTH),89,NOTA,None of the Above,787,5,Trailing,0,48210,S2289,https://results.eci.gov.in/ResultAcGenMay2026/ConstituencywiseS2289.htm,2026-05-04 15:38:14
SALEM (SOUTH),90,SOFIA. S,Naam Tamilar Katchi,4118,4,Trailing,0,41747,S2290,https://results.eci.gov.in/ResultAcGenMay2026/ConstituencywiseS2290.htm,2026-05-04 15:38:19
SALEM (SOUTH),90,LOGANATHAN. M,Dravida Munnetra Kazhagam,41747,2,Runner-up,0,41747,S2290,https://results.eci.gov.in/ResultAcGenMay2026/ConstituencywiseS2290.htm,2026-05-04 15:38:19
SALEM (SOUTH),90,VINOTH. J,All India Anna Dravida Munnetra Kazhagam,37416,3,Trailing,0,41747,S2290,https://results.eci.gov.in/ResultAcGenMay2026/ConstituencywiseS2290.htm,2026-05-04 15:38:19
SALEM (SOUTH),90,BAS MADHESWARAN,Tamizhaga Vaazhvurimai Katchi,318,6,Trailing,0,41747,S2290,https://results.eci.gov.in/ResultAcGenMay2026/ConstituencywiseS2290.htm,2026-05-04 15:38:19
SALEM (SOUTH),90,VIJAY TAMILAN PARTHIBAN. A,Tamilaga Vettri Kazhagam,69251,1,Leading / Top Candidate,27504,41747,S2290,https://results.eci.gov.in/ResultAcGenMay2026/ConstituencywiseS2290.htm,2026-05-04 15:38:19
SALEM (SOUTH),90,AMBEDKAR. C,Independent,116,7,Trailing,0,41747,S2290,https://results.eci.gov.in/ResultAcGenMay2026/ConstituencywiseS2290.htm,2026-05-04 15:38:19
SALEM (SOUTH),90,SANTHOSH. S,Independent,73,10,Trailing,0,41747,S2290,https://results.eci.gov.in/ResultAcGenMay2026/ConstituencywiseS2290.htm,2026-05-04 15:38:19
SALEM (SOUTH),90,SUNDARAM. R,Independent,35,18,Trailing,0,41747,S2290,https://results.eci.gov.in/ResultAcGenMay2026/ConstituencywiseS2290.htm,2026-05-04 15:38:19
SALEM (SOUTH),90,SUMATHI. P,Independent,48,16,Trailing,0,41747,S2290,https://results.eci.gov.in/ResultAcGenMay2026/ConstituencywiseS2290.htm,2026-05-04 15:38:19
SALEM (SOUTH),90,PADMANAPAN. M,Independent,26,19,Trailing,0,41747,S2290,https://results.eci.gov.in/ResultAcGenMay2026/ConstituencywiseS2290.htm,2026-05-04 15:38:19
SALEM (SOUTH),90,PALANIAPPAN. M,Independent,51,14,Trailing,0,41747,S2290,https://results.eci.gov.in/ResultAcGenMay2026/ConstituencywiseS2290.htm,2026-05-04 15:38:19
SALEM (SOUTH),90,PARTHIBAN. A,Independent,68,12,Trailing,0,41747,S2290,https://results.eci.gov.in/ResultAcGenMay2026/ConstituencywiseS2290.htm,2026-05-04 15:38:19
SALEM (SOUTH),90,PARTHIBAN. V,Independent,44,17,Trailing,0,41747,S2290,https://results.eci.gov.in/ResultAcGenMay2026/ConstituencywiseS2290.htm,2026-05-04 15:38:19
SALEM (SOUTH),90,PRAVEEN KUMAR. M,Independent,70,11,Trailing,0,41747,S2290,https://results.eci.gov.in/ResultAcGenMay2026/ConstituencywiseS2290.htm,2026-05-04 15:38:19
SALEM (SOUTH),90,MAYAKANNAN. N,Independent,67,13,Trailing,0,41747,S2290,https://results.eci.gov.in/ResultAcGenMay2026/ConstituencywiseS2290.htm,2026-05-04 15:38:19
SALEM (SOUTH),90,LOGANATHAN. M,Independent,50,15,Trailing,0,41747,S2290,https://results.eci.gov.in/ResultAcGenMay2026/ConstituencywiseS2290.htm,2026-05-04 15:38:19
SALEM (SOUTH),90,VARATHARAJAN. S.P,Independent,106,8,Trailing,0,41747,S2290,https://results.eci.gov.in/ResultAcGenMay2026/ConstituencywiseS2290.htm,2026-05-04 15:38:19
SALEM (SOUTH),90,JAYARAJ. S,Independent,84,9,Trailing,0,41747,S2290,https://results.eci.gov.in/ResultAcGenMay2026/ConstituencywiseS2290.htm,2026-05-04 15:38:19
SALEM (SOUTH),90,NOTA,None of the Above,514,5,Trailing,0,41747,S2290,https://results.eci.gov.in/ResultAcGenMay2026/ConstituencywiseS2290.htm,2026-05-04 15:38:19
SALEM (WEST),88,ALAGAAPURAM. R. MOHANRAJ,Desiya Murpokku Dravida Kazhagam,21426,3,Trailing,0,26085,S2288,https://results.eci.gov.in/ResultAcGenMay2026/ConstituencywiseS2288.htm,2026-05-04 15:38:23
SALEM (WEST),88,GUNASEKARAN .R,Bahujan Samaj Party,211,10,Trailing,0,26085,S2288,https://results.eci.gov.in/ResultAcGenMay2026/ConstituencywiseS2288.htm,2026-05-04 15:38:23
SALEM (WEST),88,SURESH KUMAR.R,Naam Tamilar Katchi,3566,5,Trailing,0,26085,S2288,https://results.eci.gov.in/ResultAcGenMay2026/ConstituencywiseS2288.htm,2026-05-04 15:38:23
SALEM (WEST),88,ARUL RAMADAS,Aanaithinthiya Jananayaka Pathukappu Kazhagam,7236,4,Trailing,0,26085,S2288,https://results.eci.gov.in/ResultAcGenMay2026/ConstituencywiseS2288.htm,2026-05-04 15:38:23
SALEM (WEST),88,KARTHE.M,Pattali Makkal Katchi,26085,2,Runner-up,0,26085,S2288,https://results.eci.gov.in/ResultAcGenMay2026/ConstituencywiseS2288.htm,2026-05-04 15:38:23
SALEM (WEST),88,PRABU .K,Vishwa Tamil Kazhagam,233,9,Trailing,0,26085,S2288,https://results.eci.gov.in/ResultAcGenMay2026/ConstituencywiseS2288.htm,2026-05-04 15:38:23
SALEM (WEST),88,RAJ KUMAR .G,Tamizhaga Vaazhvurimai Katchi,347,7,Trailing,0,26085,S2288,https://results.eci.gov.in/ResultAcGenMay2026/ConstituencywiseS2288.htm,2026-05-04 15:38:23
SALEM (WEST),88,LAKSHMANAN.S,Tamilaga Vettri Kazhagam,65099,1,Leading / Top Candidate,39014,26085,S2288,https://results.eci.gov.in/ResultAcGenMay2026/ConstituencywiseS2288.htm,2026-05-04 15:38:23
SALEM (WEST),88,AMIRTHALINGAM.N,Independent,183,16,Trailing,0,26085,S2288,https://results.eci.gov.in/ResultAcGenMay2026/ConstituencywiseS2288.htm,2026-05-04 15:38:23
SALEM (WEST),88,ARUL .S,Independent,46,29,Trailing,0,26085,S2288,https://results.eci.gov.in/ResultAcGenMay2026/ConstituencywiseS2288.htm,2026-05-04 15:38:23
SALEM (WEST),88,ARUL. T,Independent,61,26,Trailing,0,26085,S2288,https://results.eci.gov.in/ResultAcGenMay2026/ConstituencywiseS2288.htm,2026-05-04 15:38:23
SALEM (WEST),88,ARUL.D,Independent,136,19,Trailing,0,26085,S2288,https://results.eci.gov.in/ResultAcGenMay2026/ConstituencywiseS2288.htm,2026-05-04 15:38:23
SALEM (WEST),88,ARUL.P,Independent,191,14,Trailing,0,26085,S2288,https://results.eci.gov.in/ResultAcGenMay2026/ConstituencywiseS2288.htm,2026-05-04 15:38:23
SALEM (WEST),88,KARTHICK.M,Independent,152,18,Trailing,0,26085,S2288,https://results.eci.gov.in/ResultAcGenMay2026/ConstituencywiseS2288.htm,2026-05-04 15:38:23
SALEM (WEST),88,KARTHICK.R,Independent,50,28,Trailing,0,26085,S2288,https://results.eci.gov.in/ResultAcGenMay2026/ConstituencywiseS2288.htm,2026-05-04 15:38:23
SALEM (WEST),88,KUMAR.A.P,Independent,163,17,Trailing,0,26085,S2288,https://results.eci.gov.in/ResultAcGenMay2026/ConstituencywiseS2288.htm,2026-05-04 15:38:23
SALEM (WEST),88,CHANDRASEKARAN.G,Independent,185,15,Trailing,0,26085,S2288,https://results.eci.gov.in/ResultAcGenMay2026/ConstituencywiseS2288.htm,2026-05-04 15:38:23
SALEM (WEST),88,SELVAM.R,Independent,73,23,Trailing,0,26085,S2288,https://results.eci.gov.in/ResultAcGenMay2026/ConstituencywiseS2288.htm,2026-05-04 15:38:23
SALEM (WEST),88,DHANAPAL,Independent,36,30,Trailing,0,26085,S2288,https://results.eci.gov.in/ResultAcGenMay2026/ConstituencywiseS2288.htm,2026-05-04 15:38:23
SALEM (WEST),88,THIYAGARAJAN.M,Independent,101,22,Trailing,0,26085,S2288,https://results.eci.gov.in/ResultAcGenMay2026/ConstituencywiseS2288.htm,2026-05-04 15:38:23
SALEM (WEST),88,BHARATH.S,Independent,197,12,Trailing,0,26085,S2288,https://results.eci.gov.in/ResultAcGenMay2026/ConstituencywiseS2288.htm,2026-05-04 15:38:23
SALEM (WEST),88,BHARANITHARAN.D.K,Independent,65,25,Trailing,0,26085,S2288,https://results.eci.gov.in/ResultAcGenMay2026/ConstituencywiseS2288.htm,2026-05-04 15:38:23
SALEM (WEST),88,PANNEERSELVAM.P,Independent,35,31,Trailing,0,26085,S2288,https://results.eci.gov.in/ResultAcGenMay2026/ConstituencywiseS2288.htm,2026-05-04 15:38:23
SALEM (WEST),88,ER.PRABAKARAN.S,Independent,343,8,Trailing,0,26085,S2288,https://results.eci.gov.in/ResultAcGenMay2026/ConstituencywiseS2288.htm,2026-05-04 15:38:23
SALEM (WEST),88,PERUMAL. A,Independent,103,21,Trailing,0,26085,S2288,https://results.eci.gov.in/ResultAcGenMay2026/ConstituencywiseS2288.htm,2026-05-04 15:38:23
SALEM (WEST),88,MANOHAR.C,Independent,104,20,Trailing,0,26085,S2288,https://results.eci.gov.in/ResultAcGenMay2026/ConstituencywiseS2288.htm,2026-05-04 15:38:23
SALEM (WEST),88,MOHAN RAJ. R,Independent,34,32,Trailing,0,26085,S2288,https://results.eci.gov.in/ResultAcGenMay2026/ConstituencywiseS2288.htm,2026-05-04 15:38:23
SALEM (WEST),88,RADHAKRISHNAN. R,Independent,68,24,Trailing,0,26085,S2288,https://results.eci.gov.in/ResultAcGenMay2026/ConstituencywiseS2288.htm,2026-05-04 15:38:23
SALEM (WEST),88,VIJAYAKUMAR. S,Independent,57,27,Trailing,0,26085,S2288,https://results.eci.gov.in/ResultAcGenMay2026/ConstituencywiseS2288.htm,2026-05-04 15:38:23
SALEM (WEST),88,VELMANIKANDAN. S,Independent,197,13,Trailing,0,26085,S2288,https://results.eci.gov.in/ResultAcGenMay2026/ConstituencywiseS2288.htm,2026-05-04 15:38:23
SALEM (WEST),88,SRISABARINATHAN,Independent,201,11,Trailing,0,26085,S2288,https://results.eci.gov.in/ResultAcGenMay2026/ConstituencywiseS2288.htm,2026-05-04 15:38:23
SALEM (WEST),88,NOTA,None of the Above,570,6,Trailing,0,26085,S2288,https://results.eci.gov.in/ResultAcGenMay2026/ConstituencywiseS2288.htm,2026-05-04 15:38:23
SANKARANKOVIL,219,SANGAI. GANESAN,Indian National Congress,29040,3,Trailing,0,39317,S22219,https://results.eci.gov.in/ResultAcGenMay2026/ConstituencywiseS22219.htm,2026-05-04 15:38:28
SANKARANKOVIL,219,M. KAVITHA,Naam Tamilar Katchi,8709,4,Trailing,0,39317,S22219,https://results.eci.gov.in/ResultAcGenMay2026/ConstituencywiseS22219.htm,2026-05-04 15:38:28
SANKARANKOVIL,219,DR. DHILIPAN JAISHANKAR,All India Anna Dravida Munnetra Kazhagam,42635,1,Leading / Top Candidate,3318,39317,S22219,https://results.eci.gov.in/ResultAcGenMay2026/ConstituencywiseS22219.htm,2026-05-04 15:38:28
SANKARANKOVIL,219,S. MARIAPPAN,Bahujan Samaj Party,344,10,Trailing,0,39317,S22219,https://results.eci.gov.in/ResultAcGenMay2026/ConstituencywiseS22219.htm,2026-05-04 15:38:28
SANKARANKOVIL,219,N.SELVAM,Naam Indiar Party,90,20,Trailing,0,39317,S22219,https://results.eci.gov.in/ResultAcGenMay2026/ConstituencywiseS22219.htm,2026-05-04 15:38:28
SANKARANKOVIL,219,K. THANGAVEL,Puthiya Makkal Tamil Desam Katchi,111,19,Trailing,0,39317,S22219,https://results.eci.gov.in/ResultAcGenMay2026/ConstituencywiseS22219.htm,2026-05-04 15:38:28
SANKARANKOVIL,219,J. PANDI,Bharatha Makkal Katchi,117,17,Trailing,0,39317,S22219,https://results.eci.gov.in/ResultAcGenMay2026/ConstituencywiseS22219.htm,2026-05-04 15:38:28
SANKARANKOVIL,219,PRABAKARAN,Puthiya Tamilagam,2721,6,Trailing,0,39317,S22219,https://results.eci.gov.in/ResultAcGenMay2026/ConstituencywiseS22219.htm,2026-05-04 15:38:28
SANKARANKOVIL,219,C. RAVI,Tamilaga Makkal Nala Katchi,295,12,Trailing,0,39317,S22219,https://results.eci.gov.in/ResultAcGenMay2026/ConstituencywiseS22219.htm,2026-05-04 15:38:28
SANKARANKOVIL,219,C. RAMARAJAN,Tamilaga Vettri Kazhagam,39317,2,Runner-up,0,39317,S22219,https://results.eci.gov.in/ResultAcGenMay2026/ConstituencywiseS22219.htm,2026-05-04 15:38:28
SANKARANKOVIL,219,VASANTHI MURUGESAN,All India Puratchi Thalaivar Makkal Munnettra Kazhagam,5614,5,Trailing,0,39317,S22219,https://results.eci.gov.in/ResultAcGenMay2026/ConstituencywiseS22219.htm,2026-05-04 15:38:28
SANKARANKOVIL,219,VELRAJ .S,Tamizhaga Vaazhvurimai Katchi,113,18,Trailing,0,39317,S22219,https://results.eci.gov.in/ResultAcGenMay2026/ConstituencywiseS22219.htm,2026-05-04 15:38:28
SANKARANKOVIL,219,S.ARULRAJ,Independent,190,14,Trailing,0,39317,S22219,https://results.eci.gov.in/ResultAcGenMay2026/ConstituencywiseS22219.htm,2026-05-04 15:38:28
SANKARANKOVIL,219,ANAND,Independent,463,8,Trailing,0,39317,S22219,https://results.eci.gov.in/ResultAcGenMay2026/ConstituencywiseS22219.htm,2026-05-04 15:38:28
SANKARANKOVIL,219,K. SUBBURAJ,Independent,143,15,Trailing,0,39317,S22219,https://results.eci.gov.in/ResultAcGenMay2026/ConstituencywiseS22219.htm,2026-05-04 15:38:28
SANKARANKOVIL,219,K.SURESH,Independent,479,7,Trailing,0,39317,S22219,https://results.eci.gov.in/ResultAcGenMay2026/ConstituencywiseS22219.htm,2026-05-04 15:38:28
SANKARANKOVIL,219,V. PAULPANDIAN,Independent,344,11,Trailing,0,39317,S22219,https://results.eci.gov.in/ResultAcGenMay2026/ConstituencywiseS22219.htm,2026-05-04 15:38:28
SANKARANKOVIL,219,S. MUTHUSELVAN,Independent,122,16,Trailing,0,39317,S22219,https://results.eci.gov.in/ResultAcGenMay2026/ConstituencywiseS22219.htm,2026-05-04 15:38:28
SANKARANKOVIL,219,K. RAVIKUMAR,Independent,242,13,Trailing,0,39317,S22219,https://results.eci.gov.in/ResultAcGenMay2026/ConstituencywiseS22219.htm,2026-05-04 15:38:28
SANKARANKOVIL,219,M. RAJ,Independent,81,21,Trailing,0,39317,S22219,https://results.eci.gov.in/ResultAcGenMay2026/ConstituencywiseS22219.htm,2026-05-04 15:38:28
SANKARANKOVIL,219,NOTA,None of the Above,373,9,Trailing,0,39317,S22219,https://results.eci.gov.in/ResultAcGenMay2026/ConstituencywiseS22219.htm,2026-05-04 15:38:28
SANKARAPURAM,79,UDHAYASURIYAN T,Dravida Munnetra Kazhagam,30429,1,Leading / Top Candidate,969,29460,S2279,https://results.eci.gov.in/ResultAcGenMay2026/ConstituencywiseS2279.htm,2026-05-04 15:38:32
SANKARAPURAM,79,SUDHA M,Bahujan Samaj Party,272,8,Trailing,0,29460,S2279,https://results.eci.gov.in/ResultAcGenMay2026/ConstituencywiseS2279.htm,2026-05-04 15:38:32
SANKARAPURAM,79,RAMESH K,Naam Tamilar Katchi,1895,4,Trailing,0,29460,S2279,https://results.eci.gov.in/ResultAcGenMay2026/ConstituencywiseS2279.htm,2026-05-04 15:38:32
SANKARAPURAM,79,RAKESH R,All India Anna Dravida Munnetra Kazhagam,29460,2,Runner-up,0,29460,S2279,https://results.eci.gov.in/ResultAcGenMay2026/ConstituencywiseS2279.htm,2026-05-04 15:38:32
SANKARAPURAM,79,RAMACHANDIRAN M,Tamizhaga Vaazhvurimai Katchi,293,6,Trailing,0,29460,S2279,https://results.eci.gov.in/ResultAcGenMay2026/ConstituencywiseS2279.htm,2026-05-04 15:38:32
SANKARAPURAM,79,GANGASEKAR A,MAKKAL SAKTHI KATCHI,74,15,Trailing,0,29460,S2279,https://results.eci.gov.in/ResultAcGenMay2026/ConstituencywiseS2279.htm,2026-05-04 15:38:32
SANKARAPURAM,79,SANNIYASI N,Veerath Thiyagi Viswanathadoss Thozhilalarkal Katchi,49,19,Trailing,0,29460,S2279,https://results.eci.gov.in/ResultAcGenMay2026/ConstituencywiseS2279.htm,2026-05-04 15:38:32
SANKARAPURAM,79,NADARAJAN K,All India Puratchi Thalaivar Makkal Munnettra Kazhagam,127,13,Trailing,0,29460,S2279,https://results.eci.gov.in/ResultAcGenMay2026/ConstituencywiseS2279.htm,2026-05-04 15:38:32
SANKARAPURAM,79,JAGADESAN A,Tamilaga Vettri Kazhagam,23674,3,Trailing,0,29460,S2279,https://results.eci.gov.in/ResultAcGenMay2026/ConstituencywiseS2279.htm,2026-05-04 15:38:32
SANKARAPURAM,79,ANBAZHAGAN S,Independent,44,21,Trailing,0,29460,S2279,https://results.eci.gov.in/ResultAcGenMay2026/ConstituencywiseS2279.htm,2026-05-04 15:38:32
SANKARAPURAM,79,KAVIKUIL V,Independent,38,23,Trailing,0,29460,S2279,https://results.eci.gov.in/ResultAcGenMay2026/ConstituencywiseS2279.htm,2026-05-04 15:38:32
SANKARAPURAM,79,SAMIKKANNU M,Independent,66,16,Trailing,0,29460,S2279,https://results.eci.gov.in/ResultAcGenMay2026/ConstituencywiseS2279.htm,2026-05-04 15:38:32
SANKARAPURAM,79,DURAI EZHILAN P,Independent,172,11,Trailing,0,29460,S2279,https://results.eci.gov.in/ResultAcGenMay2026/ConstituencywiseS2279.htm,2026-05-04 15:38:32
SANKARAPURAM,79,PACHAIYAPPAN K,Independent,181,10,Trailing,0,29460,S2279,https://results.eci.gov.in/ResultAcGenMay2026/ConstituencywiseS2279.htm,2026-05-04 15:38:32
SANKARAPURAM,79,MANI G,Independent,80,14,Trailing,0,29460,S2279,https://results.eci.gov.in/ResultAcGenMay2026/ConstituencywiseS2279.htm,2026-05-04 15:38:32
SANKARAPURAM,79,MANIKANDAN P,Independent,313,5,Trailing,0,29460,S2279,https://results.eci.gov.in/ResultAcGenMay2026/ConstituencywiseS2279.htm,2026-05-04 15:38:32
SANKARAPURAM,79,MAYILAMPARAI MARI A,Independent,286,7,Trailing,0,29460,S2279,https://results.eci.gov.in/ResultAcGenMay2026/ConstituencywiseS2279.htm,2026-05-04 15:38:32
SANKARAPURAM,79,DR.MURUGU K,Independent,56,18,Trailing,0,29460,S2279,https://results.eci.gov.in/ResultAcGenMay2026/ConstituencywiseS2279.htm,2026-05-04 15:38:32
SANKARAPURAM,79,VIGNESH R,Independent,48,20,Trailing,0,29460,S2279,https://results.eci.gov.in/ResultAcGenMay2026/ConstituencywiseS2279.htm,2026-05-04 15:38:32
SANKARAPURAM,79,VIJAY J,Independent,209,9,Trailing,0,29460,S2279,https://results.eci.gov.in/ResultAcGenMay2026/ConstituencywiseS2279.htm,2026-05-04 15:38:32
SANKARAPURAM,79,JAYAPRAKASH K,Independent,60,17,Trailing,0,29460,S2279,https://results.eci.gov.in/ResultAcGenMay2026/ConstituencywiseS2279.htm,2026-05-04 15:38:32
SANKARAPURAM,79,HARUN RASHEETH J,Independent,39,22,Trailing,0,29460,S2279,https://results.eci.gov.in/ResultAcGenMay2026/ConstituencywiseS2279.htm,2026-05-04 15:38:32
SANKARAPURAM,79,NOTA,None of the Above,154,12,Trailing,0,29460,S2279,https://results.eci.gov.in/ResultAcGenMay2026/ConstituencywiseS2279.htm,2026-05-04 15:38:32
SANKARI,87,SETTUMUTHU. V,Bahujan Samaj Party,317,8,Trailing,0,53265,S2287,https://results.eci.gov.in/ResultAcGenMay2026/ConstituencywiseS2287.htm,2026-05-04 15:38:36
SANKARI,87,NITHYA. A,Naam Tamilar Katchi,5210,4,Trailing,0,53265,S2287,https://results.eci.gov.in/ResultAcGenMay2026/ConstituencywiseS2287.htm,2026-05-04 15:38:36
SANKARI,87,MANIKANDAN. M,Dravida Munnetra Kazhagam,44601,3,Trailing,0,53265,S2287,https://results.eci.gov.in/ResultAcGenMay2026/ConstituencywiseS2287.htm,2026-05-04 15:38:36
SANKARI,87,VETRIVEL. S,All India Anna Dravida Munnetra Kazhagam,57482,1,Leading / Top Candidate,4217,53265,S2287,https://results.eci.gov.in/ResultAcGenMay2026/ConstituencywiseS2287.htm,2026-05-04 15:38:36
SANKARI,87,DR. GURUNATHAN. S,Indhu Dravida Makkal Katchi,692,5,Trailing,0,53265,S2287,https://results.eci.gov.in/ResultAcGenMay2026/ConstituencywiseS2287.htm,2026-05-04 15:38:36
SANKARI,87,SENTHILKUMAR. K,Tamilaga Vettri Kazhagam,53265,2,Runner-up,0,53265,S2287,https://results.eci.gov.in/ResultAcGenMay2026/ConstituencywiseS2287.htm,2026-05-04 15:38:36
SANKARI,87,SENTHILKUMAR. R.S.,Tamizhaga Vaazhvurimai Katchi,166,15,Trailing,0,53265,S2287,https://results.eci.gov.in/ResultAcGenMay2026/ConstituencywiseS2287.htm,2026-05-04 15:38:36
SANKARI,87,SAKTHIVEL. G,Independent,62,20,Trailing,0,53265,S2287,https://results.eci.gov.in/ResultAcGenMay2026/ConstituencywiseS2287.htm,2026-05-04 15:38:36
SANKARI,87,SAKTHIVEL. D,Independent,99,18,Trailing,0,53265,S2287,https://results.eci.gov.in/ResultAcGenMay2026/ConstituencywiseS2287.htm,2026-05-04 15:38:36
SANKARI,87,SALMAN. E,Independent,116,16,Trailing,0,53265,S2287,https://results.eci.gov.in/ResultAcGenMay2026/ConstituencywiseS2287.htm,2026-05-04 15:38:36
SANKARI,87,DURAIRAJ. C,Independent,190,12,Trailing,0,53265,S2287,https://results.eci.gov.in/ResultAcGenMay2026/ConstituencywiseS2287.htm,2026-05-04 15:38:36
SANKARI,87,PARAMASIVAM. R,Independent,326,7,Trailing,0,53265,S2287,https://results.eci.gov.in/ResultAcGenMay2026/ConstituencywiseS2287.htm,2026-05-04 15:38:36
SANKARI,87,POOVARASAN. S,Independent,186,13,Trailing,0,53265,S2287,https://results.eci.gov.in/ResultAcGenMay2026/ConstituencywiseS2287.htm,2026-05-04 15:38:36
SANKARI,87,MANIKANDAN. D,Independent,286,9,Trailing,0,53265,S2287,https://results.eci.gov.in/ResultAcGenMay2026/ConstituencywiseS2287.htm,2026-05-04 15:38:36
SANKARI,87,MANIKANDAN. P,Independent,102,17,Trailing,0,53265,S2287,https://results.eci.gov.in/ResultAcGenMay2026/ConstituencywiseS2287.htm,2026-05-04 15:38:36
SANKARI,87,MAYILKUMAR. M,Independent,265,10,Trailing,0,53265,S2287,https://results.eci.gov.in/ResultAcGenMay2026/ConstituencywiseS2287.htm,2026-05-04 15:38:36
SANKARI,87,RANJITH KUMAR. V,Independent,72,19,Trailing,0,53265,S2287,https://results.eci.gov.in/ResultAcGenMay2026/ConstituencywiseS2287.htm,2026-05-04 15:38:36
SANKARI,87,RAMESHKUMAR. V,Independent,62,21,Trailing,0,53265,S2287,https://results.eci.gov.in/ResultAcGenMay2026/ConstituencywiseS2287.htm,2026-05-04 15:38:36
SANKARI,87,VIGNESH. A,Independent,216,11,Trailing,0,53265,S2287,https://results.eci.gov.in/ResultAcGenMay2026/ConstituencywiseS2287.htm,2026-05-04 15:38:36
SANKARI,87,VIJAYAKUMAR. M,Independent,170,14,Trailing,0,53265,S2287,https://results.eci.gov.in/ResultAcGenMay2026/ConstituencywiseS2287.htm,2026-05-04 15:38:36
SANKARI,87,NOTA,None of the Above,523,6,Trailing,0,53265,S2287,https://results.eci.gov.in/ResultAcGenMay2026/ConstituencywiseS2287.htm,2026-05-04 15:38:36
SATTUR,204,ANANDHARAJA. D.,Naam Tamilar Katchi,3270,4,Trailing,0,15469,S22204,https://results.eci.gov.in/ResultAcGenMay2026/ConstituencywiseS22204.htm,2026-05-04 15:38:41
SATTUR,204,KADARKARAIRAJ. A,Dravida Munnetra Kazhagam,15515,1,Leading / Top Candidate,46,15469,S22204,https://results.eci.gov.in/ResultAcGenMay2026/ConstituencywiseS22204.htm,2026-05-04 15:38:41
SATTUR,204,KAMALA VEL SELVAN. P,Bahujan Samaj Party,118,10,Trailing,0,15469,S22204,https://results.eci.gov.in/ResultAcGenMay2026/ConstituencywiseS22204.htm,2026-05-04 15:38:41
SATTUR,204,NAINAR NAGENTHRAN,Bharatiya Janata Party,15317,3,Trailing,0,15469,S22204,https://results.eci.gov.in/ResultAcGenMay2026/ConstituencywiseS22204.htm,2026-05-04 15:38:41
SATTUR,204,AJITH. M,Tamilaga Vettri Kazhagam,15469,2,Runner-up,0,15469,S22204,https://results.eci.gov.in/ResultAcGenMay2026/ConstituencywiseS22204.htm,2026-05-04 15:38:41
SATTUR,204,ESAKKIRAJA. K,All India Puratchi Thalaivar Makkal Munnettra Kazhagam,2517,5,Trailing,0,15469,S22204,https://results.eci.gov.in/ResultAcGenMay2026/ConstituencywiseS22204.htm,2026-05-04 15:38:41
SATTUR,204,THANGA DURAI. P,Puthiya Makkal Tamil Desam Katchi,24,22,Trailing,0,15469,S22204,https://results.eci.gov.in/ResultAcGenMay2026/ConstituencywiseS22204.htm,2026-05-04 15:38:41
SATTUR,204,MUTHUKANNU. C,Tamilaga Makkal Nala Katchi,27,20,Trailing,0,15469,S22204,https://results.eci.gov.in/ResultAcGenMay2026/ConstituencywiseS22204.htm,2026-05-04 15:38:41
SATTUR,204,VELMURUGAN. S,Puthiya Tamilagam,1046,6,Trailing,0,15469,S22204,https://results.eci.gov.in/ResultAcGenMay2026/ConstituencywiseS22204.htm,2026-05-04 15:38:41
SATTUR,204,AJITHKUMAR. S,Independent,24,23,Trailing,0,15469,S22204,https://results.eci.gov.in/ResultAcGenMay2026/ConstituencywiseS22204.htm,2026-05-04 15:38:41
SATTUR,204,KALIRAJ. M,Independent,29,19,Trailing,0,15469,S22204,https://results.eci.gov.in/ResultAcGenMay2026/ConstituencywiseS22204.htm,2026-05-04 15:38:41
SATTUR,204,SARAVANAN. P,Independent,70,12,Trailing,0,15469,S22204,https://results.eci.gov.in/ResultAcGenMay2026/ConstituencywiseS22204.htm,2026-05-04 15:38:41
SATTUR,204,THANGA MARIAPPAN. J,Independent,54,15,Trailing,0,15469,S22204,https://results.eci.gov.in/ResultAcGenMay2026/ConstituencywiseS22204.htm,2026-05-04 15:38:41
SATTUR,204,NARMADA NANDHAKUMAR,Independent,34,17,Trailing,0,15469,S22204,https://results.eci.gov.in/ResultAcGenMay2026/ConstituencywiseS22204.htm,2026-05-04 15:38:41
SATTUR,204,MAHENDRAN. M,Independent,60,14,Trailing,0,15469,S22204,https://results.eci.gov.in/ResultAcGenMay2026/ConstituencywiseS22204.htm,2026-05-04 15:38:41
SATTUR,204,MAHESHKUMAR. M,Independent,54,16,Trailing,0,15469,S22204,https://results.eci.gov.in/ResultAcGenMay2026/ConstituencywiseS22204.htm,2026-05-04 15:38:41
SATTUR,204,MANIVASAGAM.S,Independent,130,7,Trailing,0,15469,S22204,https://results.eci.gov.in/ResultAcGenMay2026/ConstituencywiseS22204.htm,2026-05-04 15:38:41
SATTUR,204,MAYAKKANNAN. V,Independent,125,8,Trailing,0,15469,S22204,https://results.eci.gov.in/ResultAcGenMay2026/ConstituencywiseS22204.htm,2026-05-04 15:38:41
SATTUR,204,MUTHARASAN. M,Independent,30,18,Trailing,0,15469,S22204,https://results.eci.gov.in/ResultAcGenMay2026/ConstituencywiseS22204.htm,2026-05-04 15:38:41
SATTUR,204,RAMESH KUMAR. B,Independent,77,11,Trailing,0,15469,S22204,https://results.eci.gov.in/ResultAcGenMay2026/ConstituencywiseS22204.htm,2026-05-04 15:38:41
SATTUR,204,VIJENDRAN. G,Independent,66,13,Trailing,0,15469,S22204,https://results.eci.gov.in/ResultAcGenMay2026/ConstituencywiseS22204.htm,2026-05-04 15:38:41
SATTUR,204,VENKATESAN. M,Independent,26,21,Trailing,0,15469,S22204,https://results.eci.gov.in/ResultAcGenMay2026/ConstituencywiseS22204.htm,2026-05-04 15:38:41
SATTUR,204,NOTA,None of the Above,123,9,Trailing,0,15469,S22204,https://results.eci.gov.in/ResultAcGenMay2026/ConstituencywiseS22204.htm,2026-05-04 15:38:41
SENTHAMANGALAM,93,C CHANDRASEKARAN,All India Anna Dravida Munnetra Kazhagam,52878,1,Leading / Top Candidate,1231,51647,S2293,https://results.eci.gov.in/ResultAcGenMay2026/ConstituencywiseS2293.htm,2026-05-04 15:38:45
SENTHAMANGALAM,93,P POOMALAR,Dravida Munnetra Kazhagam,50463,3,Trailing,0,51647,S2293,https://results.eci.gov.in/ResultAcGenMay2026/ConstituencywiseS2293.htm,2026-05-04 15:38:45
SENTHAMANGALAM,93,PONNUMANI C,Naam Tamilar Katchi,4783,4,Trailing,0,51647,S2293,https://results.eci.gov.in/ResultAcGenMay2026/ConstituencywiseS2293.htm,2026-05-04 15:38:45
SENTHAMANGALAM,93,P CHANDRASEKAR,Tamilaga Vettri Kazhagam,51647,2,Runner-up,0,51647,S2293,https://results.eci.gov.in/ResultAcGenMay2026/ConstituencywiseS2293.htm,2026-05-04 15:38:45
SENTHAMANGALAM,93,K DURAISAMY,Ganasangam Party of India,145,10,Trailing,0,51647,S2293,https://results.eci.gov.in/ResultAcGenMay2026/ConstituencywiseS2293.htm,2026-05-04 15:38:45
SENTHAMANGALAM,93,P RAMASAMY,Tamizhaga Vaazhvurimai Katchi,80,12,Trailing,0,51647,S2293,https://results.eci.gov.in/ResultAcGenMay2026/ConstituencywiseS2293.htm,2026-05-04 15:38:45
SENTHAMANGALAM,93,C JAGANATHAN,All India Puratchi Thalaivar Makkal Munnettra Kazhagam,89,11,Trailing,0,51647,S2293,https://results.eci.gov.in/ResultAcGenMay2026/ConstituencywiseS2293.htm,2026-05-04 15:38:45
SENTHAMANGALAM,93,C SUTHAN,Independent,72,13,Trailing,0,51647,S2293,https://results.eci.gov.in/ResultAcGenMay2026/ConstituencywiseS2293.htm,2026-05-04 15:38:45
SENTHAMANGALAM,93,M SWAMINATHAN,Independent,198,8,Trailing,0,51647,S2293,https://results.eci.gov.in/ResultAcGenMay2026/ConstituencywiseS2293.htm,2026-05-04 15:38:45
SENTHAMANGALAM,93,A BALAMUGAN,Independent,184,9,Trailing,0,51647,S2293,https://results.eci.gov.in/ResultAcGenMay2026/ConstituencywiseS2293.htm,2026-05-04 15:38:45
SENTHAMANGALAM,93,E MANIKANDAN,Independent,347,7,Trailing,0,51647,S2293,https://results.eci.gov.in/ResultAcGenMay2026/ConstituencywiseS2293.htm,2026-05-04 15:38:45
SENTHAMANGALAM,93,K RAMESH,Independent,498,6,Trailing,0,51647,S2293,https://results.eci.gov.in/ResultAcGenMay2026/ConstituencywiseS2293.htm,2026-05-04 15:38:45
SENTHAMANGALAM,93,NOTA,None of the Above,986,5,Trailing,0,51647,S2293,https://results.eci.gov.in/ResultAcGenMay2026/ConstituencywiseS2293.htm,2026-05-04 15:38:45
SHOLAVANDAN,190,NAGALAKSHMI THIRUMARAN.T,Naam Tamilar Katchi,4618,4,Trailing,0,26136,S22190,https://results.eci.gov.in/ResultAcGenMay2026/ConstituencywiseS22190.htm,2026-05-04 15:38:49
SHOLAVANDAN,190,MANICKAM.K,All India Anna Dravida Munnetra Kazhagam,20332,3,Trailing,0,26136,S22190,https://results.eci.gov.in/ResultAcGenMay2026/ConstituencywiseS22190.htm,2026-05-04 15:38:49
SHOLAVANDAN,190,VENKATESAN.A,Dravida Munnetra Kazhagam,26151,1,Leading / Top Candidate,15,26136,S22190,https://results.eci.gov.in/ResultAcGenMay2026/ConstituencywiseS22190.htm,2026-05-04 15:38:49
SHOLAVANDAN,190,KARUPPAIAH.M.V,Tamilaga Vettri Kazhagam,26136,2,Runner-up,0,26136,S22190,https://results.eci.gov.in/ResultAcGenMay2026/ConstituencywiseS22190.htm,2026-05-04 15:38:49
SHOLAVANDAN,190,THANGAPANDI.P,Tamizhaga Vaazhvurimai Katchi,96,7,Trailing,0,26136,S22190,https://results.eci.gov.in/ResultAcGenMay2026/ConstituencywiseS22190.htm,2026-05-04 15:38:49
SHOLAVANDAN,190,BALAMURUGAN.K,All India Puratchi Thalaivar Makkal Munnettra Kazhagam,1065,5,Trailing,0,26136,S22190,https://results.eci.gov.in/ResultAcGenMay2026/ConstituencywiseS22190.htm,2026-05-04 15:38:49
SHOLAVANDAN,190,RAGHU.K,Puthiya Tamilagam,84,9,Trailing,0,26136,S22190,https://results.eci.gov.in/ResultAcGenMay2026/ConstituencywiseS22190.htm,2026-05-04 15:38:49
SHOLAVANDAN,190,RAMADOSS.C,Indhu Dravida Makkal Katchi,22,14,Trailing,0,26136,S22190,https://results.eci.gov.in/ResultAcGenMay2026/ConstituencywiseS22190.htm,2026-05-04 15:38:49
SHOLAVANDAN,190,AJAY SUBASH.B,Independent,31,13,Trailing,0,26136,S22190,https://results.eci.gov.in/ResultAcGenMay2026/ConstituencywiseS22190.htm,2026-05-04 15:38:49
SHOLAVANDAN,190,KRISHNASAMY.P,Independent,18,15,Trailing,0,26136,S22190,https://results.eci.gov.in/ResultAcGenMay2026/ConstituencywiseS22190.htm,2026-05-04 15:38:49
SHOLAVANDAN,190,GUNASEKARAN.P,Independent,33,12,Trailing,0,26136,S22190,https://results.eci.gov.in/ResultAcGenMay2026/ConstituencywiseS22190.htm,2026-05-04 15:38:49
SHOLAVANDAN,190,BALAMURUGAN.C,Independent,60,11,Trailing,0,26136,S22190,https://results.eci.gov.in/ResultAcGenMay2026/ConstituencywiseS22190.htm,2026-05-04 15:38:49
SHOLAVANDAN,190,BALAMURUGAN.R,Independent,77,10,Trailing,0,26136,S22190,https://results.eci.gov.in/ResultAcGenMay2026/ConstituencywiseS22190.htm,2026-05-04 15:38:49
SHOLAVANDAN,190,RANJITH KUMAR.S,Independent,85,8,Trailing,0,26136,S22190,https://results.eci.gov.in/ResultAcGenMay2026/ConstituencywiseS22190.htm,2026-05-04 15:38:49
SHOLAVANDAN,190,NOTA,None of the Above,224,6,Trailing,0,26136,S22190,https://results.eci.gov.in/ResultAcGenMay2026/ConstituencywiseS22190.htm,2026-05-04 15:38:49
SHOLINGUR,39,A.ASHOK KUMAR,Naam Tamilar Katchi,2387,4,Trailing,0,31823,S2239,https://results.eci.gov.in/ResultAcGenMay2026/ConstituencywiseS2239.htm,2026-05-04 15:38:53
SHOLINGUR,39,M.GIRIDHARAN,Bahujan Samaj Party,146,10,Trailing,0,31823,S2239,https://results.eci.gov.in/ResultAcGenMay2026/ConstituencywiseS2239.htm,2026-05-04 15:38:53
SHOLINGUR,39,A.M.MUNIRATHINAM,Indian National Congress,24485,3,Trailing,0,31823,S2239,https://results.eci.gov.in/ResultAcGenMay2026/ConstituencywiseS2239.htm,2026-05-04 15:38:53
SHOLINGUR,39,G.KAPIL,Tamilaga Vettri Kazhagam,32260,1,Leading / Top Candidate,437,31823,S2239,https://results.eci.gov.in/ResultAcGenMay2026/ConstituencywiseS2239.htm,2026-05-04 15:38:53
SHOLINGUR,39,K.SARAVANAN,Pattali Makkal Katchi,31823,2,Runner-up,0,31823,S2239,https://results.eci.gov.in/ResultAcGenMay2026/ConstituencywiseS2239.htm,2026-05-04 15:38:53
SHOLINGUR,39,SUDHAKAR.K,Tamizhaga Vaazhvurimai Katchi,286,5,Trailing,0,31823,S2239,https://results.eci.gov.in/ResultAcGenMay2026/ConstituencywiseS2239.htm,2026-05-04 15:38:53
SHOLINGUR,39,S.SENTHILKUMAR,Vanchit Bahujan Aaghadi,77,17,Trailing,0,31823,S2239,https://results.eci.gov.in/ResultAcGenMay2026/ConstituencywiseS2239.htm,2026-05-04 15:38:53
SHOLINGUR,39,R.VINOTH,Veerath Thiyagi Viswanathadoss Thozhilalarkal Katchi,56,22,Trailing,0,31823,S2239,https://results.eci.gov.in/ResultAcGenMay2026/ConstituencywiseS2239.htm,2026-05-04 15:38:53
SHOLINGUR,39,A.ANANDAN,Independent,51,23,Trailing,0,31823,S2239,https://results.eci.gov.in/ResultAcGenMay2026/ConstituencywiseS2239.htm,2026-05-04 15:38:53
SHOLINGUR,39,S.ILAYARAJA,Independent,59,21,Trailing,0,31823,S2239,https://results.eci.gov.in/ResultAcGenMay2026/ConstituencywiseS2239.htm,2026-05-04 15:38:53
SHOLINGUR,39,KAVIYARASAN.SUBIRAMANI,Independent,87,16,Trailing,0,31823,S2239,https://results.eci.gov.in/ResultAcGenMay2026/ConstituencywiseS2239.htm,2026-05-04 15:38:53
SHOLINGUR,39,N.GOPALAKRISHNAN,Independent,149,9,Trailing,0,31823,S2239,https://results.eci.gov.in/ResultAcGenMay2026/ConstituencywiseS2239.htm,2026-05-04 15:38:53
SHOLINGUR,39,V.SADHASIVAM,Independent,76,18,Trailing,0,31823,S2239,https://results.eci.gov.in/ResultAcGenMay2026/ConstituencywiseS2239.htm,2026-05-04 15:38:53
SHOLINGUR,39,SANTHANAM.R,Independent,125,14,Trailing,0,31823,S2239,https://results.eci.gov.in/ResultAcGenMay2026/ConstituencywiseS2239.htm,2026-05-04 15:38:53
SHOLINGUR,39,R.SETHUPATHI,Independent,36,24,Trailing,0,31823,S2239,https://results.eci.gov.in/ResultAcGenMay2026/ConstituencywiseS2239.htm,2026-05-04 15:38:53
SHOLINGUR,39,M.DINESH,Independent,127,12,Trailing,0,31823,S2239,https://results.eci.gov.in/ResultAcGenMay2026/ConstituencywiseS2239.htm,2026-05-04 15:38:53
SHOLINGUR,39,A.PALANI,Independent,74,19,Trailing,0,31823,S2239,https://results.eci.gov.in/ResultAcGenMay2026/ConstituencywiseS2239.htm,2026-05-04 15:38:53
SHOLINGUR,39,N.MANI,Independent,103,15,Trailing,0,31823,S2239,https://results.eci.gov.in/ResultAcGenMay2026/ConstituencywiseS2239.htm,2026-05-04 15:38:53
SHOLINGUR,39,K.MUNISAMY,Independent,201,8,Trailing,0,31823,S2239,https://results.eci.gov.in/ResultAcGenMay2026/ConstituencywiseS2239.htm,2026-05-04 15:38:53
SHOLINGUR,39,V.MUNIRATHINAM,Independent,127,13,Trailing,0,31823,S2239,https://results.eci.gov.in/ResultAcGenMay2026/ConstituencywiseS2239.htm,2026-05-04 15:38:53
SHOLINGUR,39,T.RAJENDRAN,Independent,145,11,Trailing,0,31823,S2239,https://results.eci.gov.in/ResultAcGenMay2026/ConstituencywiseS2239.htm,2026-05-04 15:38:53
SHOLINGUR,39,M.VIJAYAN,Independent,231,7,Trailing,0,31823,S2239,https://results.eci.gov.in/ResultAcGenMay2026/ConstituencywiseS2239.htm,2026-05-04 15:38:53
SHOLINGUR,39,V.HEMACHANDIRAN,Independent,66,20,Trailing,0,31823,S2239,https://results.eci.gov.in/ResultAcGenMay2026/ConstituencywiseS2239.htm,2026-05-04 15:38:53
SHOLINGUR,39,NOTA,None of the Above,241,6,Trailing,0,31823,S2239,https://results.eci.gov.in/ResultAcGenMay2026/ConstituencywiseS2239.htm,2026-05-04 15:38:53
SHOZHINGANALLUR,27,S. ARAVIND RAMESH,Dravida Munnetra Kazhagam,44423,2,Runner-up,0,44423,S2227,https://results.eci.gov.in/ResultAcGenMay2026/ConstituencywiseS2227.htm,2026-05-04 15:38:58
SHOZHINGANALLUR,27,K.P.KANDAN,All India Anna Dravida Munnetra Kazhagam,31725,3,Trailing,0,44423,S2227,https://results.eci.gov.in/ResultAcGenMay2026/ConstituencywiseS2227.htm,2026-05-04 15:38:58
SHOZHINGANALLUR,27,S.PUSHNA KUMAR,Bahujan Samaj Party,186,6,Trailing,0,44423,S2227,https://results.eci.gov.in/ResultAcGenMay2026/ConstituencywiseS2227.htm,2026-05-04 15:38:58
SHOZHINGANALLUR,27,R JAYALAKSHMI,Naam Tamilar Katchi,8181,4,Trailing,0,44423,S2227,https://results.eci.gov.in/ResultAcGenMay2026/ConstituencywiseS2227.htm,2026-05-04 15:38:58
SHOZHINGANALLUR,27,M. ALEXANDAR,Naam Indiar Party,48,22,Trailing,0,44423,S2227,https://results.eci.gov.in/ResultAcGenMay2026/ConstituencywiseS2227.htm,2026-05-04 15:38:58
SHOZHINGANALLUR,27,M. CHRISTHU DASS,Dravida Jananayaga Makkal Katchi,146,9,Trailing,0,44423,S2227,https://results.eci.gov.in/ResultAcGenMay2026/ConstituencywiseS2227.htm,2026-05-04 15:38:58
SHOZHINGANALLUR,27,ECR P SARAVANAN,Tamilaga Vettri Kazhagam,76057,1,Leading / Top Candidate,31634,44423,S2227,https://results.eci.gov.in/ResultAcGenMay2026/ConstituencywiseS2227.htm,2026-05-04 15:38:58
SHOZHINGANALLUR,27,M.G.RAMU,Jebamani Janata,112,10,Trailing,0,44423,S2227,https://results.eci.gov.in/ResultAcGenMay2026/ConstituencywiseS2227.htm,2026-05-04 15:38:58
SHOZHINGANALLUR,27,K. VISHWANATHAN,All India Puratchi Thalaivar Makkal Munnettra Kazhagam,66,16,Trailing,0,44423,S2227,https://results.eci.gov.in/ResultAcGenMay2026/ConstituencywiseS2227.htm,2026-05-04 15:38:58
SHOZHINGANALLUR,27,R RAVICHANDRAN,Independent,70,13,Trailing,0,44423,S2227,https://results.eci.gov.in/ResultAcGenMay2026/ConstituencywiseS2227.htm,2026-05-04 15:38:58
SHOZHINGANALLUR,27,V. KANDHAN,Independent,32,26,Trailing,0,44423,S2227,https://results.eci.gov.in/ResultAcGenMay2026/ConstituencywiseS2227.htm,2026-05-04 15:38:58
SHOZHINGANALLUR,27,S. KARTHIK,Independent,68,15,Trailing,0,44423,S2227,https://results.eci.gov.in/ResultAcGenMay2026/ConstituencywiseS2227.htm,2026-05-04 15:38:58
SHOZHINGANALLUR,27,S.GOVINDHAN,Independent,49,21,Trailing,0,44423,S2227,https://results.eci.gov.in/ResultAcGenMay2026/ConstituencywiseS2227.htm,2026-05-04 15:38:58
SHOZHINGANALLUR,27,P.CHANDRA KANTH,Independent,34,25,Trailing,0,44423,S2227,https://results.eci.gov.in/ResultAcGenMay2026/ConstituencywiseS2227.htm,2026-05-04 15:38:58
SHOZHINGANALLUR,27,CHANDRASEKARAN,Independent,64,18,Trailing,0,44423,S2227,https://results.eci.gov.in/ResultAcGenMay2026/ConstituencywiseS2227.htm,2026-05-04 15:38:58
SHOZHINGANALLUR,27,D. SRINIVASAN,Independent,69,14,Trailing,0,44423,S2227,https://results.eci.gov.in/ResultAcGenMay2026/ConstituencywiseS2227.htm,2026-05-04 15:38:58
SHOZHINGANALLUR,27,G SURESH KUMAR,Independent,164,8,Trailing,0,44423,S2227,https://results.eci.gov.in/ResultAcGenMay2026/ConstituencywiseS2227.htm,2026-05-04 15:38:58
SHOZHINGANALLUR,27,N.PRASHANTHA RAO,Independent,177,7,Trailing,0,44423,S2227,https://results.eci.gov.in/ResultAcGenMay2026/ConstituencywiseS2227.htm,2026-05-04 15:38:58
SHOZHINGANALLUR,27,A.MOHAMMED GANI,Independent,29,27,Trailing,0,44423,S2227,https://results.eci.gov.in/ResultAcGenMay2026/ConstituencywiseS2227.htm,2026-05-04 15:38:58
SHOZHINGANALLUR,27,MUTHARASAN,Independent,20,28,Trailing,0,44423,S2227,https://results.eci.gov.in/ResultAcGenMay2026/ConstituencywiseS2227.htm,2026-05-04 15:38:58
SHOZHINGANALLUR,27,E. MURALI B.A,Independent,65,17,Trailing,0,44423,S2227,https://results.eci.gov.in/ResultAcGenMay2026/ConstituencywiseS2227.htm,2026-05-04 15:38:58
SHOZHINGANALLUR,27,R.YOGESHWARAN,Independent,39,24,Trailing,0,44423,S2227,https://results.eci.gov.in/ResultAcGenMay2026/ConstituencywiseS2227.htm,2026-05-04 15:38:58
SHOZHINGANALLUR,27,RAMANATHAN M,Independent,83,12,Trailing,0,44423,S2227,https://results.eci.gov.in/ResultAcGenMay2026/ConstituencywiseS2227.htm,2026-05-04 15:38:58
SHOZHINGANALLUR,27,RAJESH,Independent,60,19,Trailing,0,44423,S2227,https://results.eci.gov.in/ResultAcGenMay2026/ConstituencywiseS2227.htm,2026-05-04 15:38:58
SHOZHINGANALLUR,27,E. VIJAY,Independent,85,11,Trailing,0,44423,S2227,https://results.eci.gov.in/ResultAcGenMay2026/ConstituencywiseS2227.htm,2026-05-04 15:38:58
SHOZHINGANALLUR,27,FARMER JAYARAMAN S K J,Independent,44,23,Trailing,0,44423,S2227,https://results.eci.gov.in/ResultAcGenMay2026/ConstituencywiseS2227.htm,2026-05-04 15:38:58
SHOZHINGANALLUR,27,JAIKUMAR BALACHANDRAN,Independent,53,20,Trailing,0,44423,S2227,https://results.eci.gov.in/ResultAcGenMay2026/ConstituencywiseS2227.htm,2026-05-04 15:38:58
SHOZHINGANALLUR,27,NOTA,None of the Above,839,5,Trailing,0,44423,S2227,https://results.eci.gov.in/ResultAcGenMay2026/ConstituencywiseS2227.htm,2026-05-04 15:38:58
SINGANALLUR,121,SIVAJI PERUMAL,Bahujan Samaj Party,205,6,Trailing,0,30539,S22121,https://results.eci.gov.in/ResultAcGenMay2026/ConstituencywiseS22121.htm,2026-05-04 15:39:02
SINGANALLUR,121,NEHRUJI GUNASEKARAN,Naam Tamilar Katchi,4710,4,Trailing,0,30539,S22121,https://results.eci.gov.in/ResultAcGenMay2026/ConstituencywiseS22121.htm,2026-05-04 15:39:02
SINGANALLUR,121,K.R.JAYARAM,All India Anna Dravida Munnetra Kazhagam,30539,2,Runner-up,0,30539,S22121,https://results.eci.gov.in/ResultAcGenMay2026/ConstituencywiseS22121.htm,2026-05-04 15:39:02
SINGANALLUR,121,V.SRINIDHI,Indian National Congress,28427,3,Trailing,0,30539,S22121,https://results.eci.gov.in/ResultAcGenMay2026/ConstituencywiseS22121.htm,2026-05-04 15:39:02
SINGANALLUR,121,N.R.APPATHURAI,All India Puratchi Thalaivar Makkal Munnettra Kazhagam,154,7,Trailing,0,30539,S22121,https://results.eci.gov.in/ResultAcGenMay2026/ConstituencywiseS22121.htm,2026-05-04 15:39:02
SINGANALLUR,121,SARVESWARAN,Party for the Rights of Other backward Classes,90,12,Trailing,0,30539,S22121,https://results.eci.gov.in/ResultAcGenMay2026/ConstituencywiseS22121.htm,2026-05-04 15:39:02
SINGANALLUR,121,S.S.SUNDHARAM,Rashtriya Samaj Dal (R),99,11,Trailing,0,30539,S22121,https://results.eci.gov.in/ResultAcGenMay2026/ConstituencywiseS22121.htm,2026-05-04 15:39:02
SINGANALLUR,121,MURUGAN.O,Ganasangam Party of India,105,10,Trailing,0,30539,S22121,https://results.eci.gov.in/ResultAcGenMay2026/ConstituencywiseS22121.htm,2026-05-04 15:39:02
SINGANALLUR,121,K.S.SRI GIRI PRASATH,Tamilaga Vettri Kazhagam,43392,1,Leading / Top Candidate,12853,30539,S22121,https://results.eci.gov.in/ResultAcGenMay2026/ConstituencywiseS22121.htm,2026-05-04 15:39:02
SINGANALLUR,121,AKBAR ALI,Independent,110,9,Trailing,0,30539,S22121,https://results.eci.gov.in/ResultAcGenMay2026/ConstituencywiseS22121.htm,2026-05-04 15:39:02
SINGANALLUR,121,M.ASHOK KUMAR,Independent,45,22,Trailing,0,30539,S22121,https://results.eci.gov.in/ResultAcGenMay2026/ConstituencywiseS22121.htm,2026-05-04 15:39:02
SINGANALLUR,121,AYOOB RIYAS,Independent,17,29,Trailing,0,30539,S22121,https://results.eci.gov.in/ResultAcGenMay2026/ConstituencywiseS22121.htm,2026-05-04 15:39:02
SINGANALLUR,121,N.RAJASEKARAN,Independent,61,16,Trailing,0,30539,S22121,https://results.eci.gov.in/ResultAcGenMay2026/ConstituencywiseS22121.htm,2026-05-04 15:39:02
SINGANALLUR,121,UMA PARAMASIVAM,Independent,58,20,Trailing,0,30539,S22121,https://results.eci.gov.in/ResultAcGenMay2026/ConstituencywiseS22121.htm,2026-05-04 15:39:02
SINGANALLUR,121,KARTHIK,Independent,24,28,Trailing,0,30539,S22121,https://results.eci.gov.in/ResultAcGenMay2026/ConstituencywiseS22121.htm,2026-05-04 15:39:02
SINGANALLUR,121,K.KUMAR BABU,Independent,61,17,Trailing,0,30539,S22121,https://results.eci.gov.in/ResultAcGenMay2026/ConstituencywiseS22121.htm,2026-05-04 15:39:02
SINGANALLUR,121,S.SATHEESH,Independent,75,15,Trailing,0,30539,S22121,https://results.eci.gov.in/ResultAcGenMay2026/ConstituencywiseS22121.htm,2026-05-04 15:39:02
SINGANALLUR,121,SUBARAMANIAN.N,Independent,61,18,Trailing,0,30539,S22121,https://results.eci.gov.in/ResultAcGenMay2026/ConstituencywiseS22121.htm,2026-05-04 15:39:02
SINGANALLUR,121,P.TAMILSELVI,Independent,90,13,Trailing,0,30539,S22121,https://results.eci.gov.in/ResultAcGenMay2026/ConstituencywiseS22121.htm,2026-05-04 15:39:02
SINGANALLUR,121,THAHIR HUSSAIN,Independent,133,8,Trailing,0,30539,S22121,https://results.eci.gov.in/ResultAcGenMay2026/ConstituencywiseS22121.htm,2026-05-04 15:39:02
SINGANALLUR,121,V.BALAMURUGAN,Independent,59,19,Trailing,0,30539,S22121,https://results.eci.gov.in/ResultAcGenMay2026/ConstituencywiseS22121.htm,2026-05-04 15:39:02
SINGANALLUR,121,R.MANIKANDABRABHU,Independent,30,26,Trailing,0,30539,S22121,https://results.eci.gov.in/ResultAcGenMay2026/ConstituencywiseS22121.htm,2026-05-04 15:39:02
SINGANALLUR,121,A.MOUNAKUMAR,Independent,25,27,Trailing,0,30539,S22121,https://results.eci.gov.in/ResultAcGenMay2026/ConstituencywiseS22121.htm,2026-05-04 15:39:02
SINGANALLUR,121,DR.K.RAJKUMAR,Independent,33,25,Trailing,0,30539,S22121,https://results.eci.gov.in/ResultAcGenMay2026/ConstituencywiseS22121.htm,2026-05-04 15:39:02
SINGANALLUR,121,RAJKUMAR.M,Independent,56,21,Trailing,0,30539,S22121,https://results.eci.gov.in/ResultAcGenMay2026/ConstituencywiseS22121.htm,2026-05-04 15:39:02
SINGANALLUR,121,VASANTHI,Independent,35,24,Trailing,0,30539,S22121,https://results.eci.gov.in/ResultAcGenMay2026/ConstituencywiseS22121.htm,2026-05-04 15:39:02
SINGANALLUR,121,VIJAYAKUMAR,Independent,37,23,Trailing,0,30539,S22121,https://results.eci.gov.in/ResultAcGenMay2026/ConstituencywiseS22121.htm,2026-05-04 15:39:02
SINGANALLUR,121,JANANI.D,Independent,88,14,Trailing,0,30539,S22121,https://results.eci.gov.in/ResultAcGenMay2026/ConstituencywiseS22121.htm,2026-05-04 15:39:02
SINGANALLUR,121,NOTA,None of the Above,713,5,Trailing,0,30539,S22121,https://results.eci.gov.in/ResultAcGenMay2026/ConstituencywiseS22121.htm,2026-05-04 15:39:02
SIRKAZHI,160,GAJENDRAN.KANAGA,Bahujan Samaj Party,445,5,Trailing,0,42280,S22160,https://results.eci.gov.in/ResultAcGenMay2026/ConstituencywiseS22160.htm,2026-05-04 15:39:06
SIRKAZHI,160,SAKTHI.M,All India Anna Dravida Munnetra Kazhagam,40646,3,Trailing,0,42280,S22160,https://results.eci.gov.in/ResultAcGenMay2026/ConstituencywiseS22160.htm,2026-05-04 15:39:06
SIRKAZHI,160,SUBASH.R,Naam Tamilar Katchi,4831,4,Trailing,0,42280,S22160,https://results.eci.gov.in/ResultAcGenMay2026/ConstituencywiseS22160.htm,2026-05-04 15:39:06
SIRKAZHI,160,SENTHILSELVAN.R,Dravida Munnetra Kazhagam,49729,1,Leading / Top Candidate,7449,42280,S22160,https://results.eci.gov.in/ResultAcGenMay2026/ConstituencywiseS22160.htm,2026-05-04 15:39:06
SIRKAZHI,160,GOPINATH.S,Tamilaga Vettri Kazhagam,42280,2,Runner-up,0,42280,S22160,https://results.eci.gov.in/ResultAcGenMay2026/ConstituencywiseS22160.htm,2026-05-04 15:39:06
SIRKAZHI,160,PANDIYAN.C.R,Indhu Dravida Makkal Katchi,184,8,Trailing,0,42280,S22160,https://results.eci.gov.in/ResultAcGenMay2026/ConstituencywiseS22160.htm,2026-05-04 15:39:06
SIRKAZHI,160,BABUSANKAR.R,Our Mahathma National Party,135,10,Trailing,0,42280,S22160,https://results.eci.gov.in/ResultAcGenMay2026/ConstituencywiseS22160.htm,2026-05-04 15:39:06
SIRKAZHI,160,PETHAPERUMAL.K,Tamizhaga Vaazhvurimai Katchi,127,11,Trailing,0,42280,S22160,https://results.eci.gov.in/ResultAcGenMay2026/ConstituencywiseS22160.htm,2026-05-04 15:39:06
SIRKAZHI,160,MALATHI.A,All India Puratchi Thalaivar Makkal Munnettra Kazhagam,264,7,Trailing,0,42280,S22160,https://results.eci.gov.in/ResultAcGenMay2026/ConstituencywiseS22160.htm,2026-05-04 15:39:06
SIRKAZHI,160,TAMILVENTHAN.R,Independent,141,9,Trailing,0,42280,S22160,https://results.eci.gov.in/ResultAcGenMay2026/ConstituencywiseS22160.htm,2026-05-04 15:39:06
SIRKAZHI,160,NOTA,None of the Above,410,6,Trailing,0,42280,S22160,https://results.eci.gov.in/ResultAcGenMay2026/ConstituencywiseS22160.htm,2026-05-04 15:39:06
SIVAGANGA,186,INDHUJA R,Naam Tamilar Katchi,8694,4,Trailing,0,27467,S22186,https://results.eci.gov.in/ResultAcGenMay2026/ConstituencywiseS22186.htm,2026-05-04 15:39:11
SIVAGANGA,186,KARUNAAS S,Dravida Munnetra Kazhagam,25680,3,Trailing,0,27467,S22186,https://results.eci.gov.in/ResultAcGenMay2026/ConstituencywiseS22186.htm,2026-05-04 15:39:11
SIVAGANGA,186,SENTHILNATHAN PR,All India Anna Dravida Munnetra Kazhagam,27467,2,Runner-up,0,27467,S22186,https://results.eci.gov.in/ResultAcGenMay2026/ConstituencywiseS22186.htm,2026-05-04 15:39:11
SIVAGANGA,186,MARIMUTHU K,Bahujan Samaj Party,185,7,Trailing,0,27467,S22186,https://results.eci.gov.in/ResultAcGenMay2026/ConstituencywiseS22186.htm,2026-05-04 15:39:11
SIVAGANGA,186,RAJAMANICKAM M,Desiya Makkal Sakthi Katchi,155,8,Trailing,0,27467,S22186,https://results.eci.gov.in/ResultAcGenMay2026/ConstituencywiseS22186.htm,2026-05-04 15:39:11
SIVAGANGA,186,KULANTHAI RANI A,Tamilaga Vettri Kazhagam,34738,1,Leading / Top Candidate,7271,27467,S22186,https://results.eci.gov.in/ResultAcGenMay2026/ConstituencywiseS22186.htm,2026-05-04 15:39:11
SIVAGANGA,186,MURUGANANTHAM GURU,All India Puratchi Thalaivar Makkal Munnettra Kazhagam,520,5,Trailing,0,27467,S22186,https://results.eci.gov.in/ResultAcGenMay2026/ConstituencywiseS22186.htm,2026-05-04 15:39:11
SIVAGANGA,186,RAJESH X,Tamizhaga Vaazhvurimai Katchi,153,9,Trailing,0,27467,S22186,https://results.eci.gov.in/ResultAcGenMay2026/ConstituencywiseS22186.htm,2026-05-04 15:39:11
SIVAGANGA,186,RAJKUMAR C,Party for the Rights of Other backward Classes,105,13,Trailing,0,27467,S22186,https://results.eci.gov.in/ResultAcGenMay2026/ConstituencywiseS22186.htm,2026-05-04 15:39:11
SIVAGANGA,186,IRUDAYARAJ V,Independent,38,18,Trailing,0,27467,S22186,https://results.eci.gov.in/ResultAcGenMay2026/ConstituencywiseS22186.htm,2026-05-04 15:39:11
SIVAGANGA,186,KARTHIK M,Independent,141,10,Trailing,0,27467,S22186,https://results.eci.gov.in/ResultAcGenMay2026/ConstituencywiseS22186.htm,2026-05-04 15:39:11
SIVAGANGA,186,KALEESWARAN M,Independent,69,16,Trailing,0,27467,S22186,https://results.eci.gov.in/ResultAcGenMay2026/ConstituencywiseS22186.htm,2026-05-04 15:39:11
SIVAGANGA,186,SANTHANAM,Independent,54,17,Trailing,0,27467,S22186,https://results.eci.gov.in/ResultAcGenMay2026/ConstituencywiseS22186.htm,2026-05-04 15:39:11
SIVAGANGA,186,NAGAPRABU,Independent,100,14,Trailing,0,27467,S22186,https://results.eci.gov.in/ResultAcGenMay2026/ConstituencywiseS22186.htm,2026-05-04 15:39:11
SIVAGANGA,186,PAULSAMY,Independent,136,11,Trailing,0,27467,S22186,https://results.eci.gov.in/ResultAcGenMay2026/ConstituencywiseS22186.htm,2026-05-04 15:39:11
SIVAGANGA,186,PRABAKARAN S.T,Independent,115,12,Trailing,0,27467,S22186,https://results.eci.gov.in/ResultAcGenMay2026/ConstituencywiseS22186.htm,2026-05-04 15:39:11
SIVAGANGA,186,RAMESH K,Independent,78,15,Trailing,0,27467,S22186,https://results.eci.gov.in/ResultAcGenMay2026/ConstituencywiseS22186.htm,2026-05-04 15:39:11
SIVAGANGA,186,NOTA,None of the Above,449,6,Trailing,0,27467,S22186,https://results.eci.gov.in/ResultAcGenMay2026/ConstituencywiseS22186.htm,2026-05-04 15:39:11
SIVAKASI,205,ASHOKAN G,Indian National Congress,20847,3,Trailing,0,21631,S22205,https://results.eci.gov.in/ResultAcGenMay2026/ConstituencywiseS22205.htm,2026-05-04 15:39:15
SIVAKASI,205,ESTHER MARY DIANA A,Naam Tamilar Katchi,3719,4,Trailing,0,21631,S22205,https://results.eci.gov.in/ResultAcGenMay2026/ConstituencywiseS22205.htm,2026-05-04 15:39:15
SIVAKASI,205,SURESH K,Bahujan Samaj Party,95,9,Trailing,0,21631,S22205,https://results.eci.gov.in/ResultAcGenMay2026/ConstituencywiseS22205.htm,2026-05-04 15:39:15
SIVAKASI,205,RAJENTHRABHALAJI K T,All India Anna Dravida Munnetra Kazhagam,21631,2,Runner-up,0,21631,S22205,https://results.eci.gov.in/ResultAcGenMay2026/ConstituencywiseS22205.htm,2026-05-04 15:39:15
SIVAKASI,205,GANESAN M,All India Puratchi Thalaivar Makkal Munnettra Kazhagam,790,6,Trailing,0,21631,S22205,https://results.eci.gov.in/ResultAcGenMay2026/ConstituencywiseS22205.htm,2026-05-04 15:39:15
SIVAKASI,205,KANIPANDI M,Puthiya Tamilagam,1366,5,Trailing,0,21631,S22205,https://results.eci.gov.in/ResultAcGenMay2026/ConstituencywiseS22205.htm,2026-05-04 15:39:15
SIVAKASI,205,KEERTHANA S,Tamilaga Vettri Kazhagam,23965,1,Leading / Top Candidate,2334,21631,S22205,https://results.eci.gov.in/ResultAcGenMay2026/ConstituencywiseS22205.htm,2026-05-04 15:39:15
SIVAKASI,205,CHINNADURAI ALIAS DIMITRO S,Communist Party of India (Marxist-Leninist) (Liberation),55,13,Trailing,0,21631,S22205,https://results.eci.gov.in/ResultAcGenMay2026/ConstituencywiseS22205.htm,2026-05-04 15:39:15
SIVAKASI,205,GANESAN S,Independent,47,14,Trailing,0,21631,S22205,https://results.eci.gov.in/ResultAcGenMay2026/ConstituencywiseS22205.htm,2026-05-04 15:39:15
SIVAKASI,205,GANESAN V,Independent,38,15,Trailing,0,21631,S22205,https://results.eci.gov.in/ResultAcGenMay2026/ConstituencywiseS22205.htm,2026-05-04 15:39:15
SIVAKASI,205,NAGALAKSHMI V,Independent,80,11,Trailing,0,21631,S22205,https://results.eci.gov.in/ResultAcGenMay2026/ConstituencywiseS22205.htm,2026-05-04 15:39:15
SIVAKASI,205,MURUGAN M,Independent,57,12,Trailing,0,21631,S22205,https://results.eci.gov.in/ResultAcGenMay2026/ConstituencywiseS22205.htm,2026-05-04 15:39:15
SIVAKASI,205,RAMESH P,Independent,85,10,Trailing,0,21631,S22205,https://results.eci.gov.in/ResultAcGenMay2026/ConstituencywiseS22205.htm,2026-05-04 15:39:15
SIVAKASI,205,VENKATESH V,Independent,112,8,Trailing,0,21631,S22205,https://results.eci.gov.in/ResultAcGenMay2026/ConstituencywiseS22205.htm,2026-05-04 15:39:15
SIVAKASI,205,NOTA,None of the Above,328,7,Trailing,0,21631,S22205,https://results.eci.gov.in/ResultAcGenMay2026/ConstituencywiseS22205.htm,2026-05-04 15:39:15
SRIPERUMBUDUR,29,M. SINDHU EZHILARASAN,Naam Tamilar Katchi,5639,4,Trailing,0,44133,S2229,https://results.eci.gov.in/ResultAcGenMay2026/ConstituencywiseS2229.htm,2026-05-04 15:39:19
SRIPERUMBUDUR,29,K. SELVAPERUNTHAGAI,Indian National Congress,44133,2,Runner-up,0,44133,S2229,https://results.eci.gov.in/ResultAcGenMay2026/ConstituencywiseS2229.htm,2026-05-04 15:39:19
SRIPERUMBUDUR,29,K. PALANI,All India Anna Dravida Munnetra Kazhagam,36061,3,Trailing,0,44133,S2229,https://results.eci.gov.in/ResultAcGenMay2026/ConstituencywiseS2229.htm,2026-05-04 15:39:19
SRIPERUMBUDUR,29,A. GURUANANDHAN,Anaithinthiya Anna Dravida Makkal Seyal katchi,236,8,Trailing,0,44133,S2229,https://results.eci.gov.in/ResultAcGenMay2026/ConstituencywiseS2229.htm,2026-05-04 15:39:19
SRIPERUMBUDUR,29,A.GNANASEKARAN,Tamizhaga Vaazhvurimai Katchi,153,9,Trailing,0,44133,S2229,https://results.eci.gov.in/ResultAcGenMay2026/ConstituencywiseS2229.htm,2026-05-04 15:39:19
SRIPERUMBUDUR,29,M.TAMILARASAN,Communist Party of India (Marxist-Leninist) (Liberation),241,7,Trailing,0,44133,S2229,https://results.eci.gov.in/ResultAcGenMay2026/ConstituencywiseS2229.htm,2026-05-04 15:39:19
SRIPERUMBUDUR,29,THENNARASU.K,Tamilaga Vettri Kazhagam,68090,1,Leading / Top Candidate,23957,44133,S2229,https://results.eci.gov.in/ResultAcGenMay2026/ConstituencywiseS2229.htm,2026-05-04 15:39:19
SRIPERUMBUDUR,29,D.PURUSHOTHAMAN,All India Puratchi Thalaivar Makkal Munnettra Kazhagam,316,6,Trailing,0,44133,S2229,https://results.eci.gov.in/ResultAcGenMay2026/ConstituencywiseS2229.htm,2026-05-04 15:39:19
SRIPERUMBUDUR,29,ELANGOVAN SIVAKUMAR,Independent,57,13,Trailing,0,44133,S2229,https://results.eci.gov.in/ResultAcGenMay2026/ConstituencywiseS2229.htm,2026-05-04 15:39:19
SRIPERUMBUDUR,29,J. NITHYA,Independent,60,12,Trailing,0,44133,S2229,https://results.eci.gov.in/ResultAcGenMay2026/ConstituencywiseS2229.htm,2026-05-04 15:39:19
SRIPERUMBUDUR,29,E. MURUGAN,Independent,41,14,Trailing,0,44133,S2229,https://results.eci.gov.in/ResultAcGenMay2026/ConstituencywiseS2229.htm,2026-05-04 15:39:19
SRIPERUMBUDUR,29,G. RAJATHI,Independent,98,11,Trailing,0,44133,S2229,https://results.eci.gov.in/ResultAcGenMay2026/ConstituencywiseS2229.htm,2026-05-04 15:39:19
SRIPERUMBUDUR,29,P. VEDHAGIRI,Independent,126,10,Trailing,0,44133,S2229,https://results.eci.gov.in/ResultAcGenMay2026/ConstituencywiseS2229.htm,2026-05-04 15:39:19
SRIPERUMBUDUR,29,NOTA,None of the Above,515,5,Trailing,0,44133,S2229,https://results.eci.gov.in/ResultAcGenMay2026/ConstituencywiseS2229.htm,2026-05-04 15:39:19
SRIRANGAM,139,ALLIMUTHU.M,Bahujan Samaj Party,137,8,Trailing,0,30311,S22139,https://results.eci.gov.in/ResultAcGenMay2026/ConstituencywiseS22139.htm,2026-05-04 15:39:24
SRIRANGAM,139,DHARMARAJ. M,Naam Tamilar Katchi,4076,4,Trailing,0,30311,S22139,https://results.eci.gov.in/ResultAcGenMay2026/ConstituencywiseS22139.htm,2026-05-04 15:39:24
SRIRANGAM,139,S. DURAIRAJ,Dravida Munnetra Kazhagam,27385,3,Trailing,0,30311,S22139,https://results.eci.gov.in/ResultAcGenMay2026/ConstituencywiseS22139.htm,2026-05-04 15:39:24
SRIRANGAM,139,R.MANOHARAN,All India Anna Dravida Munnetra Kazhagam,30311,2,Runner-up,0,30311,S22139,https://results.eci.gov.in/ResultAcGenMay2026/ConstituencywiseS22139.htm,2026-05-04 15:39:24
SRIRANGAM,139,KAMARAJ.K,Samaniya Makkal Nala Katchi,114,10,Trailing,0,30311,S22139,https://results.eci.gov.in/ResultAcGenMay2026/ConstituencywiseS22139.htm,2026-05-04 15:39:24
SRIRANGAM,139,KUMAR. P,Akila Inthiya Makkal Marumalarchi Kazhakam,63,16,Trailing,0,30311,S22139,https://results.eci.gov.in/ResultAcGenMay2026/ConstituencywiseS22139.htm,2026-05-04 15:39:24
SRIRANGAM,139,K. SAKTHIVEL,Anna Puratchi Thalaivar Amma Dravida Munnetra Kazhagam,59,17,Trailing,0,30311,S22139,https://results.eci.gov.in/ResultAcGenMay2026/ConstituencywiseS22139.htm,2026-05-04 15:39:24
SRIRANGAM,139,NEWTON.A,Puthiya Tamilagam,56,18,Trailing,0,30311,S22139,https://results.eci.gov.in/ResultAcGenMay2026/ConstituencywiseS22139.htm,2026-05-04 15:39:24
SRIRANGAM,139,MURALI .N,Tamizhaga Vaazhvurimai Katchi,154,7,Trailing,0,30311,S22139,https://results.eci.gov.in/ResultAcGenMay2026/ConstituencywiseS22139.htm,2026-05-04 15:39:24
SRIRANGAM,139,RAMESH,Tamilaga Vettri Kazhagam,46069,1,Leading / Top Candidate,15758,30311,S22139,https://results.eci.gov.in/ResultAcGenMay2026/ConstituencywiseS22139.htm,2026-05-04 15:39:24
SRIRANGAM,139,VIJAY .A,All India Puratchi Thalaivar Makkal Munnettra Kazhagam,185,6,Trailing,0,30311,S22139,https://results.eci.gov.in/ResultAcGenMay2026/ConstituencywiseS22139.htm,2026-05-04 15:39:24
SRIRANGAM,139,ANBARASAN.M,Independent,93,14,Trailing,0,30311,S22139,https://results.eci.gov.in/ResultAcGenMay2026/ConstituencywiseS22139.htm,2026-05-04 15:39:24
SRIRANGAM,139,KARTHICK.S,Independent,56,19,Trailing,0,30311,S22139,https://results.eci.gov.in/ResultAcGenMay2026/ConstituencywiseS22139.htm,2026-05-04 15:39:24
SRIRANGAM,139,KRISHNAKUMAR.A,Independent,95,13,Trailing,0,30311,S22139,https://results.eci.gov.in/ResultAcGenMay2026/ConstituencywiseS22139.htm,2026-05-04 15:39:24
SRIRANGAM,139,SHASHI KIRAN .K .N,Independent,98,12,Trailing,0,30311,S22139,https://results.eci.gov.in/ResultAcGenMay2026/ConstituencywiseS22139.htm,2026-05-04 15:39:24
SRIRANGAM,139,S. DURAIRAJ,Independent,102,11,Trailing,0,30311,S22139,https://results.eci.gov.in/ResultAcGenMay2026/ConstituencywiseS22139.htm,2026-05-04 15:39:24
SRIRANGAM,139,PARAMASIVAM,Independent,28,21,Trailing,0,30311,S22139,https://results.eci.gov.in/ResultAcGenMay2026/ConstituencywiseS22139.htm,2026-05-04 15:39:24
SRIRANGAM,139,MOHAMED MUSTHAFA. M,Independent,30,20,Trailing,0,30311,S22139,https://results.eci.gov.in/ResultAcGenMay2026/ConstituencywiseS22139.htm,2026-05-04 15:39:24
SRIRANGAM,139,MUTHUKUMAR.P,Independent,78,15,Trailing,0,30311,S22139,https://results.eci.gov.in/ResultAcGenMay2026/ConstituencywiseS22139.htm,2026-05-04 15:39:24
SRIRANGAM,139,RAMESH.R,Independent,129,9,Trailing,0,30311,S22139,https://results.eci.gov.in/ResultAcGenMay2026/ConstituencywiseS22139.htm,2026-05-04 15:39:24
SRIRANGAM,139,RAVICHANDIRAN.N,Independent,27,22,Trailing,0,30311,S22139,https://results.eci.gov.in/ResultAcGenMay2026/ConstituencywiseS22139.htm,2026-05-04 15:39:24
SRIRANGAM,139,NOTA,None of the Above,511,5,Trailing,0,30311,S22139,https://results.eci.gov.in/ResultAcGenMay2026/ConstituencywiseS22139.htm,2026-05-04 15:39:24
SRIVAIKUNTAM,216,OORVASI AMIRTHARAJ. S,Indian National Congress,37486,3,Trailing,0,52996,S22216,https://results.eci.gov.in/ResultAcGenMay2026/ConstituencywiseS22216.htm,2026-05-04 15:39:28
SRIVAIKUNTAM,216,SHUNMUGASUNDARAM. S,Naam Tamilar Katchi,12140,4,Trailing,0,52996,S22216,https://results.eci.gov.in/ResultAcGenMay2026/ConstituencywiseS22216.htm,2026-05-04 15:39:28
SRIVAIKUNTAM,216,SHANMUGANATHAN. S. P,All India Anna Dravida Munnetra Kazhagam,53203,1,Leading / Top Candidate,207,52996,S22216,https://results.eci.gov.in/ResultAcGenMay2026/ConstituencywiseS22216.htm,2026-05-04 15:39:28
SRIVAIKUNTAM,216,SARAVANAN. G,Tamilaga Vettri Kazhagam,52996,2,Runner-up,0,52996,S22216,https://results.eci.gov.in/ResultAcGenMay2026/ConstituencywiseS22216.htm,2026-05-04 15:39:28
SRIVAIKUNTAM,216,SUDALAIMANI. A,Nam Naadu Nam Makkal Nam Ethirkaalam Katchi,270,8,Trailing,0,52996,S22216,https://results.eci.gov.in/ResultAcGenMay2026/ConstituencywiseS22216.htm,2026-05-04 15:39:28
SRIVAIKUNTAM,216,SUBRAMANIAN. M,Puthiya Makkal Tamil Desam Katchi,194,10,Trailing,0,52996,S22216,https://results.eci.gov.in/ResultAcGenMay2026/ConstituencywiseS22216.htm,2026-05-04 15:39:28
SRIVAIKUNTAM,216,BHARATH. M,Naam Indiar Party,80,16,Trailing,0,52996,S22216,https://results.eci.gov.in/ResultAcGenMay2026/ConstituencywiseS22216.htm,2026-05-04 15:39:28
SRIVAIKUNTAM,216,MUNDASAMY. K,Vishwa Tamil Kazhagam,120,15,Trailing,0,52996,S22216,https://results.eci.gov.in/ResultAcGenMay2026/ConstituencywiseS22216.htm,2026-05-04 15:39:28
SRIVAIKUNTAM,216,MUTHURAMALINGAM. S,All India Forward Bloc,2292,5,Trailing,0,52996,S22216,https://results.eci.gov.in/ResultAcGenMay2026/ConstituencywiseS22216.htm,2026-05-04 15:39:28
SRIVAIKUNTAM,216,RAJASUTHAN. N,Puthiya Tamilagam,1008,6,Trailing,0,52996,S22216,https://results.eci.gov.in/ResultAcGenMay2026/ConstituencywiseS22216.htm,2026-05-04 15:39:28
SRIVAIKUNTAM,216,VIYANARASU. A,Tamizhaga Vaazhvurimai Katchi,129,13,Trailing,0,52996,S22216,https://results.eci.gov.in/ResultAcGenMay2026/ConstituencywiseS22216.htm,2026-05-04 15:39:28
SRIVAIKUNTAM,216,ARUNACHALAM. C,Independent,128,14,Trailing,0,52996,S22216,https://results.eci.gov.in/ResultAcGenMay2026/ConstituencywiseS22216.htm,2026-05-04 15:39:28
SRIVAIKUNTAM,216,BISHOP DR GODFREY NOBLE,Independent,226,9,Trailing,0,52996,S22216,https://results.eci.gov.in/ResultAcGenMay2026/ConstituencywiseS22216.htm,2026-05-04 15:39:28
SRIVAIKUNTAM,216,MURUGAN. S,Independent,169,12,Trailing,0,52996,S22216,https://results.eci.gov.in/ResultAcGenMay2026/ConstituencywiseS22216.htm,2026-05-04 15:39:28
SRIVAIKUNTAM,216,VASANTH FERNANDO. T,Independent,178,11,Trailing,0,52996,S22216,https://results.eci.gov.in/ResultAcGenMay2026/ConstituencywiseS22216.htm,2026-05-04 15:39:28
SRIVAIKUNTAM,216,NOTA,None of the Above,536,7,Trailing,0,52996,S22216,https://results.eci.gov.in/ResultAcGenMay2026/ConstituencywiseS22216.htm,2026-05-04 15:39:28
SRIVILLIPUTHUR,203,KARIKALAPANDIYAN.A,Naam Tamilar Katchi,5747,4,Trailing,0,24497,S22203,https://results.eci.gov.in/ResultAcGenMay2026/ConstituencywiseS22203.htm,2026-05-04 15:39:32
SRIVILLIPUTHUR,203,CHANDRAPRABHA.M,All India Anna Dravida Munnetra Kazhagam,20040,3,Trailing,0,24497,S22203,https://results.eci.gov.in/ResultAcGenMay2026/ConstituencywiseS22203.htm,2026-05-04 15:39:32
SRIVILLIPUTHUR,203,MAHALINGAM.P,Communist Party of India,28234,1,Leading / Top Candidate,3737,24497,S22203,https://results.eci.gov.in/ResultAcGenMay2026/ConstituencywiseS22203.htm,2026-05-04 15:39:32
SRIVILLIPUTHUR,203,KARTHIK.A,Tamilaga Vettri Kazhagam,24497,2,Runner-up,0,24497,S22203,https://results.eci.gov.in/ResultAcGenMay2026/ConstituencywiseS22203.htm,2026-05-04 15:39:32
SRIVILLIPUTHUR,203,CHANDRA.M,All India Puratchi Thalaivar Makkal Munnettra Kazhagam,681,6,Trailing,0,24497,S22203,https://results.eci.gov.in/ResultAcGenMay2026/ConstituencywiseS22203.htm,2026-05-04 15:39:32
SRIVILLIPUTHUR,203,VARATHARAJAN.A,Naam Indiar Party,56,15,Trailing,0,24497,S22203,https://results.eci.gov.in/ResultAcGenMay2026/ConstituencywiseS22203.htm,2026-05-04 15:39:32
SRIVILLIPUTHUR,203,DR. SHYAM KRISHNASAMY,Puthiya Tamilagam,4028,5,Trailing,0,24497,S22203,https://results.eci.gov.in/ResultAcGenMay2026/ConstituencywiseS22203.htm,2026-05-04 15:39:32
SRIVILLIPUTHUR,203,ALAGURAJA T,Independent,224,10,Trailing,0,24497,S22203,https://results.eci.gov.in/ResultAcGenMay2026/ConstituencywiseS22203.htm,2026-05-04 15:39:32
SRIVILLIPUTHUR,203,SUDANDIRADOSS.M,Independent,76,14,Trailing,0,24497,S22203,https://results.eci.gov.in/ResultAcGenMay2026/ConstituencywiseS22203.htm,2026-05-04 15:39:32
SRIVILLIPUTHUR,203,SURYAPRAKASH.R,Independent,110,13,Trailing,0,24497,S22203,https://results.eci.gov.in/ResultAcGenMay2026/ConstituencywiseS22203.htm,2026-05-04 15:39:32
SRIVILLIPUTHUR,203,DEVIALAKSHMI SARANYA.K,Independent,243,8,Trailing,0,24497,S22203,https://results.eci.gov.in/ResultAcGenMay2026/ConstituencywiseS22203.htm,2026-05-04 15:39:32
SRIVILLIPUTHUR,203,PANDIYAMMAL.M,Independent,149,12,Trailing,0,24497,S22203,https://results.eci.gov.in/ResultAcGenMay2026/ConstituencywiseS22203.htm,2026-05-04 15:39:32
SRIVILLIPUTHUR,203,MUTHURAJ.U,Independent,233,9,Trailing,0,24497,S22203,https://results.eci.gov.in/ResultAcGenMay2026/ConstituencywiseS22203.htm,2026-05-04 15:39:32
SRIVILLIPUTHUR,203,MURUGESAN.S,Independent,176,11,Trailing,0,24497,S22203,https://results.eci.gov.in/ResultAcGenMay2026/ConstituencywiseS22203.htm,2026-05-04 15:39:32
SRIVILLIPUTHUR,203,NOTA,None of the Above,332,7,Trailing,0,24497,S22203,https://results.eci.gov.in/ResultAcGenMay2026/ConstituencywiseS22203.htm,2026-05-04 15:39:32
SULUR,116,V.P.KANDASAMY,All India Anna Dravida Munnetra Kazhagam,43886,3,Trailing,0,47316,S22116,https://results.eci.gov.in/ResultAcGenMay2026/ConstituencywiseS22116.htm,2026-05-04 15:39:37
SULUR,116,THALAPATHY MURUGESAN,Dravida Munnetra Kazhagam,47316,2,Runner-up,0,47316,S22116,https://results.eci.gov.in/ResultAcGenMay2026/ConstituencywiseS22116.htm,2026-05-04 15:39:37
SULUR,116,DR.S.RAJASEKARAN,Naam Tamilar Katchi,6107,4,Trailing,0,47316,S22116,https://results.eci.gov.in/ResultAcGenMay2026/ConstituencywiseS22116.htm,2026-05-04 15:39:37
SULUR,116,KANTHASAMY.K.,Anna Puratchi Thalaivar Amma Dravida Munnetra Kazhagam,158,7,Trailing,0,47316,S22116,https://results.eci.gov.in/ResultAcGenMay2026/ConstituencywiseS22116.htm,2026-05-04 15:39:37
SULUR,116,NM.SUKUMAR,Tamilaga Vettri Kazhagam,56153,1,Leading / Top Candidate,8837,47316,S22116,https://results.eci.gov.in/ResultAcGenMay2026/ConstituencywiseS22116.htm,2026-05-04 15:39:37
SULUR,116,SUMAN SINGH.R.,Tamizhaga Vaazhvurimai Katchi,131,10,Trailing,0,47316,S22116,https://results.eci.gov.in/ResultAcGenMay2026/ConstituencywiseS22116.htm,2026-05-04 15:39:37
SULUR,116,NAGARAJ.K.,Ganasangam Party of India,79,11,Trailing,0,47316,S22116,https://results.eci.gov.in/ResultAcGenMay2026/ConstituencywiseS22116.htm,2026-05-04 15:39:37
SULUR,116,NELSON.W.,Tamilaga Makkal Nala Katchi,38,16,Trailing,0,47316,S22116,https://results.eci.gov.in/ResultAcGenMay2026/ConstituencywiseS22116.htm,2026-05-04 15:39:37
SULUR,116,PALANISAMY.M.,Party for the Rights of Other backward Classes,52,14,Trailing,0,47316,S22116,https://results.eci.gov.in/ResultAcGenMay2026/ConstituencywiseS22116.htm,2026-05-04 15:39:37
SULUR,116,PAPPA MUTHULAKSHMI.P.,All India Puratchi Thalaivar Makkal Munnettra Kazhagam,149,8,Trailing,0,47316,S22116,https://results.eci.gov.in/ResultAcGenMay2026/ConstituencywiseS22116.htm,2026-05-04 15:39:37
SULUR,116,KANDASAMY.A.,Independent,67,12,Trailing,0,47316,S22116,https://results.eci.gov.in/ResultAcGenMay2026/ConstituencywiseS22116.htm,2026-05-04 15:39:37
SULUR,116,KANDASAMY.R.,Independent,146,9,Trailing,0,47316,S22116,https://results.eci.gov.in/ResultAcGenMay2026/ConstituencywiseS22116.htm,2026-05-04 15:39:37
SULUR,116,KANDASAMY.V.,Independent,43,15,Trailing,0,47316,S22116,https://results.eci.gov.in/ResultAcGenMay2026/ConstituencywiseS22116.htm,2026-05-04 15:39:37
SULUR,116,MURUGESAN.N.,Independent,66,13,Trailing,0,47316,S22116,https://results.eci.gov.in/ResultAcGenMay2026/ConstituencywiseS22116.htm,2026-05-04 15:39:37
SULUR,116,MURUGESH.R.,Independent,197,6,Trailing,0,47316,S22116,https://results.eci.gov.in/ResultAcGenMay2026/ConstituencywiseS22116.htm,2026-05-04 15:39:37
SULUR,116,NOTA,None of the Above,697,5,Trailing,0,47316,S22116,https://results.eci.gov.in/ResultAcGenMay2026/ConstituencywiseS22116.htm,2026-05-04 15:39:37
TAMBARAM,31,C.RAJENDRAN,All India Anna Dravida Munnetra Kazhagam,40820,3,Trailing,0,53205,S2231,https://results.eci.gov.in/ResultAcGenMay2026/ConstituencywiseS2231.htm,2026-05-04 15:39:41
TAMBARAM,31,R.S.KIRUTHIKA DEVI,Dravida Munnetra Kazhagam,53205,2,Runner-up,0,53205,S2231,https://results.eci.gov.in/ResultAcGenMay2026/ConstituencywiseS2231.htm,2026-05-04 15:39:41
TAMBARAM,31,S.TAMILCHELVI,Naam Tamilar Katchi,6937,4,Trailing,0,53205,S2231,https://results.eci.gov.in/ResultAcGenMay2026/ConstituencywiseS2231.htm,2026-05-04 15:39:41
TAMBARAM,31,M.RAJA,Bahujan Samaj Party,189,6,Trailing,0,53205,S2231,https://results.eci.gov.in/ResultAcGenMay2026/ConstituencywiseS2231.htm,2026-05-04 15:39:41
TAMBARAM,31,D.SARATHKUMAR,Tamilaga Vettri Kazhagam,73382,1,Leading / Top Candidate,20177,53205,S2231,https://results.eci.gov.in/ResultAcGenMay2026/ConstituencywiseS2231.htm,2026-05-04 15:39:41
TAMBARAM,31,SIVARAMAN.S,Veerath Thiyagi Viswanathadoss Thozhilalarkal Katchi,99,9,Trailing,0,53205,S2231,https://results.eci.gov.in/ResultAcGenMay2026/ConstituencywiseS2231.htm,2026-05-04 15:39:41
TAMBARAM,31,THAMBIRAJ.E,Naam Indiar Party,47,13,Trailing,0,53205,S2231,https://results.eci.gov.in/ResultAcGenMay2026/ConstituencywiseS2231.htm,2026-05-04 15:39:41
TAMBARAM,31,S.PARTHIBAN,Democratic National Allegiance,28,16,Trailing,0,53205,S2231,https://results.eci.gov.in/ResultAcGenMay2026/ConstituencywiseS2231.htm,2026-05-04 15:39:41
TAMBARAM,31,P.PON RAJA,Tamizhaga Vaazhvurimai Katchi,47,14,Trailing,0,53205,S2231,https://results.eci.gov.in/ResultAcGenMay2026/ConstituencywiseS2231.htm,2026-05-04 15:39:41
TAMBARAM,31,S.KARTHIK,Independent,79,10,Trailing,0,53205,S2231,https://results.eci.gov.in/ResultAcGenMay2026/ConstituencywiseS2231.htm,2026-05-04 15:39:41
TAMBARAM,31,SARATHKUMAR. R,Independent,106,8,Trailing,0,53205,S2231,https://results.eci.gov.in/ResultAcGenMay2026/ConstituencywiseS2231.htm,2026-05-04 15:39:41
TAMBARAM,31,T.DHIVAKARAN,Independent,54,12,Trailing,0,53205,S2231,https://results.eci.gov.in/ResultAcGenMay2026/ConstituencywiseS2231.htm,2026-05-04 15:39:41
TAMBARAM,31,S.BALASUBRAMANIAN,Independent,39,15,Trailing,0,53205,S2231,https://results.eci.gov.in/ResultAcGenMay2026/ConstituencywiseS2231.htm,2026-05-04 15:39:41
TAMBARAM,31,R.RAVIKUMAR,Independent,65,11,Trailing,0,53205,S2231,https://results.eci.gov.in/ResultAcGenMay2026/ConstituencywiseS2231.htm,2026-05-04 15:39:41
TAMBARAM,31,M. JACOB,Independent,135,7,Trailing,0,53205,S2231,https://results.eci.gov.in/ResultAcGenMay2026/ConstituencywiseS2231.htm,2026-05-04 15:39:41
TAMBARAM,31,NOTA,None of the Above,957,5,Trailing,0,53205,S2231,https://results.eci.gov.in/ResultAcGenMay2026/ConstituencywiseS2231.htm,2026-05-04 15:39:41
TENKASI,222,ISAKI PANDIAN,Bahujan Samaj Party,271,8,Trailing,0,38249,S22222,https://results.eci.gov.in/ResultAcGenMay2026/ConstituencywiseS22222.htm,2026-05-04 15:39:45
TENKASI,222,DR.KALAI KATHIRAVAN,Dravida Munnetra Kazhagam,44074,1,Leading / Top Candidate,5825,38249,S22222,https://results.eci.gov.in/ResultAcGenMay2026/ConstituencywiseS22222.htm,2026-05-04 15:39:45
TENKASI,222,S.SELVA MOHANDAS PANDIAN,All India Anna Dravida Munnetra Kazhagam,38249,2,Runner-up,0,38249,S22222,https://results.eci.gov.in/ResultAcGenMay2026/ConstituencywiseS22222.htm,2026-05-04 15:39:45
TENKASI,222,P. PUSHPALATHA,Naam Tamilar Katchi,7852,4,Trailing,0,38249,S22222,https://results.eci.gov.in/ResultAcGenMay2026/ConstituencywiseS22222.htm,2026-05-04 15:39:45
TENKASI,222,GOMATHI SANKAR,Tamizhaga Vaazhvurimai Katchi,118,15,Trailing,0,38249,S22222,https://results.eci.gov.in/ResultAcGenMay2026/ConstituencywiseS22222.htm,2026-05-04 15:39:45
TENKASI,222,R. SELVAKUMAR,Naam Indiar Party,28,23,Trailing,0,38249,S22222,https://results.eci.gov.in/ResultAcGenMay2026/ConstituencywiseS22222.htm,2026-05-04 15:39:45
TENKASI,222,S.THIRUMALAI KUMAR,Puthiya Tamilagam,414,6,Trailing,0,38249,S22222,https://results.eci.gov.in/ResultAcGenMay2026/ConstituencywiseS22222.htm,2026-05-04 15:39:45
TENKASI,222,M.POOSA DURAI,All India Puratchi Thalaivar Makkal Munnettra Kazhagam,1556,5,Trailing,0,38249,S22222,https://results.eci.gov.in/ResultAcGenMay2026/ConstituencywiseS22222.htm,2026-05-04 15:39:45
TENKASI,222,S.MANOGARAN,Kamarajar Deseeya Congress,91,18,Trailing,0,38249,S22222,https://results.eci.gov.in/ResultAcGenMay2026/ConstituencywiseS22222.htm,2026-05-04 15:39:45
TENKASI,222,A. RAJAPRAKASH,Tamilaga Vettri Kazhagam,30910,3,Trailing,0,38249,S22222,https://results.eci.gov.in/ResultAcGenMay2026/ConstituencywiseS22222.htm,2026-05-04 15:39:45
TENKASI,222,GANESHAN. S,Independent,50,22,Trailing,0,38249,S22222,https://results.eci.gov.in/ResultAcGenMay2026/ConstituencywiseS22222.htm,2026-05-04 15:39:45
TENKASI,222,K.M.KALIAPPAN,Independent,71,19,Trailing,0,38249,S22222,https://results.eci.gov.in/ResultAcGenMay2026/ConstituencywiseS22222.htm,2026-05-04 15:39:45
TENKASI,222,R.KRISHNAN,Independent,93,17,Trailing,0,38249,S22222,https://results.eci.gov.in/ResultAcGenMay2026/ConstituencywiseS22222.htm,2026-05-04 15:39:45
TENKASI,222,SHAHUL HAMEED,Independent,123,14,Trailing,0,38249,S22222,https://results.eci.gov.in/ResultAcGenMay2026/ConstituencywiseS22222.htm,2026-05-04 15:39:45
TENKASI,222,S. THANGAPALAM,Independent,184,10,Trailing,0,38249,S22222,https://results.eci.gov.in/ResultAcGenMay2026/ConstituencywiseS22222.htm,2026-05-04 15:39:45
TENKASI,222,DURAIRAJ,Independent,175,11,Trailing,0,38249,S22222,https://results.eci.gov.in/ResultAcGenMay2026/ConstituencywiseS22222.htm,2026-05-04 15:39:45
TENKASI,222,P.NOBLE KRISHNA,Independent,111,16,Trailing,0,38249,S22222,https://results.eci.gov.in/ResultAcGenMay2026/ConstituencywiseS22222.htm,2026-05-04 15:39:45
TENKASI,222,G. POORANA SELVAN,Independent,266,9,Trailing,0,38249,S22222,https://results.eci.gov.in/ResultAcGenMay2026/ConstituencywiseS22222.htm,2026-05-04 15:39:45
TENKASI,222,M. PONNUDURAI,Independent,137,12,Trailing,0,38249,S22222,https://results.eci.gov.in/ResultAcGenMay2026/ConstituencywiseS22222.htm,2026-05-04 15:39:45
TENKASI,222,A.MARIAPPAN,Independent,54,20,Trailing,0,38249,S22222,https://results.eci.gov.in/ResultAcGenMay2026/ConstituencywiseS22222.htm,2026-05-04 15:39:45
TENKASI,222,K.MUTHU,Independent,51,21,Trailing,0,38249,S22222,https://results.eci.gov.in/ResultAcGenMay2026/ConstituencywiseS22222.htm,2026-05-04 15:39:45
TENKASI,222,R. RAMKUMAR,Independent,133,13,Trailing,0,38249,S22222,https://results.eci.gov.in/ResultAcGenMay2026/ConstituencywiseS22222.htm,2026-05-04 15:39:45
TENKASI,222,NOTA,None of the Above,383,7,Trailing,0,38249,S22222,https://results.eci.gov.in/ResultAcGenMay2026/ConstituencywiseS22222.htm,2026-05-04 15:39:45
THALLI,56,RAMACHANDRAN. T,Communist Party of India,43776,2,Runner-up,0,43776,S2256,https://results.eci.gov.in/ResultAcGenMay2026/ConstituencywiseS2256.htm,2026-05-04 15:39:50
THALLI,56,NARASIMMA REDDY ALIAS NARASIMMAN. R,Naam Tamilar Katchi,2187,4,Trailing,0,43776,S2256,https://results.eci.gov.in/ResultAcGenMay2026/ConstituencywiseS2256.htm,2026-05-04 15:39:50
THALLI,56,DR.NAGESH KUMAR. C,Bharatiya Janata Party,43800,1,Leading / Top Candidate,24,43776,S2256,https://results.eci.gov.in/ResultAcGenMay2026/ConstituencywiseS2256.htm,2026-05-04 15:39:50
THALLI,56,AJITH. G,Tamizhaga Vaazhvurimai Katchi,573,6,Trailing,0,43776,S2256,https://results.eci.gov.in/ResultAcGenMay2026/ConstituencywiseS2256.htm,2026-05-04 15:39:50
THALLI,56,SURESH. G,Tamilaga Vettri Kazhagam,21801,3,Trailing,0,43776,S2256,https://results.eci.gov.in/ResultAcGenMay2026/ConstituencywiseS2256.htm,2026-05-04 15:39:50
THALLI,56,JAYARAM. N,Anna Makkal Katchi,247,10,Trailing,0,43776,S2256,https://results.eci.gov.in/ResultAcGenMay2026/ConstituencywiseS2256.htm,2026-05-04 15:39:50
THALLI,56,ASANRAJA. K,Independent,339,8,Trailing,0,43776,S2256,https://results.eci.gov.in/ResultAcGenMay2026/ConstituencywiseS2256.htm,2026-05-04 15:39:50
THALLI,56,KUMAR. D.J,Independent,240,11,Trailing,0,43776,S2256,https://results.eci.gov.in/ResultAcGenMay2026/ConstituencywiseS2256.htm,2026-05-04 15:39:50
THALLI,56,DEVAPPA. Y,Independent,292,9,Trailing,0,43776,S2256,https://results.eci.gov.in/ResultAcGenMay2026/ConstituencywiseS2256.htm,2026-05-04 15:39:50
THALLI,56,JAGAN. M,Independent,340,7,Trailing,0,43776,S2256,https://results.eci.gov.in/ResultAcGenMay2026/ConstituencywiseS2256.htm,2026-05-04 15:39:50
THALLI,56,NOTA,None of the Above,829,5,Trailing,0,43776,S2256,https://results.eci.gov.in/ResultAcGenMay2026/ConstituencywiseS2256.htm,2026-05-04 15:39:50
THANJAVUR,174,SHAN. RAMANATHAN,Dravida Munnetra Kazhagam,70750,2,Runner-up,0,70750,S22174,https://results.eci.gov.in/ResultAcGenMay2026/ConstituencywiseS22174.htm,2026-05-04 15:39:54
THANJAVUR,174,N. KRISHNAKUMAR,Naam Tamilar Katchi,9383,4,Trailing,0,70750,S22174,https://results.eci.gov.in/ResultAcGenMay2026/ConstituencywiseS22174.htm,2026-05-04 15:39:54
THANJAVUR,174,KARUPPU MURUGANANTHAM,Bharatiya Janata Party,26790,3,Trailing,0,70750,S22174,https://results.eci.gov.in/ResultAcGenMay2026/ConstituencywiseS22174.htm,2026-05-04 15:39:54
THANJAVUR,174,H. MOHAMED ABDUL KHADIR,Tamizhaga Vaazhvurimai Katchi,266,9,Trailing,0,70750,S22174,https://results.eci.gov.in/ResultAcGenMay2026/ConstituencywiseS22174.htm,2026-05-04 15:39:54
THANJAVUR,174,S. MUTHUVEL,Bahujan Dravida Party,513,8,Trailing,0,70750,S22174,https://results.eci.gov.in/ResultAcGenMay2026/ConstituencywiseS22174.htm,2026-05-04 15:39:54
THANJAVUR,174,R. VIJAYSARAVANAN,Tamilaga Vettri Kazhagam,87705,1,Leading / Top Candidate,16955,70750,S22174,https://results.eci.gov.in/ResultAcGenMay2026/ConstituencywiseS22174.htm,2026-05-04 15:39:54
THANJAVUR,174,S. KARIKALA CHOLAN,Independent,800,7,Trailing,0,70750,S22174,https://results.eci.gov.in/ResultAcGenMay2026/ConstituencywiseS22174.htm,2026-05-04 15:39:54
THANJAVUR,174,D. KUMARAN,Independent,157,11,Trailing,0,70750,S22174,https://results.eci.gov.in/ResultAcGenMay2026/ConstituencywiseS22174.htm,2026-05-04 15:39:54
THANJAVUR,174,M. SANTHOSH,Independent,179,10,Trailing,0,70750,S22174,https://results.eci.gov.in/ResultAcGenMay2026/ConstituencywiseS22174.htm,2026-05-04 15:39:54
THANJAVUR,174,R. SABTHAGIRI,Independent,137,12,Trailing,0,70750,S22174,https://results.eci.gov.in/ResultAcGenMay2026/ConstituencywiseS22174.htm,2026-05-04 15:39:54
THANJAVUR,174,R. MURALIDHARAN,Independent,844,6,Trailing,0,70750,S22174,https://results.eci.gov.in/ResultAcGenMay2026/ConstituencywiseS22174.htm,2026-05-04 15:39:54
THANJAVUR,174,NOTA,None of the Above,1274,5,Trailing,0,70750,S22174,https://results.eci.gov.in/ResultAcGenMay2026/ConstituencywiseS22174.htm,2026-05-04 15:39:54
THIRU-VI-KA-NAGAR,15,K. S. RAVICHANDRAN,Dravida Munnetra Kazhagam,43955,2,Runner-up,0,43955,S2215,https://results.eci.gov.in/ResultAcGenMay2026/ConstituencywiseS2215.htm,2026-05-04 15:39:58
THIRU-VI-KA-NAGAR,15,PORKODI ARMSTRONG,All India Anna Dravida Munnetra Kazhagam,20689,3,Trailing,0,43955,S2215,https://results.eci.gov.in/ResultAcGenMay2026/ConstituencywiseS2215.htm,2026-05-04 15:39:58
THIRU-VI-KA-NAGAR,15,JAGADESH CHANDER .M,Naam Tamilar Katchi,2502,4,Trailing,0,43955,S2215,https://results.eci.gov.in/ResultAcGenMay2026/ConstituencywiseS2215.htm,2026-05-04 15:39:58
THIRU-VI-KA-NAGAR,15,C. CHRISTY,All India Puratchi Thalaivar Makkal Munnettra Kazhagam,90,11,Trailing,0,43955,S2215,https://results.eci.gov.in/ResultAcGenMay2026/ConstituencywiseS2215.htm,2026-05-04 15:39:58
THIRU-VI-KA-NAGAR,15,A. SELVA KUMAR,Thakkam Katchi,163,7,Trailing,0,43955,S2215,https://results.eci.gov.in/ResultAcGenMay2026/ConstituencywiseS2215.htm,2026-05-04 15:39:58
THIRU-VI-KA-NAGAR,15,M. R. PALLAVI,Tamilaga Vettri Kazhagam,64536,1,Leading / Top Candidate,20581,43955,S2215,https://results.eci.gov.in/ResultAcGenMay2026/ConstituencywiseS2215.htm,2026-05-04 15:39:58
THIRU-VI-KA-NAGAR,15,S JAYAKALPANA,Republican Party of India (Athawale),334,6,Trailing,0,43955,S2215,https://results.eci.gov.in/ResultAcGenMay2026/ConstituencywiseS2215.htm,2026-05-04 15:39:58
THIRU-VI-KA-NAGAR,15,R. ANANDAN,Independent,26,19,Trailing,0,43955,S2215,https://results.eci.gov.in/ResultAcGenMay2026/ConstituencywiseS2215.htm,2026-05-04 15:39:58
THIRU-VI-KA-NAGAR,15,M. KANNADASAN,Independent,22,21,Trailing,0,43955,S2215,https://results.eci.gov.in/ResultAcGenMay2026/ConstituencywiseS2215.htm,2026-05-04 15:39:58
THIRU-VI-KA-NAGAR,15,M. KOLANJI,Independent,68,12,Trailing,0,43955,S2215,https://results.eci.gov.in/ResultAcGenMay2026/ConstituencywiseS2215.htm,2026-05-04 15:39:58
THIRU-VI-KA-NAGAR,15,D. SATHISH KUMAR,Independent,38,16,Trailing,0,43955,S2215,https://results.eci.gov.in/ResultAcGenMay2026/ConstituencywiseS2215.htm,2026-05-04 15:39:58
THIRU-VI-KA-NAGAR,15,SATHISH,Independent,17,22,Trailing,0,43955,S2215,https://results.eci.gov.in/ResultAcGenMay2026/ConstituencywiseS2215.htm,2026-05-04 15:39:58
THIRU-VI-KA-NAGAR,15,S. SENTHAMIZHAN,Independent,17,23,Trailing,0,43955,S2215,https://results.eci.gov.in/ResultAcGenMay2026/ConstituencywiseS2215.htm,2026-05-04 15:39:58
THIRU-VI-KA-NAGAR,15,G. J. DHARANIRAJ,Independent,26,20,Trailing,0,43955,S2215,https://results.eci.gov.in/ResultAcGenMay2026/ConstituencywiseS2215.htm,2026-05-04 15:39:58
THIRU-VI-KA-NAGAR,15,S. PARTHIBAN,Independent,40,15,Trailing,0,43955,S2215,https://results.eci.gov.in/ResultAcGenMay2026/ConstituencywiseS2215.htm,2026-05-04 15:39:58
THIRU-VI-KA-NAGAR,15,PRAKASH ARUNACHALAM,Independent,122,9,Trailing,0,43955,S2215,https://results.eci.gov.in/ResultAcGenMay2026/ConstituencywiseS2215.htm,2026-05-04 15:39:58
THIRU-VI-KA-NAGAR,15,PRASANTH. D,Independent,126,8,Trailing,0,43955,S2215,https://results.eci.gov.in/ResultAcGenMay2026/ConstituencywiseS2215.htm,2026-05-04 15:39:58
THIRU-VI-KA-NAGAR,15,PRAVEEN THIYAGARAJAN,Independent,60,13,Trailing,0,43955,S2215,https://results.eci.gov.in/ResultAcGenMay2026/ConstituencywiseS2215.htm,2026-05-04 15:39:58
THIRU-VI-KA-NAGAR,15,R. MURUGAN,Independent,28,18,Trailing,0,43955,S2215,https://results.eci.gov.in/ResultAcGenMay2026/ConstituencywiseS2215.htm,2026-05-04 15:39:58
THIRU-VI-KA-NAGAR,15,M. MOHAN,Independent,14,24,Trailing,0,43955,S2215,https://results.eci.gov.in/ResultAcGenMay2026/ConstituencywiseS2215.htm,2026-05-04 15:39:58
THIRU-VI-KA-NAGAR,15,S. RAJENDRAN,Independent,37,17,Trailing,0,43955,S2215,https://results.eci.gov.in/ResultAcGenMay2026/ConstituencywiseS2215.htm,2026-05-04 15:39:58
THIRU-VI-KA-NAGAR,15,M. LOKESH,Independent,120,10,Trailing,0,43955,S2215,https://results.eci.gov.in/ResultAcGenMay2026/ConstituencywiseS2215.htm,2026-05-04 15:39:58
THIRU-VI-KA-NAGAR,15,C. JAGAN MOHAN,Independent,45,14,Trailing,0,43955,S2215,https://results.eci.gov.in/ResultAcGenMay2026/ConstituencywiseS2215.htm,2026-05-04 15:39:58
THIRU-VI-KA-NAGAR,15,NOTA,None of the Above,436,5,Trailing,0,43955,S2215,https://results.eci.gov.in/ResultAcGenMay2026/ConstituencywiseS2215.htm,2026-05-04 15:39:58
THIRUMANGALAM,196,UDHAYAKUMAR.R.B,All India Anna Dravida Munnetra Kazhagam,48028,3,Trailing,0,48282,S22196,https://results.eci.gov.in/ResultAcGenMay2026/ConstituencywiseS22196.htm,2026-05-04 15:40:03
THIRUMANGALAM,196,MANIMARAN.M,Dravida Munnetra Kazhagam,64044,1,Leading / Top Candidate,15762,48282,S22196,https://results.eci.gov.in/ResultAcGenMay2026/ConstituencywiseS22196.htm,2026-05-04 15:40:03
THIRUMANGALAM,196,MUNISH.N,Naam Tamilar Katchi,8253,4,Trailing,0,48282,S22196,https://results.eci.gov.in/ResultAcGenMay2026/ConstituencywiseS22196.htm,2026-05-04 15:40:03
THIRUMANGALAM,196,ALAGAR.A,Ezhuchi Tamilargal Munnetra Kazhagam,101,11,Trailing,0,48282,S22196,https://results.eci.gov.in/ResultAcGenMay2026/ConstituencywiseS22196.htm,2026-05-04 15:40:03
THIRUMANGALAM,196,KALAISELVI.R,Ahila India Dhayaga Makkal Munnetra Katchi,246,9,Trailing,0,48282,S22196,https://results.eci.gov.in/ResultAcGenMay2026/ConstituencywiseS22196.htm,2026-05-04 15:40:03
THIRUMANGALAM,196,SATHISHKUMAR.N,Tamilaga Vettri Kazhagam,48282,2,Runner-up,0,48282,S22196,https://results.eci.gov.in/ResultAcGenMay2026/ConstituencywiseS22196.htm,2026-05-04 15:40:03
THIRUMANGALAM,196,JEEVITHA NACHIYAR.B,All India Puratchi Thalaivar Makkal Munnettra Kazhagam,2347,5,Trailing,0,48282,S22196,https://results.eci.gov.in/ResultAcGenMay2026/ConstituencywiseS22196.htm,2026-05-04 15:40:03
THIRUMANGALAM,196,AYYANAN.P,Independent,80,12,Trailing,0,48282,S22196,https://results.eci.gov.in/ResultAcGenMay2026/ConstituencywiseS22196.htm,2026-05-04 15:40:03
THIRUMANGALAM,196,GIRISHKUMAR.A,Independent,42,16,Trailing,0,48282,S22196,https://results.eci.gov.in/ResultAcGenMay2026/ConstituencywiseS22196.htm,2026-05-04 15:40:03
THIRUMANGALAM,196,SAKKARAVARTHY.P,Independent,79,13,Trailing,0,48282,S22196,https://results.eci.gov.in/ResultAcGenMay2026/ConstituencywiseS22196.htm,2026-05-04 15:40:03
THIRUMANGALAM,196,NAGOOR.M,Independent,61,15,Trailing,0,48282,S22196,https://results.eci.gov.in/ResultAcGenMay2026/ConstituencywiseS22196.htm,2026-05-04 15:40:03
THIRUMANGALAM,196,BHARATH.M,Independent,799,6,Trailing,0,48282,S22196,https://results.eci.gov.in/ResultAcGenMay2026/ConstituencywiseS22196.htm,2026-05-04 15:40:03
THIRUMANGALAM,196,MUTHURAJA.M,Independent,63,14,Trailing,0,48282,S22196,https://results.eci.gov.in/ResultAcGenMay2026/ConstituencywiseS22196.htm,2026-05-04 15:40:03
THIRUMANGALAM,196,MURUGAN.S,Independent,162,10,Trailing,0,48282,S22196,https://results.eci.gov.in/ResultAcGenMay2026/ConstituencywiseS22196.htm,2026-05-04 15:40:03
THIRUMANGALAM,196,VENGATESWARAN.B,Independent,282,8,Trailing,0,48282,S22196,https://results.eci.gov.in/ResultAcGenMay2026/ConstituencywiseS22196.htm,2026-05-04 15:40:03
THIRUMANGALAM,196,NOTA,None of the Above,698,7,Trailing,0,48282,S22196,https://results.eci.gov.in/ResultAcGenMay2026/ConstituencywiseS22196.htm,2026-05-04 15:40:03
THIRUMAYAM,181,REGUPATHY.S,Dravida Munnetra Kazhagam,25657,1,Leading / Top Candidate,1357,24300,S22181,https://results.eci.gov.in/ResultAcGenMay2026/ConstituencywiseS22181.htm,2026-05-04 15:40:07
THIRUMAYAM,181,LAKSHMI SRINIVASAN,Naam Tamilar Katchi,3833,4,Trailing,0,24300,S22181,https://results.eci.gov.in/ResultAcGenMay2026/ConstituencywiseS22181.htm,2026-05-04 15:40:07
THIRUMAYAM,181,VAIRAMUTHU.PK,All India Anna Dravida Munnetra Kazhagam,24300,2,Runner-up,0,24300,S22181,https://results.eci.gov.in/ResultAcGenMay2026/ConstituencywiseS22181.htm,2026-05-04 15:40:07
THIRUMAYAM,181,CHINTHAMANI.C,Tamilaga Vettri Kazhagam,23702,3,Trailing,0,24300,S22181,https://results.eci.gov.in/ResultAcGenMay2026/ConstituencywiseS22181.htm,2026-05-04 15:40:07
THIRUMAYAM,181,SUBBIAH.A,Puthiya Tamilagam,138,6,Trailing,0,24300,S22181,https://results.eci.gov.in/ResultAcGenMay2026/ConstituencywiseS22181.htm,2026-05-04 15:40:07
THIRUMAYAM,181,MUTHUKARUPPAN.CN,Party for the Rights of Other backward Classes,106,10,Trailing,0,24300,S22181,https://results.eci.gov.in/ResultAcGenMay2026/ConstituencywiseS22181.htm,2026-05-04 15:40:07
THIRUMAYAM,181,RAMSINGH.SK,Tamizhaga Vaazhvurimai Katchi,41,15,Trailing,0,24300,S22181,https://results.eci.gov.in/ResultAcGenMay2026/ConstituencywiseS22181.htm,2026-05-04 15:40:07
THIRUMAYAM,181,RAJA.K,All India Puratchi Thalaivar Makkal Munnettra Kazhagam,55,13,Trailing,0,24300,S22181,https://results.eci.gov.in/ResultAcGenMay2026/ConstituencywiseS22181.htm,2026-05-04 15:40:07
THIRUMAYAM,181,ESWAR.S,Independent,105,11,Trailing,0,24300,S22181,https://results.eci.gov.in/ResultAcGenMay2026/ConstituencywiseS22181.htm,2026-05-04 15:40:07
THIRUMAYAM,181,SATHISHKUMAR.M,Independent,45,14,Trailing,0,24300,S22181,https://results.eci.gov.in/ResultAcGenMay2026/ConstituencywiseS22181.htm,2026-05-04 15:40:07
THIRUMAYAM,181,CHINNATHAMBI.P,Independent,99,12,Trailing,0,24300,S22181,https://results.eci.gov.in/ResultAcGenMay2026/ConstituencywiseS22181.htm,2026-05-04 15:40:07
THIRUMAYAM,181,SUBRAMANIAN.P,Independent,113,9,Trailing,0,24300,S22181,https://results.eci.gov.in/ResultAcGenMay2026/ConstituencywiseS22181.htm,2026-05-04 15:40:07
THIRUMAYAM,181,DURAIRAJAN.M,Independent,122,7,Trailing,0,24300,S22181,https://results.eci.gov.in/ResultAcGenMay2026/ConstituencywiseS22181.htm,2026-05-04 15:40:07
THIRUMAYAM,181,RAMNATH.T,Independent,119,8,Trailing,0,24300,S22181,https://results.eci.gov.in/ResultAcGenMay2026/ConstituencywiseS22181.htm,2026-05-04 15:40:07
THIRUMAYAM,181,NOTA,None of the Above,461,5,Trailing,0,24300,S22181,https://results.eci.gov.in/ResultAcGenMay2026/ConstituencywiseS22181.htm,2026-05-04 15:40:07
THIRUPARANKUNDRAM,195,KIRUTHIGA THANGAPANDI,Dravida Munnetra Kazhagam,39193,2,Runner-up,0,39193,S22195,https://results.eci.gov.in/ResultAcGenMay2026/ConstituencywiseS22195.htm,2026-05-04 15:40:11
THIRUPARANKUNDRAM,195,SATHYADEVI. T.,Naam Tamilar Katchi,7066,4,Trailing,0,39193,S22195,https://results.eci.gov.in/ResultAcGenMay2026/ConstituencywiseS22195.htm,2026-05-04 15:40:11
THIRUPARANKUNDRAM,195,RAJANCHELLAPPA. V.V.,All India Anna Dravida Munnetra Kazhagam,24362,3,Trailing,0,39193,S22195,https://results.eci.gov.in/ResultAcGenMay2026/ConstituencywiseS22195.htm,2026-05-04 15:40:11
THIRUPARANKUNDRAM,195,CHELLADURAI. R,Naam Indiar Party,104,10,Trailing,0,39193,S22195,https://results.eci.gov.in/ResultAcGenMay2026/ConstituencywiseS22195.htm,2026-05-04 15:40:11
THIRUPARANKUNDRAM,195,SETHURAMAN. A.,Puthiya Tamilagam,140,7,Trailing,0,39193,S22195,https://results.eci.gov.in/ResultAcGenMay2026/ConstituencywiseS22195.htm,2026-05-04 15:40:11
THIRUPARANKUNDRAM,195,SYED IBRAHIM. M.,Tamizhaga Vaazhvurimai Katchi,72,11,Trailing,0,39193,S22195,https://results.eci.gov.in/ResultAcGenMay2026/ConstituencywiseS22195.htm,2026-05-04 15:40:11
THIRUPARANKUNDRAM,195,THANAPANDIAN. T.,All India Puratchi Thalaivar Makkal Munnettra Kazhagam,530,6,Trailing,0,39193,S22195,https://results.eci.gov.in/ResultAcGenMay2026/ConstituencywiseS22195.htm,2026-05-04 15:40:11
THIRUPARANKUNDRAM,195,NIRMALKUMAR. R.,Tamilaga Vettri Kazhagam,56800,1,Leading / Top Candidate,17607,39193,S22195,https://results.eci.gov.in/ResultAcGenMay2026/ConstituencywiseS22195.htm,2026-05-04 15:40:11
THIRUPARANKUNDRAM,195,MOOKKAYEE. C.,Ezhuchi Tamilargal Munnetra Kazhagam,106,9,Trailing,0,39193,S22195,https://results.eci.gov.in/ResultAcGenMay2026/ConstituencywiseS22195.htm,2026-05-04 15:40:11
THIRUPARANKUNDRAM,195,RENGANATHAN DORAISAMY,Rashtriya Samaj Dal (R),44,14,Trailing,0,39193,S22195,https://results.eci.gov.in/ResultAcGenMay2026/ConstituencywiseS22195.htm,2026-05-04 15:40:11
THIRUPARANKUNDRAM,195,ARUMUGAM. G.,Independent,37,15,Trailing,0,39193,S22195,https://results.eci.gov.in/ResultAcGenMay2026/ConstituencywiseS22195.htm,2026-05-04 15:40:11
THIRUPARANKUNDRAM,195,UKKRA PANDIAN. S.,Independent,55,13,Trailing,0,39193,S22195,https://results.eci.gov.in/ResultAcGenMay2026/ConstituencywiseS22195.htm,2026-05-04 15:40:11
THIRUPARANKUNDRAM,195,POUNRAJ. N.,Independent,27,16,Trailing,0,39193,S22195,https://results.eci.gov.in/ResultAcGenMay2026/ConstituencywiseS22195.htm,2026-05-04 15:40:11
THIRUPARANKUNDRAM,195,RAJ. P.,Independent,138,8,Trailing,0,39193,S22195,https://results.eci.gov.in/ResultAcGenMay2026/ConstituencywiseS22195.htm,2026-05-04 15:40:11
THIRUPARANKUNDRAM,195,VALLARASAN. K.,Independent,60,12,Trailing,0,39193,S22195,https://results.eci.gov.in/ResultAcGenMay2026/ConstituencywiseS22195.htm,2026-05-04 15:40:11
THIRUPARANKUNDRAM,195,NOTA,None of the Above,565,5,Trailing,0,39193,S22195,https://results.eci.gov.in/ResultAcGenMay2026/ConstituencywiseS22195.htm,2026-05-04 15:40:11
THIRUPORUR,33,AMBETH RAJAN,Naam Tamilar Katchi,5834,4,Trailing,0,36921,S2233,https://results.eci.gov.in/ResultAcGenMay2026/ConstituencywiseS2233.htm,2026-05-04 15:40:15
THIRUPORUR,33,R. PANNEERDOSS,Viduthalai Chiruthaigal Katchi,36921,2,Runner-up,0,36921,S2233,https://results.eci.gov.in/ResultAcGenMay2026/ConstituencywiseS2233.htm,2026-05-04 15:40:15
THIRUPORUR,33,Dr.D.VINOTH KUMAR,Bahujan Samaj Party,294,7,Trailing,0,36921,S2233,https://results.eci.gov.in/ResultAcGenMay2026/ConstituencywiseS2233.htm,2026-05-04 15:40:15
THIRUPORUR,33,A.SELVARAJ,Mannin Maithargal Kazhagam,221,9,Trailing,0,36921,S2233,https://results.eci.gov.in/ResultAcGenMay2026/ConstituencywiseS2233.htm,2026-05-04 15:40:15
THIRUPORUR,33,V. DESAPPAN,Samata Party,158,11,Trailing,0,36921,S2233,https://results.eci.gov.in/ResultAcGenMay2026/ConstituencywiseS2233.htm,2026-05-04 15:40:15
THIRUPORUR,33,K. BALU,Pattali Makkal Katchi,27007,3,Trailing,0,36921,S2233,https://results.eci.gov.in/ResultAcGenMay2026/ConstituencywiseS2233.htm,2026-05-04 15:40:15
THIRUPORUR,33,B.VIJAYARAJ,Tamilaga Vettri Kazhagam,62812,1,Leading / Top Candidate,25891,36921,S2233,https://results.eci.gov.in/ResultAcGenMay2026/ConstituencywiseS2233.htm,2026-05-04 15:40:15
THIRUPORUR,33,V M CHANDIRAN,Independent,170,10,Trailing,0,36921,S2233,https://results.eci.gov.in/ResultAcGenMay2026/ConstituencywiseS2233.htm,2026-05-04 15:40:15
THIRUPORUR,33,S. GNANASEKARAN,Independent,110,12,Trailing,0,36921,S2233,https://results.eci.gov.in/ResultAcGenMay2026/ConstituencywiseS2233.htm,2026-05-04 15:40:15
THIRUPORUR,33,D. PANNEERSELVAM,Independent,379,6,Trailing,0,36921,S2233,https://results.eci.gov.in/ResultAcGenMay2026/ConstituencywiseS2233.htm,2026-05-04 15:40:15
THIRUPORUR,33,S. MESHAK,Independent,286,8,Trailing,0,36921,S2233,https://results.eci.gov.in/ResultAcGenMay2026/ConstituencywiseS2233.htm,2026-05-04 15:40:15
THIRUPORUR,33,NOTA,None of the Above,715,5,Trailing,0,36921,S2233,https://results.eci.gov.in/ResultAcGenMay2026/ConstituencywiseS2233.htm,2026-05-04 15:40:15
THIRUTHURAIPOONDI,166,BALATHANDAYUTHAM.U,All India Anna Dravida Munnetra Kazhagam,32000,3,Trailing,0,48580,S22166,https://results.eci.gov.in/ResultAcGenMay2026/ConstituencywiseS22166.htm,2026-05-04 15:40:20
THIRUTHURAIPOONDI,166,MARIMUTHU.K,Communist Party of India,57022,1,Leading / Top Candidate,8442,48580,S22166,https://results.eci.gov.in/ResultAcGenMay2026/ConstituencywiseS22166.htm,2026-05-04 15:40:20
THIRUTHURAIPOONDI,166,VIMALA.A,Bahujan Samaj Party,409,6,Trailing,0,48580,S22166,https://results.eci.gov.in/ResultAcGenMay2026/ConstituencywiseS22166.htm,2026-05-04 15:40:20
THIRUTHURAIPOONDI,166,VINOTHINI.R,Naam Tamilar Katchi,7657,4,Trailing,0,48580,S22166,https://results.eci.gov.in/ResultAcGenMay2026/ConstituencywiseS22166.htm,2026-05-04 15:40:20
THIRUTHURAIPOONDI,166,ARUMUGAM.N,Tamizhaga Vaazhvurimai Katchi,356,7,Trailing,0,48580,S22166,https://results.eci.gov.in/ResultAcGenMay2026/ConstituencywiseS22166.htm,2026-05-04 15:40:20
THIRUTHURAIPOONDI,166,PANDIYAN.S,Tamilaga Vettri Kazhagam,48580,2,Runner-up,0,48580,S22166,https://results.eci.gov.in/ResultAcGenMay2026/ConstituencywiseS22166.htm,2026-05-04 15:40:20
THIRUTHURAIPOONDI,166,SIVAPRAKASAM.V,Independent,216,9,Trailing,0,48580,S22166,https://results.eci.gov.in/ResultAcGenMay2026/ConstituencywiseS22166.htm,2026-05-04 15:40:20
THIRUTHURAIPOONDI,166,MURUGANANTHAM.V,Independent,119,10,Trailing,0,48580,S22166,https://results.eci.gov.in/ResultAcGenMay2026/ConstituencywiseS22166.htm,2026-05-04 15:40:20
THIRUTHURAIPOONDI,166,JAYASANGAR.A,Independent,272,8,Trailing,0,48580,S22166,https://results.eci.gov.in/ResultAcGenMay2026/ConstituencywiseS22166.htm,2026-05-04 15:40:20
THIRUTHURAIPOONDI,166,NOTA,None of the Above,609,5,Trailing,0,48580,S22166,https://results.eci.gov.in/ResultAcGenMay2026/ConstituencywiseS22166.htm,2026-05-04 15:40:20
THIRUVAIYARU,173,DURAI. CHANDRASEKARAN,Dravida Munnetra Kazhagam,40694,1,Leading / Top Candidate,8121,32573,S22173,https://results.eci.gov.in/ResultAcGenMay2026/ConstituencywiseS22173.htm,2026-05-04 15:40:24
THIRUVAIYARU,173,DURAI. SENTHILNATHAN,Naam Tamilar Katchi,4960,4,Trailing,0,32573,S22173,https://results.eci.gov.in/ResultAcGenMay2026/ConstituencywiseS22173.htm,2026-05-04 15:40:24
THIRUVAIYARU,173,VELU. KARTHIKEYAN,Amma Makkal Munnettra Kazagam,29011,3,Trailing,0,32573,S22173,https://results.eci.gov.in/ResultAcGenMay2026/ConstituencywiseS22173.htm,2026-05-04 15:40:24
THIRUVAIYARU,173,MATHI. MANIKANDAN,Tamilaga Vettri Kazhagam,32573,2,Runner-up,0,32573,S22173,https://results.eci.gov.in/ResultAcGenMay2026/ConstituencywiseS22173.htm,2026-05-04 15:40:24
THIRUVAIYARU,173,S. VIJAYAKUMAR,Anna Puratchi Thalaivar Amma Dravida Munnetra Kazhagam,155,7,Trailing,0,32573,S22173,https://results.eci.gov.in/ResultAcGenMay2026/ConstituencywiseS22173.htm,2026-05-04 15:40:24
THIRUVAIYARU,173,VIJAYA BABU,Tamizhaga Vaazhvurimai Katchi,535,5,Trailing,0,32573,S22173,https://results.eci.gov.in/ResultAcGenMay2026/ConstituencywiseS22173.htm,2026-05-04 15:40:24
THIRUVAIYARU,173,V. VENU,Puthiya Tamilagam,133,10,Trailing,0,32573,S22173,https://results.eci.gov.in/ResultAcGenMay2026/ConstituencywiseS22173.htm,2026-05-04 15:40:24
THIRUVAIYARU,173,ABIMAN,Independent,60,13,Trailing,0,32573,S22173,https://results.eci.gov.in/ResultAcGenMay2026/ConstituencywiseS22173.htm,2026-05-04 15:40:24
THIRUVAIYARU,173,ER.S. ARJUN,Independent,55,14,Trailing,0,32573,S22173,https://results.eci.gov.in/ResultAcGenMay2026/ConstituencywiseS22173.htm,2026-05-04 15:40:24
THIRUVAIYARU,173,R. SATHIYANARAYANAN,Independent,70,12,Trailing,0,32573,S22173,https://results.eci.gov.in/ResultAcGenMay2026/ConstituencywiseS22173.htm,2026-05-04 15:40:24
THIRUVAIYARU,173,RAJASEKARAN. S,Independent,144,8,Trailing,0,32573,S22173,https://results.eci.gov.in/ResultAcGenMay2026/ConstituencywiseS22173.htm,2026-05-04 15:40:24
THIRUVAIYARU,173,R. RAJKUMAR,Independent,137,9,Trailing,0,32573,S22173,https://results.eci.gov.in/ResultAcGenMay2026/ConstituencywiseS22173.htm,2026-05-04 15:40:24
THIRUVAIYARU,173,JAYAINDHRAESWARAN,Independent,78,11,Trailing,0,32573,S22173,https://results.eci.gov.in/ResultAcGenMay2026/ConstituencywiseS22173.htm,2026-05-04 15:40:24
THIRUVAIYARU,173,NOTA,None of the Above,437,6,Trailing,0,32573,S22173,https://results.eci.gov.in/ResultAcGenMay2026/ConstituencywiseS22173.htm,2026-05-04 15:40:24
THIRUVALLUR,4,V.G. RAAJENDRAN,Dravida Munnetra Kazhagam,46066,2,Runner-up,0,46066,S224,https://results.eci.gov.in/ResultAcGenMay2026/ConstituencywiseS224.htm,2026-05-04 15:40:28
THIRUVALLUR,4,K. SENTHILKUMAR,Naam Tamilar Katchi,3313,4,Trailing,0,46066,S224,https://results.eci.gov.in/ResultAcGenMay2026/ConstituencywiseS224.htm,2026-05-04 15:40:28
THIRUVALLUR,4,BE VEE RAMANAH,All India Anna Dravida Munnetra Kazhagam,37055,3,Trailing,0,46066,S224,https://results.eci.gov.in/ResultAcGenMay2026/ConstituencywiseS224.htm,2026-05-04 15:40:28
THIRUVALLUR,4,B. RAJESH KUMAR,Bahujan Samaj Party,518,7,Trailing,0,46066,S224,https://results.eci.gov.in/ResultAcGenMay2026/ConstituencywiseS224.htm,2026-05-04 15:40:28
THIRUVALLUR,4,DR. T. ARUNKUMAR,Tamilaga Vettri Kazhagam,59795,1,Leading / Top Candidate,13729,46066,S224,https://results.eci.gov.in/ResultAcGenMay2026/ConstituencywiseS224.htm,2026-05-04 15:40:28
THIRUVALLUR,4,E. MANI,Republican Party of India (Athawale),419,8,Trailing,0,46066,S224,https://results.eci.gov.in/ResultAcGenMay2026/ConstituencywiseS224.htm,2026-05-04 15:40:28
THIRUVALLUR,4,E. RAJARATHINAM,Tamizhaga Vaazhvurimai Katchi,68,14,Trailing,0,46066,S224,https://results.eci.gov.in/ResultAcGenMay2026/ConstituencywiseS224.htm,2026-05-04 15:40:28
THIRUVALLUR,4,N. VENKATESAN,Aanaithinthiya Jananayaka Pathukappu Kazhagam,208,9,Trailing,0,46066,S224,https://results.eci.gov.in/ResultAcGenMay2026/ConstituencywiseS224.htm,2026-05-04 15:40:28
THIRUVALLUR,4,E.KOTHANDAN,Independent,159,11,Trailing,0,46066,S224,https://results.eci.gov.in/ResultAcGenMay2026/ConstituencywiseS224.htm,2026-05-04 15:40:28
THIRUVALLUR,4,N. NAGENDRABABU,Independent,66,15,Trailing,0,46066,S224,https://results.eci.gov.in/ResultAcGenMay2026/ConstituencywiseS224.htm,2026-05-04 15:40:28
THIRUVALLUR,4,N. BALAKRISHNAN,Independent,137,12,Trailing,0,46066,S224,https://results.eci.gov.in/ResultAcGenMay2026/ConstituencywiseS224.htm,2026-05-04 15:40:28
THIRUVALLUR,4,R. RAMANAN,Independent,84,13,Trailing,0,46066,S224,https://results.eci.gov.in/ResultAcGenMay2026/ConstituencywiseS224.htm,2026-05-04 15:40:28
THIRUVALLUR,4,G. RAJENDIRAN,Independent,171,10,Trailing,0,46066,S224,https://results.eci.gov.in/ResultAcGenMay2026/ConstituencywiseS224.htm,2026-05-04 15:40:28
THIRUVALLUR,4,S. RAJENDRAN,Independent,542,6,Trailing,0,46066,S224,https://results.eci.gov.in/ResultAcGenMay2026/ConstituencywiseS224.htm,2026-05-04 15:40:28
THIRUVALLUR,4,NOTA,None of the Above,752,5,Trailing,0,46066,S224,https://results.eci.gov.in/ResultAcGenMay2026/ConstituencywiseS224.htm,2026-05-04 15:40:28
THIRUVARUR,168,ASWINI B,Naam Tamilar Katchi,9270,4,Trailing,0,70799,S22168,https://results.eci.gov.in/ResultAcGenMay2026/ConstituencywiseS22168.htm,2026-05-04 15:40:33
THIRUVARUR,168,KALAIVANAN POONDI K,Dravida Munnetra Kazhagam,87200,1,Leading / Top Candidate,16401,70799,S22168,https://results.eci.gov.in/ResultAcGenMay2026/ConstituencywiseS22168.htm,2026-05-04 15:40:33
THIRUVARUR,168,CHANDRASEKARAN GOVI,Bharatiya Janata Party,34118,3,Trailing,0,70799,S22168,https://results.eci.gov.in/ResultAcGenMay2026/ConstituencywiseS22168.htm,2026-05-04 15:40:33
THIRUVARUR,168,KANTHAN A,Tamizhaga Vaazhvurimai Katchi,471,8,Trailing,0,70799,S22168,https://results.eci.gov.in/ResultAcGenMay2026/ConstituencywiseS22168.htm,2026-05-04 15:40:33
THIRUVARUR,168,THIYAGARAJAN .M,Puthiya Tamilagam,489,7,Trailing,0,70799,S22168,https://results.eci.gov.in/ResultAcGenMay2026/ConstituencywiseS22168.htm,2026-05-04 15:40:33
THIRUVARUR,168,VEERAMANI V,Tamilaga Vettri Kazhagam,70799,2,Runner-up,0,70799,S22168,https://results.eci.gov.in/ResultAcGenMay2026/ConstituencywiseS22168.htm,2026-05-04 15:40:33
THIRUVARUR,168,MUTHARASAN S,Independent,319,9,Trailing,0,70799,S22168,https://results.eci.gov.in/ResultAcGenMay2026/ConstituencywiseS22168.htm,2026-05-04 15:40:33
THIRUVARUR,168,SAHUL HAMEED M,Independent,555,6,Trailing,0,70799,S22168,https://results.eci.gov.in/ResultAcGenMay2026/ConstituencywiseS22168.htm,2026-05-04 15:40:33
THIRUVARUR,168,NOTA,None of the Above,770,5,Trailing,0,70799,S22168,https://results.eci.gov.in/ResultAcGenMay2026/ConstituencywiseS22168.htm,2026-05-04 15:40:33
THIRUVERUMBUR,142,ANBIL MAHESH POYYAMOZHI,Dravida Munnetra Kazhagam,36775,2,Runner-up,0,36775,S22142,https://results.eci.gov.in/ResultAcGenMay2026/ConstituencywiseS22142.htm,2026-05-04 15:40:37
THIRUVERUMBUR,142,KUMAR. P,All India Anna Dravida Munnetra Kazhagam,13505,3,Trailing,0,36775,S22142,https://results.eci.gov.in/ResultAcGenMay2026/ConstituencywiseS22142.htm,2026-05-04 15:40:37
THIRUVERUMBUR,142,RAJESSH. T,Naam Tamilar Katchi,3942,4,Trailing,0,36775,S22142,https://results.eci.gov.in/ResultAcGenMay2026/ConstituencywiseS22142.htm,2026-05-04 15:40:37
THIRUVERUMBUR,142,VISITHRA. S,Bahujan Samaj Party,94,11,Trailing,0,36775,S22142,https://results.eci.gov.in/ResultAcGenMay2026/ConstituencywiseS22142.htm,2026-05-04 15:40:37
THIRUVERUMBUR,142,KUMARAVEL. T,Thamizhaka Padaippalar Makkal Katchi,86,12,Trailing,0,36775,S22142,https://results.eci.gov.in/ResultAcGenMay2026/ConstituencywiseS22142.htm,2026-05-04 15:40:37
THIRUVERUMBUR,142,PITCHAIMUTHU. A,Puthiya Tamilagam,125,8,Trailing,0,36775,S22142,https://results.eci.gov.in/ResultAcGenMay2026/ConstituencywiseS22142.htm,2026-05-04 15:40:37
THIRUVERUMBUR,142,RANJITH. S,Tamizhaga Vaazhvurimai Katchi,102,9,Trailing,0,36775,S22142,https://results.eci.gov.in/ResultAcGenMay2026/ConstituencywiseS22142.htm,2026-05-04 15:40:37
THIRUVERUMBUR,142,VIJAYAKUMAR (A) NAVALPATTU S. VIJI,Tamilaga Vettri Kazhagam,38809,1,Leading / Top Candidate,2034,36775,S22142,https://results.eci.gov.in/ResultAcGenMay2026/ConstituencywiseS22142.htm,2026-05-04 15:40:37
THIRUVERUMBUR,142,JOSEPH. L,Samaniya Makkal Nala Katchi,36,19,Trailing,0,36775,S22142,https://results.eci.gov.in/ResultAcGenMay2026/ConstituencywiseS22142.htm,2026-05-04 15:40:37
THIRUVERUMBUR,142,YESURAJ. I,Independent,18,23,Trailing,0,36775,S22142,https://results.eci.gov.in/ResultAcGenMay2026/ConstituencywiseS22142.htm,2026-05-04 15:40:37
THIRUVERUMBUR,142,KUMAR. K,Independent,14,26,Trailing,0,36775,S22142,https://results.eci.gov.in/ResultAcGenMay2026/ConstituencywiseS22142.htm,2026-05-04 15:40:37
THIRUVERUMBUR,142,KUMAR. P,Independent,18,24,Trailing,0,36775,S22142,https://results.eci.gov.in/ResultAcGenMay2026/ConstituencywiseS22142.htm,2026-05-04 15:40:37
THIRUVERUMBUR,142,CHARLES. S,Independent,43,16,Trailing,0,36775,S22142,https://results.eci.gov.in/ResultAcGenMay2026/ConstituencywiseS22142.htm,2026-05-04 15:40:37
THIRUVERUMBUR,142,SUBBULAKSHMI. R,Independent,38,18,Trailing,0,36775,S22142,https://results.eci.gov.in/ResultAcGenMay2026/ConstituencywiseS22142.htm,2026-05-04 15:40:37
THIRUVERUMBUR,142,DEEPAK. P,Independent,40,17,Trailing,0,36775,S22142,https://results.eci.gov.in/ResultAcGenMay2026/ConstituencywiseS22142.htm,2026-05-04 15:40:37
THIRUVERUMBUR,142,POULOSH. D,Independent,130,7,Trailing,0,36775,S22142,https://results.eci.gov.in/ResultAcGenMay2026/ConstituencywiseS22142.htm,2026-05-04 15:40:37
THIRUVERUMBUR,142,MURUGANANTHAM. G,Independent,205,6,Trailing,0,36775,S22142,https://results.eci.gov.in/ResultAcGenMay2026/ConstituencywiseS22142.htm,2026-05-04 15:40:37
THIRUVERUMBUR,142,DR. MOHANA CHELVAN. P,Independent,73,14,Trailing,0,36775,S22142,https://results.eci.gov.in/ResultAcGenMay2026/ConstituencywiseS22142.htm,2026-05-04 15:40:37
THIRUVERUMBUR,142,RAMACHANDRAN. V,Independent,18,25,Trailing,0,36775,S22142,https://results.eci.gov.in/ResultAcGenMay2026/ConstituencywiseS22142.htm,2026-05-04 15:40:37
THIRUVERUMBUR,142,VINCENTRAJ. A,Independent,12,27,Trailing,0,36775,S22142,https://results.eci.gov.in/ResultAcGenMay2026/ConstituencywiseS22142.htm,2026-05-04 15:40:37
THIRUVERUMBUR,142,VIJAYAKUMAR. C,Independent,23,20,Trailing,0,36775,S22142,https://results.eci.gov.in/ResultAcGenMay2026/ConstituencywiseS22142.htm,2026-05-04 15:40:37
THIRUVERUMBUR,142,VIJAYAKUMAR. N,Independent,22,21,Trailing,0,36775,S22142,https://results.eci.gov.in/ResultAcGenMay2026/ConstituencywiseS22142.htm,2026-05-04 15:40:37
THIRUVERUMBUR,142,VETRIVEL KANNA. P,Independent,101,10,Trailing,0,36775,S22142,https://results.eci.gov.in/ResultAcGenMay2026/ConstituencywiseS22142.htm,2026-05-04 15:40:37
THIRUVERUMBUR,142,JAYACHANDRAN. P,Independent,50,15,Trailing,0,36775,S22142,https://results.eci.gov.in/ResultAcGenMay2026/ConstituencywiseS22142.htm,2026-05-04 15:40:37
THIRUVERUMBUR,142,SHAJAGAN. A,Independent,82,13,Trailing,0,36775,S22142,https://results.eci.gov.in/ResultAcGenMay2026/ConstituencywiseS22142.htm,2026-05-04 15:40:37
THIRUVERUMBUR,142,HABEEB RAHAMAN. H,Independent,21,22,Trailing,0,36775,S22142,https://results.eci.gov.in/ResultAcGenMay2026/ConstituencywiseS22142.htm,2026-05-04 15:40:37
THIRUVERUMBUR,142,NOTA,None of the Above,324,5,Trailing,0,36775,S22142,https://results.eci.gov.in/ResultAcGenMay2026/ConstituencywiseS22142.htm,2026-05-04 15:40:37
THIRUVIDAIMARUDUR,170,ELAMATHI SUBRAMANIAN,All India Anna Dravida Munnetra Kazhagam,32932,3,Trailing,0,38900,S22170,https://results.eci.gov.in/ResultAcGenMay2026/ConstituencywiseS22170.htm,2026-05-04 15:40:41
THIRUVIDAIMARUDUR,170,GOVI.CHEZHIAAN,Dravida Munnetra Kazhagam,46857,1,Leading / Top Candidate,7957,38900,S22170,https://results.eci.gov.in/ResultAcGenMay2026/ConstituencywiseS22170.htm,2026-05-04 15:40:41
THIRUVIDAIMARUDUR,170,M.DIVYA BHARATHI,Naam Tamilar Katchi,3632,4,Trailing,0,38900,S22170,https://results.eci.gov.in/ResultAcGenMay2026/ConstituencywiseS22170.htm,2026-05-04 15:40:41
THIRUVIDAIMARUDUR,170,T.M.PURATCHI MANI,Bahujan Samaj Party,942,5,Trailing,0,38900,S22170,https://results.eci.gov.in/ResultAcGenMay2026/ConstituencywiseS22170.htm,2026-05-04 15:40:41
THIRUVIDAIMARUDUR,170,KANNAIYAN. T,Communist Party of India (Marxist-Leninist) (Liberation),223,8,Trailing,0,38900,S22170,https://results.eci.gov.in/ResultAcGenMay2026/ConstituencywiseS22170.htm,2026-05-04 15:40:41
THIRUVIDAIMARUDUR,170,S.PRABAKARAN,Tamilaga Vettri Kazhagam,38900,2,Runner-up,0,38900,S22170,https://results.eci.gov.in/ResultAcGenMay2026/ConstituencywiseS22170.htm,2026-05-04 15:40:41
THIRUVIDAIMARUDUR,170,A.VISWANATHAN,Tamizhaga Vaazhvurimai Katchi,158,10,Trailing,0,38900,S22170,https://results.eci.gov.in/ResultAcGenMay2026/ConstituencywiseS22170.htm,2026-05-04 15:40:41
THIRUVIDAIMARUDUR,170,ARAVINDARAJ. R,Independent,48,15,Trailing,0,38900,S22170,https://results.eci.gov.in/ResultAcGenMay2026/ConstituencywiseS22170.htm,2026-05-04 15:40:41
THIRUVIDAIMARUDUR,170,KEERTHIGA. K,Independent,52,14,Trailing,0,38900,S22170,https://results.eci.gov.in/ResultAcGenMay2026/ConstituencywiseS22170.htm,2026-05-04 15:40:41
THIRUVIDAIMARUDUR,170,SELVARANI. S,Independent,81,13,Trailing,0,38900,S22170,https://results.eci.gov.in/ResultAcGenMay2026/ConstituencywiseS22170.htm,2026-05-04 15:40:41
THIRUVIDAIMARUDUR,170,M.TAMILMARAN,Independent,89,12,Trailing,0,38900,S22170,https://results.eci.gov.in/ResultAcGenMay2026/ConstituencywiseS22170.htm,2026-05-04 15:40:41
THIRUVIDAIMARUDUR,170,DHANASEKAR,Independent,180,9,Trailing,0,38900,S22170,https://results.eci.gov.in/ResultAcGenMay2026/ConstituencywiseS22170.htm,2026-05-04 15:40:41
THIRUVIDAIMARUDUR,170,L.PRABAKARAN,Independent,107,11,Trailing,0,38900,S22170,https://results.eci.gov.in/ResultAcGenMay2026/ConstituencywiseS22170.htm,2026-05-04 15:40:41
THIRUVIDAIMARUDUR,170,P.MANIKANDAN,Independent,372,7,Trailing,0,38900,S22170,https://results.eci.gov.in/ResultAcGenMay2026/ConstituencywiseS22170.htm,2026-05-04 15:40:41
THIRUVIDAIMARUDUR,170,NOTA,None of the Above,423,6,Trailing,0,38900,S22170,https://results.eci.gov.in/ResultAcGenMay2026/ConstituencywiseS22170.htm,2026-05-04 15:40:41
THIRUVOTTIYUR,10,KUPPAN. K,All India Anna Dravida Munnetra Kazhagam,19594,3,Trailing,0,36378,S2210,https://results.eci.gov.in/ResultAcGenMay2026/ConstituencywiseS2210.htm,2026-05-04 15:40:46
THIRUVOTTIYUR,10,SATHYA. B,Naam Tamilar Katchi,5923,4,Trailing,0,36378,S2210,https://results.eci.gov.in/ResultAcGenMay2026/ConstituencywiseS2210.htm,2026-05-04 15:40:46
THIRUVOTTIYUR,10,SUNDARARAJ. L,Communist Party of India (Marxist),36378,2,Runner-up,0,36378,S2210,https://results.eci.gov.in/ResultAcGenMay2026/ConstituencywiseS2210.htm,2026-05-04 15:40:46
THIRUVOTTIYUR,10,MAHENDRA KUMAR. D,Bahujan Samaj Party,311,7,Trailing,0,36378,S2210,https://results.eci.gov.in/ResultAcGenMay2026/ConstituencywiseS2210.htm,2026-05-04 15:40:46
THIRUVOTTIYUR,10,SASIREKHA. M,Veerath Thiyagi Viswanathadoss Thozhilalarkal Katchi,183,10,Trailing,0,36378,S2210,https://results.eci.gov.in/ResultAcGenMay2026/ConstituencywiseS2210.htm,2026-05-04 15:40:46
THIRUVOTTIYUR,10,SENTHIL KUMAR. N,Tamilaga Vettri Kazhagam,74178,1,Leading / Top Candidate,37800,36378,S2210,https://results.eci.gov.in/ResultAcGenMay2026/ConstituencywiseS2210.htm,2026-05-04 15:40:46
THIRUVOTTIYUR,10,DILLI KUMAR. R,Democratic National Allegiance,143,11,Trailing,0,36378,S2210,https://results.eci.gov.in/ResultAcGenMay2026/ConstituencywiseS2210.htm,2026-05-04 15:40:46
THIRUVOTTIYUR,10,VENKATARAMANAN. J,Tamizhaga Vaazhvurimai Katchi,117,12,Trailing,0,36378,S2210,https://results.eci.gov.in/ResultAcGenMay2026/ConstituencywiseS2210.htm,2026-05-04 15:40:46
THIRUVOTTIYUR,10,ARAVIND. R,Independent,50,16,Trailing,0,36378,S2210,https://results.eci.gov.in/ResultAcGenMay2026/ConstituencywiseS2210.htm,2026-05-04 15:40:46
THIRUVOTTIYUR,10,GOPI. K,Independent,83,14,Trailing,0,36378,S2210,https://results.eci.gov.in/ResultAcGenMay2026/ConstituencywiseS2210.htm,2026-05-04 15:40:46
THIRUVOTTIYUR,10,THANIKASALAM. B,Independent,98,13,Trailing,0,36378,S2210,https://results.eci.gov.in/ResultAcGenMay2026/ConstituencywiseS2210.htm,2026-05-04 15:40:46
THIRUVOTTIYUR,10,BALARUBAN,Independent,226,8,Trailing,0,36378,S2210,https://results.eci.gov.in/ResultAcGenMay2026/ConstituencywiseS2210.htm,2026-05-04 15:40:46
THIRUVOTTIYUR,10,MICHAELRAJ. M. A,Independent,707,5,Trailing,0,36378,S2210,https://results.eci.gov.in/ResultAcGenMay2026/ConstituencywiseS2210.htm,2026-05-04 15:40:46
THIRUVOTTIYUR,10,VIJAY. A,Independent,192,9,Trailing,0,36378,S2210,https://results.eci.gov.in/ResultAcGenMay2026/ConstituencywiseS2210.htm,2026-05-04 15:40:46
THIRUVOTTIYUR,10,JANAGARAJ,Independent,82,15,Trailing,0,36378,S2210,https://results.eci.gov.in/ResultAcGenMay2026/ConstituencywiseS2210.htm,2026-05-04 15:40:46
THIRUVOTTIYUR,10,NOTA,None of the Above,509,6,Trailing,0,36378,S2210,https://results.eci.gov.in/ResultAcGenMay2026/ConstituencywiseS2210.htm,2026-05-04 15:40:46
THIYAGARAYANAGAR,24,ANUSHA V,Naam Tamilar Katchi,3532,4,Trailing,0,29156,S2224,https://results.eci.gov.in/ResultAcGenMay2026/ConstituencywiseS2224.htm,2026-05-04 15:40:50
THIYAGARAYANAGAR,24,SATHIYANARAYANAN B,All India Anna Dravida Munnetra Kazhagam,28529,3,Trailing,0,29156,S2224,https://results.eci.gov.in/ResultAcGenMay2026/ConstituencywiseS2224.htm,2026-05-04 15:40:50
THIYAGARAYANAGAR,24,RAJA ANBAZHAGAN,Dravida Munnetra Kazhagam,29156,2,Runner-up,0,29156,S2224,https://results.eci.gov.in/ResultAcGenMay2026/ConstituencywiseS2224.htm,2026-05-04 15:40:50
THIYAGARAYANAGAR,24,ANAND N,Tamilaga Vettri Kazhagam,41039,1,Leading / Top Candidate,11883,29156,S2224,https://results.eci.gov.in/ResultAcGenMay2026/ConstituencywiseS2224.htm,2026-05-04 15:40:50
THIYAGARAYANAGAR,24,RAVI M L,Desiya Makkal Sakthi Katchi,85,7,Trailing,0,29156,S2224,https://results.eci.gov.in/ResultAcGenMay2026/ConstituencywiseS2224.htm,2026-05-04 15:40:50
THIYAGARAYANAGAR,24,ABUKITHER M,Independent,91,6,Trailing,0,29156,S2224,https://results.eci.gov.in/ResultAcGenMay2026/ConstituencywiseS2224.htm,2026-05-04 15:40:50
THIYAGARAYANAGAR,24,ARAVIND GOSH Y T,Independent,23,20,Trailing,0,29156,S2224,https://results.eci.gov.in/ResultAcGenMay2026/ConstituencywiseS2224.htm,2026-05-04 15:40:50
THIYAGARAYANAGAR,24,EASAN NATARAJAN T,Independent,34,17,Trailing,0,29156,S2224,https://results.eci.gov.in/ResultAcGenMay2026/ConstituencywiseS2224.htm,2026-05-04 15:40:50
THIYAGARAYANAGAR,24,KUMAR SRI SRI B,Independent,18,24,Trailing,0,29156,S2224,https://results.eci.gov.in/ResultAcGenMay2026/ConstituencywiseS2224.htm,2026-05-04 15:40:50
THIYAGARAYANAGAR,24,SATHISH KUMAR B,Independent,19,23,Trailing,0,29156,S2224,https://results.eci.gov.in/ResultAcGenMay2026/ConstituencywiseS2224.htm,2026-05-04 15:40:50
THIYAGARAYANAGAR,24,GNANASEKARAN G,Independent,27,18,Trailing,0,29156,S2224,https://results.eci.gov.in/ResultAcGenMay2026/ConstituencywiseS2224.htm,2026-05-04 15:40:50
THIYAGARAYANAGAR,24,THENNARASU P,Independent,8,27,Trailing,0,29156,S2224,https://results.eci.gov.in/ResultAcGenMay2026/ConstituencywiseS2224.htm,2026-05-04 15:40:50
THIYAGARAYANAGAR,24,PADMINI NARASIMHAN,Independent,85,8,Trailing,0,29156,S2224,https://results.eci.gov.in/ResultAcGenMay2026/ConstituencywiseS2224.htm,2026-05-04 15:40:50
THIYAGARAYANAGAR,24,BADRI S,Independent,68,9,Trailing,0,29156,S2224,https://results.eci.gov.in/ResultAcGenMay2026/ConstituencywiseS2224.htm,2026-05-04 15:40:50
THIYAGARAYANAGAR,24,BALAJI S,Independent,22,21,Trailing,0,29156,S2224,https://results.eci.gov.in/ResultAcGenMay2026/ConstituencywiseS2224.htm,2026-05-04 15:40:50
THIYAGARAYANAGAR,24,PRASATH D,Independent,35,16,Trailing,0,29156,S2224,https://results.eci.gov.in/ResultAcGenMay2026/ConstituencywiseS2224.htm,2026-05-04 15:40:50
THIYAGARAYANAGAR,24,MANIKANDAN T,Independent,22,22,Trailing,0,29156,S2224,https://results.eci.gov.in/ResultAcGenMay2026/ConstituencywiseS2224.htm,2026-05-04 15:40:50
THIYAGARAYANAGAR,24,MANIKANDAN N,Independent,60,12,Trailing,0,29156,S2224,https://results.eci.gov.in/ResultAcGenMay2026/ConstituencywiseS2224.htm,2026-05-04 15:40:50
THIYAGARAYANAGAR,24,MOORTHY N,Independent,50,14,Trailing,0,29156,S2224,https://results.eci.gov.in/ResultAcGenMay2026/ConstituencywiseS2224.htm,2026-05-04 15:40:50
THIYAGARAYANAGAR,24,MYTHILI C,Independent,66,10,Trailing,0,29156,S2224,https://results.eci.gov.in/ResultAcGenMay2026/ConstituencywiseS2224.htm,2026-05-04 15:40:50
THIYAGARAYANAGAR,24,RAMKUMAR L,Independent,25,19,Trailing,0,29156,S2224,https://results.eci.gov.in/ResultAcGenMay2026/ConstituencywiseS2224.htm,2026-05-04 15:40:50
THIYAGARAYANAGAR,24,RAMACHANDRAN O N,Independent,53,13,Trailing,0,29156,S2224,https://results.eci.gov.in/ResultAcGenMay2026/ConstituencywiseS2224.htm,2026-05-04 15:40:50
THIYAGARAYANAGAR,24,RAJESH E,Independent,50,15,Trailing,0,29156,S2224,https://results.eci.gov.in/ResultAcGenMay2026/ConstituencywiseS2224.htm,2026-05-04 15:40:50
THIYAGARAYANAGAR,24,VETRIVEL K,Independent,64,11,Trailing,0,29156,S2224,https://results.eci.gov.in/ResultAcGenMay2026/ConstituencywiseS2224.htm,2026-05-04 15:40:50
THIYAGARAYANAGAR,24,JAYAVEL,Independent,18,25,Trailing,0,29156,S2224,https://results.eci.gov.in/ResultAcGenMay2026/ConstituencywiseS2224.htm,2026-05-04 15:40:50
THIYAGARAYANAGAR,24,JOTHIRAJ G M,Independent,13,26,Trailing,0,29156,S2224,https://results.eci.gov.in/ResultAcGenMay2026/ConstituencywiseS2224.htm,2026-05-04 15:40:50
THIYAGARAYANAGAR,24,NOTA,None of the Above,691,5,Trailing,0,29156,S2224,https://results.eci.gov.in/ResultAcGenMay2026/ConstituencywiseS2224.htm,2026-05-04 15:40:50
THONDAMUTHUR,119,N.R.KARTHIKEYAN,Dravida Munnetra Kazhagam,37128,2,Runner-up,0,37128,S22119,https://results.eci.gov.in/ResultAcGenMay2026/ConstituencywiseS22119.htm,2026-05-04 15:40:54
THONDAMUTHUR,119,RAJABU NISHA.Z,Naam Tamilar Katchi,3108,4,Trailing,0,37128,S22119,https://results.eci.gov.in/ResultAcGenMay2026/ConstituencywiseS22119.htm,2026-05-04 15:40:54
THONDAMUTHUR,119,S.P.VELUMANI,All India Anna Dravida Munnetra Kazhagam,46348,1,Leading / Top Candidate,9220,37128,S22119,https://results.eci.gov.in/ResultAcGenMay2026/ConstituencywiseS22119.htm,2026-05-04 15:40:54
THONDAMUTHUR,119,SATHISH RAJU (ALIAS) K.P.R. SATHISH,Tamilaga Vettri Kazhagam,33922,3,Trailing,0,37128,S22119,https://results.eci.gov.in/ResultAcGenMay2026/ConstituencywiseS22119.htm,2026-05-04 15:40:54
THONDAMUTHUR,119,SHAJAHAN.S,Tamizhaga Vaazhvurimai Katchi,106,12,Trailing,0,37128,S22119,https://results.eci.gov.in/ResultAcGenMay2026/ConstituencywiseS22119.htm,2026-05-04 15:40:54
THONDAMUTHUR,119,ARULKUMAR.P,Independent,61,16,Trailing,0,37128,S22119,https://results.eci.gov.in/ResultAcGenMay2026/ConstituencywiseS22119.htm,2026-05-04 15:40:54
THONDAMUTHUR,119,KALAIVANI.S,Independent,68,15,Trailing,0,37128,S22119,https://results.eci.gov.in/ResultAcGenMay2026/ConstituencywiseS22119.htm,2026-05-04 15:40:54
THONDAMUTHUR,119,KARTHIKEYAN.M,Independent,41,20,Trailing,0,37128,S22119,https://results.eci.gov.in/ResultAcGenMay2026/ConstituencywiseS22119.htm,2026-05-04 15:40:54
THONDAMUTHUR,119,KARTHIKEYAN.R,Independent,22,22,Trailing,0,37128,S22119,https://results.eci.gov.in/ResultAcGenMay2026/ConstituencywiseS22119.htm,2026-05-04 15:40:54
THONDAMUTHUR,119,KARTHIKEYAN.R-THONDAMUTHUR,Independent,59,17,Trailing,0,37128,S22119,https://results.eci.gov.in/ResultAcGenMay2026/ConstituencywiseS22119.htm,2026-05-04 15:40:54
THONDAMUTHUR,119,KARTHIKEYAN.R-POOLUVAPATTI,Independent,124,9,Trailing,0,37128,S22119,https://results.eci.gov.in/ResultAcGenMay2026/ConstituencywiseS22119.htm,2026-05-04 15:40:54
THONDAMUTHUR,119,KOWSALYA.V,Independent,45,19,Trailing,0,37128,S22119,https://results.eci.gov.in/ResultAcGenMay2026/ConstituencywiseS22119.htm,2026-05-04 15:40:54
THONDAMUTHUR,119,SIVARAMAN.C,Independent,119,11,Trailing,0,37128,S22119,https://results.eci.gov.in/ResultAcGenMay2026/ConstituencywiseS22119.htm,2026-05-04 15:40:54
THONDAMUTHUR,119,DEEPA.G.S,Independent,121,10,Trailing,0,37128,S22119,https://results.eci.gov.in/ResultAcGenMay2026/ConstituencywiseS22119.htm,2026-05-04 15:40:54
THONDAMUTHUR,119,DEVADASS.K,Independent,57,18,Trailing,0,37128,S22119,https://results.eci.gov.in/ResultAcGenMay2026/ConstituencywiseS22119.htm,2026-05-04 15:40:54
THONDAMUTHUR,119,NIRMALKUMAR.R,Independent,161,8,Trailing,0,37128,S22119,https://results.eci.gov.in/ResultAcGenMay2026/ConstituencywiseS22119.htm,2026-05-04 15:40:54
THONDAMUTHUR,119,BALAMANI.V,Independent,175,7,Trailing,0,37128,S22119,https://results.eci.gov.in/ResultAcGenMay2026/ConstituencywiseS22119.htm,2026-05-04 15:40:54
THONDAMUTHUR,119,MANOKARAN.K,Independent,90,14,Trailing,0,37128,S22119,https://results.eci.gov.in/ResultAcGenMay2026/ConstituencywiseS22119.htm,2026-05-04 15:40:54
THONDAMUTHUR,119,RAFEEQ.A.M.,Independent,208,6,Trailing,0,37128,S22119,https://results.eci.gov.in/ResultAcGenMay2026/ConstituencywiseS22119.htm,2026-05-04 15:40:54
THONDAMUTHUR,119,VIJAYA.K,Independent,100,13,Trailing,0,37128,S22119,https://results.eci.gov.in/ResultAcGenMay2026/ConstituencywiseS22119.htm,2026-05-04 15:40:54
THONDAMUTHUR,119,VISWANATHAN.M,Independent,32,21,Trailing,0,37128,S22119,https://results.eci.gov.in/ResultAcGenMay2026/ConstituencywiseS22119.htm,2026-05-04 15:40:54
THONDAMUTHUR,119,NOTA,None of the Above,442,5,Trailing,0,37128,S22119,https://results.eci.gov.in/ResultAcGenMay2026/ConstituencywiseS22119.htm,2026-05-04 15:40:54
THOOTHUKKUDI,214,P. GEETHA JEEVAN,Dravida Munnetra Kazhagam,40861,2,Runner-up,0,40861,S22214,https://results.eci.gov.in/ResultAcGenMay2026/ConstituencywiseS22214.htm,2026-05-04 15:40:59
THOOTHUKKUDI,214,CHELLAPANDIAN S.T.,All India Anna Dravida Munnetra Kazhagam,15517,3,Trailing,0,40861,S22214,https://results.eci.gov.in/ResultAcGenMay2026/ConstituencywiseS22214.htm,2026-05-04 15:40:59
THOOTHUKKUDI,214,JACOB DEVADOSS ABISHEAK R.,Naam Tamilar Katchi,7251,4,Trailing,0,40861,S22214,https://results.eci.gov.in/ResultAcGenMay2026/ConstituencywiseS22214.htm,2026-05-04 15:40:59
THOOTHUKKUDI,214,YESADURAI S.,All India Puratchi Thalaivar Makkal Munnettra Kazhagam,432,6,Trailing,0,40861,S22214,https://results.eci.gov.in/ResultAcGenMay2026/ConstituencywiseS22214.htm,2026-05-04 15:40:59
THOOTHUKKUDI,214,KIDAR SAMSDEEN N.A.,Tamizhaga Vaazhvurimai Katchi,118,11,Trailing,0,40861,S22214,https://results.eci.gov.in/ResultAcGenMay2026/ConstituencywiseS22214.htm,2026-05-04 15:40:59
THOOTHUKKUDI,214,SAHAYAM T.,Communist Party of India (Marxist-Leninist) (Liberation),95,12,Trailing,0,40861,S22214,https://results.eci.gov.in/ResultAcGenMay2026/ConstituencywiseS22214.htm,2026-05-04 15:40:59
THOOTHUKKUDI,214,PRASANNA KUMAR M.,Makkal Nalvaazhvuk Katchi,75,13,Trailing,0,40861,S22214,https://results.eci.gov.in/ResultAcGenMay2026/ConstituencywiseS22214.htm,2026-05-04 15:40:59
THOOTHUKKUDI,214,PONKUMARAN P.P.M.T,Nam Naadu Nam Makkal Nam Ethirkaalam Katchi,157,10,Trailing,0,40861,S22214,https://results.eci.gov.in/ResultAcGenMay2026/ConstituencywiseS22214.htm,2026-05-04 15:40:59
THOOTHUKKUDI,214,SRIKANTH M.V.,Naam Indiar Party,163,9,Trailing,0,40861,S22214,https://results.eci.gov.in/ResultAcGenMay2026/ConstituencywiseS22214.htm,2026-05-04 15:40:59
THOOTHUKKUDI,214,SRINATH,Tamilaga Vettri Kazhagam,67633,1,Leading / Top Candidate,26772,40861,S22214,https://results.eci.gov.in/ResultAcGenMay2026/ConstituencywiseS22214.htm,2026-05-04 15:40:59
THOOTHUKKUDI,214,SAMUEL J.,Independent,232,7,Trailing,0,40861,S22214,https://results.eci.gov.in/ResultAcGenMay2026/ConstituencywiseS22214.htm,2026-05-04 15:40:59
THOOTHUKKUDI,214,DHINAKARAN S.T.R.M.,Independent,190,8,Trailing,0,40861,S22214,https://results.eci.gov.in/ResultAcGenMay2026/ConstituencywiseS22214.htm,2026-05-04 15:40:59
THOOTHUKKUDI,214,BABU P.,Independent,69,14,Trailing,0,40861,S22214,https://results.eci.gov.in/ResultAcGenMay2026/ConstituencywiseS22214.htm,2026-05-04 15:40:59
THOOTHUKKUDI,214,MARUTHU PANDIAN P.,Independent,47,16,Trailing,0,40861,S22214,https://results.eci.gov.in/ResultAcGenMay2026/ConstituencywiseS22214.htm,2026-05-04 15:40:59
THOOTHUKKUDI,214,MUNEESWARA MOORTHY S.,Independent,59,15,Trailing,0,40861,S22214,https://results.eci.gov.in/ResultAcGenMay2026/ConstituencywiseS22214.htm,2026-05-04 15:40:59
THOOTHUKKUDI,214,NOTA,None of the Above,521,5,Trailing,0,40861,S22214,https://results.eci.gov.in/ResultAcGenMay2026/ConstituencywiseS22214.htm,2026-05-04 15:40:59
THOUSAND LIGHTS,20,EZHILAN NAGANATHAN,Dravida Munnetra Kazhagam,27842,2,Runner-up,0,27842,S2220,https://results.eci.gov.in/ResultAcGenMay2026/ConstituencywiseS2220.htm,2026-05-04 15:41:03
THOUSAND LIGHTS,20,KALANCHIYAM.MU,Naam Tamilar Katchi,2238,4,Trailing,0,27842,S2220,https://results.eci.gov.in/ResultAcGenMay2026/ConstituencywiseS2220.htm,2026-05-04 15:41:03
THOUSAND LIGHTS,20,VALARMATHI.B,All India Anna Dravida Munnetra Kazhagam,13260,3,Trailing,0,27842,S2220,https://results.eci.gov.in/ResultAcGenMay2026/ConstituencywiseS2220.htm,2026-05-04 15:41:03
THOUSAND LIGHTS,20,PRABHAKAR.J.C.D,Tamilaga Vettri Kazhagam,35378,1,Leading / Top Candidate,7536,27842,S2220,https://results.eci.gov.in/ResultAcGenMay2026/ConstituencywiseS2220.htm,2026-05-04 15:41:03
THOUSAND LIGHTS,20,MOHAMED GHOUSE.H,Tamizhaga Vaazhvurimai Katchi,119,7,Trailing,0,27842,S2220,https://results.eci.gov.in/ResultAcGenMay2026/ConstituencywiseS2220.htm,2026-05-04 15:41:03
THOUSAND LIGHTS,20,KARTHIKEYAN.S,Independent,43,10,Trailing,0,27842,S2220,https://results.eci.gov.in/ResultAcGenMay2026/ConstituencywiseS2220.htm,2026-05-04 15:41:03
THOUSAND LIGHTS,20,SHANKAR.V,Independent,25,15,Trailing,0,27842,S2220,https://results.eci.gov.in/ResultAcGenMay2026/ConstituencywiseS2220.htm,2026-05-04 15:41:03
THOUSAND LIGHTS,20,SATHYA.A,Independent,87,8,Trailing,0,27842,S2220,https://results.eci.gov.in/ResultAcGenMay2026/ConstituencywiseS2220.htm,2026-05-04 15:41:03
THOUSAND LIGHTS,20,SUNDARA RAJU.A,Independent,35,13,Trailing,0,27842,S2220,https://results.eci.gov.in/ResultAcGenMay2026/ConstituencywiseS2220.htm,2026-05-04 15:41:03
THOUSAND LIGHTS,20,DHANASEKARAN.V,Independent,14,18,Trailing,0,27842,S2220,https://results.eci.gov.in/ResultAcGenMay2026/ConstituencywiseS2220.htm,2026-05-04 15:41:03
THOUSAND LIGHTS,20,PACHAIYAPPAN.E,Independent,11,19,Trailing,0,27842,S2220,https://results.eci.gov.in/ResultAcGenMay2026/ConstituencywiseS2220.htm,2026-05-04 15:41:03
THOUSAND LIGHTS,20,PRABHAKARAN.T,Independent,22,16,Trailing,0,27842,S2220,https://results.eci.gov.in/ResultAcGenMay2026/ConstituencywiseS2220.htm,2026-05-04 15:41:03
THOUSAND LIGHTS,20,PRABHAKARAN.B,Independent,41,12,Trailing,0,27842,S2220,https://results.eci.gov.in/ResultAcGenMay2026/ConstituencywiseS2220.htm,2026-05-04 15:41:03
THOUSAND LIGHTS,20,PRABHAKARAN.V,Independent,32,14,Trailing,0,27842,S2220,https://results.eci.gov.in/ResultAcGenMay2026/ConstituencywiseS2220.htm,2026-05-04 15:41:03
THOUSAND LIGHTS,20,MUNIYAN.E,Independent,15,17,Trailing,0,27842,S2220,https://results.eci.gov.in/ResultAcGenMay2026/ConstituencywiseS2220.htm,2026-05-04 15:41:03
THOUSAND LIGHTS,20,VALARMATHI.E,Independent,135,6,Trailing,0,27842,S2220,https://results.eci.gov.in/ResultAcGenMay2026/ConstituencywiseS2220.htm,2026-05-04 15:41:03
THOUSAND LIGHTS,20,VALARMATHY.D,Independent,58,9,Trailing,0,27842,S2220,https://results.eci.gov.in/ResultAcGenMay2026/ConstituencywiseS2220.htm,2026-05-04 15:41:03
THOUSAND LIGHTS,20,VIJAY.D,Independent,42,11,Trailing,0,27842,S2220,https://results.eci.gov.in/ResultAcGenMay2026/ConstituencywiseS2220.htm,2026-05-04 15:41:03
THOUSAND LIGHTS,20,NOTA,None of the Above,508,5,Trailing,0,27842,S2220,https://results.eci.gov.in/ResultAcGenMay2026/ConstituencywiseS2220.htm,2026-05-04 15:41:03
THURAIYUR,146,S KOWSALYA,Naam Tamilar Katchi,5812,4,Trailing,0,39689,S22146,https://results.eci.gov.in/ResultAcGenMay2026/ConstituencywiseS22146.htm,2026-05-04 15:41:07
THURAIYUR,146,E.SAROJA,All India Anna Dravida Munnetra Kazhagam,39689,2,Runner-up,0,39689,S22146,https://results.eci.gov.in/ResultAcGenMay2026/ConstituencywiseS22146.htm,2026-05-04 15:41:07
THURAIYUR,146,P.SRINIVASAN,Bahujan Samaj Party,423,6,Trailing,0,39689,S22146,https://results.eci.gov.in/ResultAcGenMay2026/ConstituencywiseS22146.htm,2026-05-04 15:41:07
THURAIYUR,146,M.LENIN PRASATH,Indian National Congress,34599,3,Trailing,0,39689,S22146,https://results.eci.gov.in/ResultAcGenMay2026/ConstituencywiseS22146.htm,2026-05-04 15:41:07
THURAIYUR,146,GNANAVETTIYAN SIVAPERUMAL .K,Tamizhaga Vaazhvurimai Katchi,363,7,Trailing,0,39689,S22146,https://results.eci.gov.in/ResultAcGenMay2026/ConstituencywiseS22146.htm,2026-05-04 15:41:07
THURAIYUR,146,RAVISANKAR.M,Tamilaga Vettri Kazhagam,45918,1,Leading / Top Candidate,6229,39689,S22146,https://results.eci.gov.in/ResultAcGenMay2026/ConstituencywiseS22146.htm,2026-05-04 15:41:07
THURAIYUR,146,T. RAJAMANICKAM,Puthiya Tamilagam,168,11,Trailing,0,39689,S22146,https://results.eci.gov.in/ResultAcGenMay2026/ConstituencywiseS22146.htm,2026-05-04 15:41:07
THURAIYUR,146,E.SAROJA,Independent,59,16,Trailing,0,39689,S22146,https://results.eci.gov.in/ResultAcGenMay2026/ConstituencywiseS22146.htm,2026-05-04 15:41:07
THURAIYUR,146,K.SAROJA,Independent,81,15,Trailing,0,39689,S22146,https://results.eci.gov.in/ResultAcGenMay2026/ConstituencywiseS22146.htm,2026-05-04 15:41:07
THURAIYUR,146,P.SAROJA,Independent,101,14,Trailing,0,39689,S22146,https://results.eci.gov.in/ResultAcGenMay2026/ConstituencywiseS22146.htm,2026-05-04 15:41:07
THURAIYUR,146,K.SELVAM,Independent,243,10,Trailing,0,39689,S22146,https://results.eci.gov.in/ResultAcGenMay2026/ConstituencywiseS22146.htm,2026-05-04 15:41:07
THURAIYUR,146,SELVAM .G,Independent,144,13,Trailing,0,39689,S22146,https://results.eci.gov.in/ResultAcGenMay2026/ConstituencywiseS22146.htm,2026-05-04 15:41:07
THURAIYUR,146,G. DHINESHKUMAR,Independent,257,9,Trailing,0,39689,S22146,https://results.eci.gov.in/ResultAcGenMay2026/ConstituencywiseS22146.htm,2026-05-04 15:41:07
THURAIYUR,146,N. MUTHAZHAGU,Independent,149,12,Trailing,0,39689,S22146,https://results.eci.gov.in/ResultAcGenMay2026/ConstituencywiseS22146.htm,2026-05-04 15:41:07
THURAIYUR,146,M. RAVICHANDRAN,Independent,283,8,Trailing,0,39689,S22146,https://results.eci.gov.in/ResultAcGenMay2026/ConstituencywiseS22146.htm,2026-05-04 15:41:07
THURAIYUR,146,NOTA,None of the Above,497,5,Trailing,0,39689,S22146,https://results.eci.gov.in/ResultAcGenMay2026/ConstituencywiseS22146.htm,2026-05-04 15:41:07
TINDIVANAM,72,ARJUNAN. P,All India Anna Dravida Munnetra Kazhagam,33634,2,Runner-up,0,33634,S2272,https://results.eci.gov.in/ResultAcGenMay2026/ConstituencywiseS2272.htm,2026-05-04 15:41:12
TINDIVANAM,72,PACHIMUTHU. P,Naam Tamilar Katchi,2887,4,Trailing,0,33634,S2272,https://results.eci.gov.in/ResultAcGenMay2026/ConstituencywiseS2272.htm,2026-05-04 15:41:12
TINDIVANAM,72,VANNI ARASU,Viduthalai Chiruthaigal Katchi,35194,1,Leading / Top Candidate,1560,33634,S2272,https://results.eci.gov.in/ResultAcGenMay2026/ConstituencywiseS2272.htm,2026-05-04 15:41:12
TINDIVANAM,72,VENKATACHALAPATHY. A,Bahujan Samaj Party,227,6,Trailing,0,33634,S2272,https://results.eci.gov.in/ResultAcGenMay2026/ConstituencywiseS2272.htm,2026-05-04 15:41:12
TINDIVANAM,72,SAKTHIVEL. S,Tamilaga Vettri Kazhagam,33408,3,Trailing,0,33634,S2272,https://results.eci.gov.in/ResultAcGenMay2026/ConstituencywiseS2272.htm,2026-05-04 15:41:12
TINDIVANAM,72,MOHAN. A,MAKKAL SAKTHI KATCHI,88,11,Trailing,0,33634,S2272,https://results.eci.gov.in/ResultAcGenMay2026/ConstituencywiseS2272.htm,2026-05-04 15:41:12
TINDIVANAM,72,RAMNESHWARAN. V,Thakkam Katchi,28,14,Trailing,0,33634,S2272,https://results.eci.gov.in/ResultAcGenMay2026/ConstituencywiseS2272.htm,2026-05-04 15:41:12
TINDIVANAM,72,VANJINATHAN. C,Tamizhaga Vaazhvurimai Katchi,46,13,Trailing,0,33634,S2272,https://results.eci.gov.in/ResultAcGenMay2026/ConstituencywiseS2272.htm,2026-05-04 15:41:12
TINDIVANAM,72,CHANDARAN. A,Independent,47,12,Trailing,0,33634,S2272,https://results.eci.gov.in/ResultAcGenMay2026/ConstituencywiseS2272.htm,2026-05-04 15:41:12
TINDIVANAM,72,DURKALI. N,Independent,26,15,Trailing,0,33634,S2272,https://results.eci.gov.in/ResultAcGenMay2026/ConstituencywiseS2272.htm,2026-05-04 15:41:12
TINDIVANAM,72,DEVAKUMARAN. E,Independent,98,9,Trailing,0,33634,S2272,https://results.eci.gov.in/ResultAcGenMay2026/ConstituencywiseS2272.htm,2026-05-04 15:41:12
TINDIVANAM,72,PON.SIVAKUMAR,Independent,92,10,Trailing,0,33634,S2272,https://results.eci.gov.in/ResultAcGenMay2026/ConstituencywiseS2272.htm,2026-05-04 15:41:12
TINDIVANAM,72,VINOTH. S,Independent,211,7,Trailing,0,33634,S2272,https://results.eci.gov.in/ResultAcGenMay2026/ConstituencywiseS2272.htm,2026-05-04 15:41:12
TINDIVANAM,72,VISWANATHAN. S.A,Independent,102,8,Trailing,0,33634,S2272,https://results.eci.gov.in/ResultAcGenMay2026/ConstituencywiseS2272.htm,2026-05-04 15:41:12
TINDIVANAM,72,NOTA,None of the Above,466,5,Trailing,0,33634,S2272,https://results.eci.gov.in/ResultAcGenMay2026/ConstituencywiseS2272.htm,2026-05-04 15:41:12
TIRUCHENDUR,215,ANITHA R. RADHAKRISHNAN,Dravida Munnetra Kazhagam,57227,1,Leading / Top Candidate,5302,51925,S22215,https://results.eci.gov.in/ResultAcGenMay2026/ConstituencywiseS22215.htm,2026-05-04 15:41:16
TIRUCHENDUR,215,OPHILIYA,Naam Tamilar Katchi,7508,4,Trailing,0,51925,S22215,https://results.eci.gov.in/ResultAcGenMay2026/ConstituencywiseS22215.htm,2026-05-04 15:41:16
TIRUCHENDUR,215,K R M RADHAKRISHNAN,Bharatiya Janata Party,23353,3,Trailing,0,51925,S22215,https://results.eci.gov.in/ResultAcGenMay2026/ConstituencywiseS22215.htm,2026-05-04 15:41:16
TIRUCHENDUR,215,GOPALAKRISHNAN,All India Puratchi Thalaivar Makkal Munnettra Kazhagam,282,6,Trailing,0,51925,S22215,https://results.eci.gov.in/ResultAcGenMay2026/ConstituencywiseS22215.htm,2026-05-04 15:41:16
TIRUCHENDUR,215,PACKIA SAM. T,Naam Indiar Party,80,12,Trailing,0,51925,S22215,https://results.eci.gov.in/ResultAcGenMay2026/ConstituencywiseS22215.htm,2026-05-04 15:41:16
TIRUCHENDUR,215,MAHARAJAN. M,Puthiya Makkal Tamil Desam Katchi,250,7,Trailing,0,51925,S22215,https://results.eci.gov.in/ResultAcGenMay2026/ConstituencywiseS22215.htm,2026-05-04 15:41:16
TIRUCHENDUR,215,J. MURUGAN,Tamilaga Vettri Kazhagam,51925,2,Runner-up,0,51925,S22215,https://results.eci.gov.in/ResultAcGenMay2026/ConstituencywiseS22215.htm,2026-05-04 15:41:16
TIRUCHENDUR,215,RASIK MUSSAMMIL. K,Tamizhaga Vaazhvurimai Katchi,200,8,Trailing,0,51925,S22215,https://results.eci.gov.in/ResultAcGenMay2026/ConstituencywiseS22215.htm,2026-05-04 15:41:16
TIRUCHENDUR,215,SHAIK ABDUL KADER. P.S.J,Independent,123,10,Trailing,0,51925,S22215,https://results.eci.gov.in/ResultAcGenMay2026/ConstituencywiseS22215.htm,2026-05-04 15:41:16
TIRUCHENDUR,215,MEERA SAHIB,Independent,155,9,Trailing,0,51925,S22215,https://results.eci.gov.in/ResultAcGenMay2026/ConstituencywiseS22215.htm,2026-05-04 15:41:16
TIRUCHENDUR,215,RAJALINGAM. M,Independent,47,14,Trailing,0,51925,S22215,https://results.eci.gov.in/ResultAcGenMay2026/ConstituencywiseS22215.htm,2026-05-04 15:41:16
TIRUCHENDUR,215,VEERAPPA. T,Independent,79,13,Trailing,0,51925,S22215,https://results.eci.gov.in/ResultAcGenMay2026/ConstituencywiseS22215.htm,2026-05-04 15:41:16
TIRUCHENDUR,215,VENKATESH PERUMAL. S,Independent,120,11,Trailing,0,51925,S22215,https://results.eci.gov.in/ResultAcGenMay2026/ConstituencywiseS22215.htm,2026-05-04 15:41:16
TIRUCHENDUR,215,NOTA,None of the Above,555,5,Trailing,0,51925,S22215,https://results.eci.gov.in/ResultAcGenMay2026/ConstituencywiseS22215.htm,2026-05-04 15:41:16
TIRUCHENGODU,96,ESWARAN E R,Dravida Munnetra Kazhagam,23221,3,Trailing,0,29195,S2296,https://results.eci.gov.in/ResultAcGenMay2026/ConstituencywiseS2296.htm,2026-05-04 15:41:20
TIRUCHENGODU,96,SRMT SEKAR (A) CHANDRASEKAR R,All India Anna Dravida Munnetra Kazhagam,29195,2,Runner-up,0,29195,S2296,https://results.eci.gov.in/ResultAcGenMay2026/ConstituencywiseS2296.htm,2026-05-04 15:41:20
TIRUCHENGODU,96,REVATHI K,Naam Tamilar Katchi,3041,4,Trailing,0,29195,S2296,https://results.eci.gov.in/ResultAcGenMay2026/ConstituencywiseS2296.htm,2026-05-04 15:41:20
TIRUCHENGODU,96,ARUNRAJ K G,Tamilaga Vettri Kazhagam,35660,1,Leading / Top Candidate,6465,29195,S2296,https://results.eci.gov.in/ResultAcGenMay2026/ConstituencywiseS2296.htm,2026-05-04 15:41:20
TIRUCHENGODU,96,SHARAVANAN A K,Tamizhaga Vaazhvurimai Katchi,150,9,Trailing,0,29195,S2296,https://results.eci.gov.in/ResultAcGenMay2026/ConstituencywiseS2296.htm,2026-05-04 15:41:20
TIRUCHENGODU,96,CHINNATHAMBI K,Republican Party of India (Athawale),145,11,Trailing,0,29195,S2296,https://results.eci.gov.in/ResultAcGenMay2026/ConstituencywiseS2296.htm,2026-05-04 15:41:20
TIRUCHENGODU,96,DHANAPAL SUBRAMANIYAM,Anaithinthiya Anna Dravida Makkal Seyal katchi,38,17,Trailing,0,29195,S2296,https://results.eci.gov.in/ResultAcGenMay2026/ConstituencywiseS2296.htm,2026-05-04 15:41:20
TIRUCHENGODU,96,THIRUKKUMARAN P,Makkal Munnetra Katchi,31,19,Trailing,0,29195,S2296,https://results.eci.gov.in/ResultAcGenMay2026/ConstituencywiseS2296.htm,2026-05-04 15:41:20
TIRUCHENGODU,96,MUNUSAMY A T,Samaniya Makkal Nala Katchi,21,21,Trailing,0,29195,S2296,https://results.eci.gov.in/ResultAcGenMay2026/ConstituencywiseS2296.htm,2026-05-04 15:41:20
TIRUCHENGODU,96,ARULPRAKASAM S,Independent,20,22,Trailing,0,29195,S2296,https://results.eci.gov.in/ResultAcGenMay2026/ConstituencywiseS2296.htm,2026-05-04 15:41:20
TIRUCHENGODU,96,ARJUNAN L K,Independent,14,24,Trailing,0,29195,S2296,https://results.eci.gov.in/ResultAcGenMay2026/ConstituencywiseS2296.htm,2026-05-04 15:41:20
TIRUCHENGODU,96,ESWARAN M,Independent,39,16,Trailing,0,29195,S2296,https://results.eci.gov.in/ResultAcGenMay2026/ConstituencywiseS2296.htm,2026-05-04 15:41:20
TIRUCHENGODU,96,SATHEESKUMAR P,Independent,120,13,Trailing,0,29195,S2296,https://results.eci.gov.in/ResultAcGenMay2026/ConstituencywiseS2296.htm,2026-05-04 15:41:20
TIRUCHENGODU,96,SARAVANASUNDARAM S,Independent,437,5,Trailing,0,29195,S2296,https://results.eci.gov.in/ResultAcGenMay2026/ConstituencywiseS2296.htm,2026-05-04 15:41:20
TIRUCHENGODU,96,DHINESH KARIKALAN,Independent,150,10,Trailing,0,29195,S2296,https://results.eci.gov.in/ResultAcGenMay2026/ConstituencywiseS2296.htm,2026-05-04 15:41:20
TIRUCHENGODU,96,DEEPAKRAJAN V,Independent,248,6,Trailing,0,29195,S2296,https://results.eci.gov.in/ResultAcGenMay2026/ConstituencywiseS2296.htm,2026-05-04 15:41:20
TIRUCHENGODU,96,PALANISAMY K,Independent,156,8,Trailing,0,29195,S2296,https://results.eci.gov.in/ResultAcGenMay2026/ConstituencywiseS2296.htm,2026-05-04 15:41:20
TIRUCHENGODU,96,BALAJI CHEZHIAN P,Independent,99,14,Trailing,0,29195,S2296,https://results.eci.gov.in/ResultAcGenMay2026/ConstituencywiseS2296.htm,2026-05-04 15:41:20
TIRUCHENGODU,96,MAHESHKUMAR N,Independent,24,20,Trailing,0,29195,S2296,https://results.eci.gov.in/ResultAcGenMay2026/ConstituencywiseS2296.htm,2026-05-04 15:41:20
TIRUCHENGODU,96,RAMESH S,Independent,124,12,Trailing,0,29195,S2296,https://results.eci.gov.in/ResultAcGenMay2026/ConstituencywiseS2296.htm,2026-05-04 15:41:20
TIRUCHENGODU,96,RAJAKUMAR P,Independent,46,15,Trailing,0,29195,S2296,https://results.eci.gov.in/ResultAcGenMay2026/ConstituencywiseS2296.htm,2026-05-04 15:41:20
TIRUCHENGODU,96,REVANTH S N,Independent,19,23,Trailing,0,29195,S2296,https://results.eci.gov.in/ResultAcGenMay2026/ConstituencywiseS2296.htm,2026-05-04 15:41:20
TIRUCHENGODU,96,VISWANATHAN P,Independent,33,18,Trailing,0,29195,S2296,https://results.eci.gov.in/ResultAcGenMay2026/ConstituencywiseS2296.htm,2026-05-04 15:41:20
TIRUCHENGODU,96,NOTA,None of the Above,230,7,Trailing,0,29195,S2296,https://results.eci.gov.in/ResultAcGenMay2026/ConstituencywiseS2296.htm,2026-05-04 15:41:20
TIRUCHIRAPPALLI (EAST),141,R. ELANGOVAN,Bahujan Samaj Party,110,8,Trailing,0,31099,S22141,https://results.eci.gov.in/ResultAcGenMay2026/ConstituencywiseS22141.htm,2026-05-04 15:41:25
TIRUCHIRAPPALLI (EAST),141,S. INIGO IRUDAYARAJ,Dravida Munnetra Kazhagam,31099,2,Runner-up,0,31099,S22141,https://results.eci.gov.in/ResultAcGenMay2026/ConstituencywiseS22141.htm,2026-05-04 15:41:25
TIRUCHIRAPPALLI (EAST),141,DR.KRISHNASAMY .V,Naam Tamilar Katchi,2109,4,Trailing,0,31099,S22141,https://results.eci.gov.in/ResultAcGenMay2026/ConstituencywiseS22141.htm,2026-05-04 15:41:25
TIRUCHIRAPPALLI (EAST),141,G. RAJASEKARAN,All India Anna Dravida Munnetra Kazhagam,11175,3,Trailing,0,31099,S22141,https://results.eci.gov.in/ResultAcGenMay2026/ConstituencywiseS22141.htm,2026-05-04 15:41:25
TIRUCHIRAPPALLI (EAST),141,ANAND SELVARAJ,National Maha Sabha Party,51,14,Trailing,0,31099,S22141,https://results.eci.gov.in/ResultAcGenMay2026/ConstituencywiseS22141.htm,2026-05-04 15:41:25
TIRUCHIRAPPALLI (EAST),141,N. GOBINATH,Puthiya Tamilagam,29,18,Trailing,0,31099,S22141,https://results.eci.gov.in/ResultAcGenMay2026/ConstituencywiseS22141.htm,2026-05-04 15:41:25
TIRUCHIRAPPALLI (EAST),141,SUKUMAR .S,Thamizhaka Padaippalar Makkal Katchi,61,12,Trailing,0,31099,S22141,https://results.eci.gov.in/ResultAcGenMay2026/ConstituencywiseS22141.htm,2026-05-04 15:41:25
TIRUCHIRAPPALLI (EAST),141,C. NANDA KUMAR,All India Puratchi Thalaivar Makkal Munnettra Kazhagam,46,15,Trailing,0,31099,S22141,https://results.eci.gov.in/ResultAcGenMay2026/ConstituencywiseS22141.htm,2026-05-04 15:41:25
TIRUCHIRAPPALLI (EAST),141,R. MUTHUKUMAR,Samaniya Makkal Nala Katchi,14,20,Trailing,0,31099,S22141,https://results.eci.gov.in/ResultAcGenMay2026/ConstituencywiseS22141.htm,2026-05-04 15:41:25
TIRUCHIRAPPALLI (EAST),141,ROYAL RAJA,Tamizhaga Vaazhvurimai Katchi,128,7,Trailing,0,31099,S22141,https://results.eci.gov.in/ResultAcGenMay2026/ConstituencywiseS22141.htm,2026-05-04 15:41:25
TIRUCHIRAPPALLI (EAST),141,VIJAY .K,All India Jananayaka Makkal Kazhagam,62,11,Trailing,0,31099,S22141,https://results.eci.gov.in/ResultAcGenMay2026/ConstituencywiseS22141.htm,2026-05-04 15:41:25
TIRUCHIRAPPALLI (EAST),141,VIJAIA MOHANAAJI .MA,Vidial Valarchi Perani,110,9,Trailing,0,31099,S22141,https://results.eci.gov.in/ResultAcGenMay2026/ConstituencywiseS22141.htm,2026-05-04 15:41:25
TIRUCHIRAPPALLI (EAST),141,C. JOSEPH VIJAY,Tamilaga Vettri Kazhagam,44978,1,Leading / Top Candidate,13879,31099,S22141,https://results.eci.gov.in/ResultAcGenMay2026/ConstituencywiseS22141.htm,2026-05-04 15:41:25
TIRUCHIRAPPALLI (EAST),141,T. GANGAI ULAGANATHAN,Independent,35,17,Trailing,0,31099,S22141,https://results.eci.gov.in/ResultAcGenMay2026/ConstituencywiseS22141.htm,2026-05-04 15:41:25
TIRUCHIRAPPALLI (EAST),141,KANNAN .S,Independent,78,10,Trailing,0,31099,S22141,https://results.eci.gov.in/ResultAcGenMay2026/ConstituencywiseS22141.htm,2026-05-04 15:41:25
TIRUCHIRAPPALLI (EAST),141,P. CHARLES SAGAYARAJ,Independent,196,6,Trailing,0,31099,S22141,https://results.eci.gov.in/ResultAcGenMay2026/ConstituencywiseS22141.htm,2026-05-04 15:41:25
TIRUCHIRAPPALLI (EAST),141,G. SEBASTIAN ANAND,Independent,41,16,Trailing,0,31099,S22141,https://results.eci.gov.in/ResultAcGenMay2026/ConstituencywiseS22141.htm,2026-05-04 15:41:25
TIRUCHIRAPPALLI (EAST),141,S. PANNEER SELVAM,Independent,59,13,Trailing,0,31099,S22141,https://results.eci.gov.in/ResultAcGenMay2026/ConstituencywiseS22141.htm,2026-05-04 15:41:25
TIRUCHIRAPPALLI (EAST),141,J. ROBERT CHRISTY,Independent,14,21,Trailing,0,31099,S22141,https://results.eci.gov.in/ResultAcGenMay2026/ConstituencywiseS22141.htm,2026-05-04 15:41:25
TIRUCHIRAPPALLI (EAST),141,P. RAJENDRAN,Independent,21,19,Trailing,0,31099,S22141,https://results.eci.gov.in/ResultAcGenMay2026/ConstituencywiseS22141.htm,2026-05-04 15:41:25
TIRUCHIRAPPALLI (EAST),141,NOTA,None of the Above,223,5,Trailing,0,31099,S22141,https://results.eci.gov.in/ResultAcGenMay2026/ConstituencywiseS22141.htm,2026-05-04 15:41:25
TIRUCHIRAPPALLI (WEST),140,CHINNAIYAN POOSARI,Bahujan Samaj Party,428,6,Trailing,0,78997,S22140,https://results.eci.gov.in/ResultAcGenMay2026/ConstituencywiseS22140.htm,2026-05-04 15:41:29
TIRUCHIRAPPALLI (WEST),140,K.N.NEHRU,Dravida Munnetra Kazhagam,84372,1,Leading / Top Candidate,5375,78997,S22140,https://results.eci.gov.in/ResultAcGenMay2026/ConstituencywiseS22140.htm,2026-05-04 15:41:29
TIRUCHIRAPPALLI (WEST),140,K.BHUVANESWARI,Naam Tamilar Katchi,7013,4,Trailing,0,78997,S22140,https://results.eci.gov.in/ResultAcGenMay2026/ConstituencywiseS22140.htm,2026-05-04 15:41:29
TIRUCHIRAPPALLI (WEST),140,M.RAJASEKARAN,Amma Makkal Munnettra Kazagam,13538,3,Trailing,0,78997,S22140,https://results.eci.gov.in/ResultAcGenMay2026/ConstituencywiseS22140.htm,2026-05-04 15:41:29
TIRUCHIRAPPALLI (WEST),140,R.PRABU,Tamizhaga Vaazhvurimai Katchi,285,8,Trailing,0,78997,S22140,https://results.eci.gov.in/ResultAcGenMay2026/ConstituencywiseS22140.htm,2026-05-04 15:41:29
TIRUCHIRAPPALLI (WEST),140,G.RAMAMOORTHI,Tamilaga Vettri Kazhagam,78997,2,Runner-up,0,78997,S22140,https://results.eci.gov.in/ResultAcGenMay2026/ConstituencywiseS22140.htm,2026-05-04 15:41:29
TIRUCHIRAPPALLI (WEST),140,A.VEERAMANI,Samaniya Makkal Nala Katchi,133,11,Trailing,0,78997,S22140,https://results.eci.gov.in/ResultAcGenMay2026/ConstituencywiseS22140.htm,2026-05-04 15:41:29
TIRUCHIRAPPALLI (WEST),140,M.KALAIMANI,Independent,98,14,Trailing,0,78997,S22140,https://results.eci.gov.in/ResultAcGenMay2026/ConstituencywiseS22140.htm,2026-05-04 15:41:29
TIRUCHIRAPPALLI (WEST),140,M.CHANDRASEKARAN,Independent,73,15,Trailing,0,78997,S22140,https://results.eci.gov.in/ResultAcGenMay2026/ConstituencywiseS22140.htm,2026-05-04 15:41:29
TIRUCHIRAPPALLI (WEST),140,SAMPATH,Independent,140,10,Trailing,0,78997,S22140,https://results.eci.gov.in/ResultAcGenMay2026/ConstituencywiseS22140.htm,2026-05-04 15:41:29
TIRUCHIRAPPALLI (WEST),140,SUNDARAPANDIYARAJA,Independent,102,13,Trailing,0,78997,S22140,https://results.eci.gov.in/ResultAcGenMay2026/ConstituencywiseS22140.htm,2026-05-04 15:41:29
TIRUCHIRAPPALLI (WEST),140,P.RAJENDRAN,Independent,110,12,Trailing,0,78997,S22140,https://results.eci.gov.in/ResultAcGenMay2026/ConstituencywiseS22140.htm,2026-05-04 15:41:29
TIRUCHIRAPPALLI (WEST),140,A.VASUDEVAN,Independent,146,9,Trailing,0,78997,S22140,https://results.eci.gov.in/ResultAcGenMay2026/ConstituencywiseS22140.htm,2026-05-04 15:41:29
TIRUCHIRAPPALLI (WEST),140,JEEVANANTHAM.M,Independent,290,7,Trailing,0,78997,S22140,https://results.eci.gov.in/ResultAcGenMay2026/ConstituencywiseS22140.htm,2026-05-04 15:41:29
TIRUCHIRAPPALLI (WEST),140,NOTA,None of the Above,1064,5,Trailing,0,78997,S22140,https://results.eci.gov.in/ResultAcGenMay2026/ConstituencywiseS22140.htm,2026-05-04 15:41:29
TIRUCHULI,208,AVARANGADU KARTHIK RAJA,Naam Tamilar Katchi,4931,4,Trailing,0,28956,S22208,https://results.eci.gov.in/ResultAcGenMay2026/ConstituencywiseS22208.htm,2026-05-04 15:41:33
TIRUCHULI,208,THANGAM THENARASU,Dravida Munnetra Kazhagam,32273,1,Leading / Top Candidate,3317,28956,S22208,https://results.eci.gov.in/ResultAcGenMay2026/ConstituencywiseS22208.htm,2026-05-04 15:41:33
TIRUCHULI,208,RAJAVARMAN.M.S.R,All India Anna Dravida Munnetra Kazhagam,10038,3,Trailing,0,28956,S22208,https://results.eci.gov.in/ResultAcGenMay2026/ConstituencywiseS22208.htm,2026-05-04 15:41:33
TIRUCHULI,208,KANNAN.G,Ezhuchi Tamilargal Munnetra Kazhagam,108,11,Trailing,0,28956,S22208,https://results.eci.gov.in/ResultAcGenMay2026/ConstituencywiseS22208.htm,2026-05-04 15:41:33
TIRUCHULI,208,GUNASEKARAN.G,Puthiya Tamilagam,625,5,Trailing,0,28956,S22208,https://results.eci.gov.in/ResultAcGenMay2026/ConstituencywiseS22208.htm,2026-05-04 15:41:33
TIRUCHULI,208,SAMAYAN.S,Tamilaga Vettri Kazhagam,28956,2,Runner-up,0,28956,S22208,https://results.eci.gov.in/ResultAcGenMay2026/ConstituencywiseS22208.htm,2026-05-04 15:41:33
TIRUCHULI,208,MURUGESAPANDIAN.T,All India Puratchi Thalaivar Makkal Munnettra Kazhagam,195,7,Trailing,0,28956,S22208,https://results.eci.gov.in/ResultAcGenMay2026/ConstituencywiseS22208.htm,2026-05-04 15:41:33
TIRUCHULI,208,RAJKUMAR.D,Tamizhaga Vaazhvurimai Katchi,60,16,Trailing,0,28956,S22208,https://results.eci.gov.in/ResultAcGenMay2026/ConstituencywiseS22208.htm,2026-05-04 15:41:33
TIRUCHULI,208,VELLAISAMY.P,Ahimsa Socialist Party,55,17,Trailing,0,28956,S22208,https://results.eci.gov.in/ResultAcGenMay2026/ConstituencywiseS22208.htm,2026-05-04 15:41:33
TIRUCHULI,208,ARAVINTHASAMY.J,Independent,31,22,Trailing,0,28956,S22208,https://results.eci.gov.in/ResultAcGenMay2026/ConstituencywiseS22208.htm,2026-05-04 15:41:33
TIRUCHULI,208,KALIMUTHU.S,Independent,55,18,Trailing,0,28956,S22208,https://results.eci.gov.in/ResultAcGenMay2026/ConstituencywiseS22208.htm,2026-05-04 15:41:33
TIRUCHULI,208,GURUSAMY.T,Independent,35,20,Trailing,0,28956,S22208,https://results.eci.gov.in/ResultAcGenMay2026/ConstituencywiseS22208.htm,2026-05-04 15:41:33
TIRUCHULI,208,CHENNA KESAVAN.P,Independent,35,21,Trailing,0,28956,S22208,https://results.eci.gov.in/ResultAcGenMay2026/ConstituencywiseS22208.htm,2026-05-04 15:41:33
TIRUCHULI,208,SETHURAMALINGAM.S,Independent,90,12,Trailing,0,28956,S22208,https://results.eci.gov.in/ResultAcGenMay2026/ConstituencywiseS22208.htm,2026-05-04 15:41:33
TIRUCHULI,208,ADVOCATE THANGAPANDIAN,Independent,178,8,Trailing,0,28956,S22208,https://results.eci.gov.in/ResultAcGenMay2026/ConstituencywiseS22208.htm,2026-05-04 15:41:33
TIRUCHULI,208,NALLAMARUTHU.K,Independent,67,14,Trailing,0,28956,S22208,https://results.eci.gov.in/ResultAcGenMay2026/ConstituencywiseS22208.htm,2026-05-04 15:41:33
TIRUCHULI,208,PALANIYANDI.M,Independent,65,15,Trailing,0,28956,S22208,https://results.eci.gov.in/ResultAcGenMay2026/ConstituencywiseS22208.htm,2026-05-04 15:41:33
TIRUCHULI,208,MALAI ALAGU.M,Independent,257,6,Trailing,0,28956,S22208,https://results.eci.gov.in/ResultAcGenMay2026/ConstituencywiseS22208.htm,2026-05-04 15:41:33
TIRUCHULI,208,MARIMUTHU.M,Independent,149,10,Trailing,0,28956,S22208,https://results.eci.gov.in/ResultAcGenMay2026/ConstituencywiseS22208.htm,2026-05-04 15:41:33
TIRUCHULI,208,MARNADU.M,Independent,24,24,Trailing,0,28956,S22208,https://results.eci.gov.in/ResultAcGenMay2026/ConstituencywiseS22208.htm,2026-05-04 15:41:33
TIRUCHULI,208,MUNIYASAMY.R,Independent,25,23,Trailing,0,28956,S22208,https://results.eci.gov.in/ResultAcGenMay2026/ConstituencywiseS22208.htm,2026-05-04 15:41:33
TIRUCHULI,208,RAJANGAM.C,Independent,77,13,Trailing,0,28956,S22208,https://results.eci.gov.in/ResultAcGenMay2026/ConstituencywiseS22208.htm,2026-05-04 15:41:33
TIRUCHULI,208,JEYACHITRA,Independent,39,19,Trailing,0,28956,S22208,https://results.eci.gov.in/ResultAcGenMay2026/ConstituencywiseS22208.htm,2026-05-04 15:41:33
TIRUCHULI,208,NOTA,None of the Above,170,9,Trailing,0,28956,S22208,https://results.eci.gov.in/ResultAcGenMay2026/ConstituencywiseS22208.htm,2026-05-04 15:41:33
TIRUKKOYILUR,76,GOVINDHAKANNAN M,Bahujan Samaj Party,202,8,Trailing,0,42605,S2276,https://results.eci.gov.in/ResultAcGenMay2026/ConstituencywiseS2276.htm,2026-05-04 15:41:37
TIRUKKOYILUR,76,DR PON GAUTHAMSIGAMANI,Dravida Munnetra Kazhagam,34538,3,Trailing,0,42605,S2276,https://results.eci.gov.in/ResultAcGenMay2026/ConstituencywiseS2276.htm,2026-05-04 15:41:37
TIRUKKOYILUR,76,PALANISAMY S,All India Anna Dravida Munnetra Kazhagam,42605,2,Runner-up,0,42605,S2276,https://results.eci.gov.in/ResultAcGenMay2026/ConstituencywiseS2276.htm,2026-05-04 15:41:37
TIRUKKOYILUR,76,HEMARAJAN K,Naam Tamilar Katchi,3514,4,Trailing,0,42605,S2276,https://results.eci.gov.in/ResultAcGenMay2026/ConstituencywiseS2276.htm,2026-05-04 15:41:37
TIRUKKOYILUR,76,SELVAM K,Veerath Thiyagi Viswanathadoss Thozhilalarkal Katchi,59,13,Trailing,0,42605,S2276,https://results.eci.gov.in/ResultAcGenMay2026/ConstituencywiseS2276.htm,2026-05-04 15:41:37
TIRUKKOYILUR,76,TAMILSELVAM R,Tamizhaga Vaazhvurimai Katchi,180,9,Trailing,0,42605,S2276,https://results.eci.gov.in/ResultAcGenMay2026/ConstituencywiseS2276.htm,2026-05-04 15:41:37
TIRUKKOYILUR,76,VIJAY R BARANIBALAAJI,Tamilaga Vettri Kazhagam,43577,1,Leading / Top Candidate,972,42605,S2276,https://results.eci.gov.in/ResultAcGenMay2026/ConstituencywiseS2276.htm,2026-05-04 15:41:37
TIRUKKOYILUR,76,EDWIN ABINESH A,Independent,76,12,Trailing,0,42605,S2276,https://results.eci.gov.in/ResultAcGenMay2026/ConstituencywiseS2276.htm,2026-05-04 15:41:37
TIRUKKOYILUR,76,KARTHICK S,Independent,35,16,Trailing,0,42605,S2276,https://results.eci.gov.in/ResultAcGenMay2026/ConstituencywiseS2276.htm,2026-05-04 15:41:37
TIRUKKOYILUR,76,GOWTHAM S,Independent,98,11,Trailing,0,42605,S2276,https://results.eci.gov.in/ResultAcGenMay2026/ConstituencywiseS2276.htm,2026-05-04 15:41:37
TIRUKKOYILUR,76,PALANISAMY E,Independent,55,14,Trailing,0,42605,S2276,https://results.eci.gov.in/ResultAcGenMay2026/ConstituencywiseS2276.htm,2026-05-04 15:41:37
TIRUKKOYILUR,76,PRABHAKARAN V J,Independent,54,15,Trailing,0,42605,S2276,https://results.eci.gov.in/ResultAcGenMay2026/ConstituencywiseS2276.htm,2026-05-04 15:41:37
TIRUKKOYILUR,76,RAVICHANDRAN G,Independent,128,10,Trailing,0,42605,S2276,https://results.eci.gov.in/ResultAcGenMay2026/ConstituencywiseS2276.htm,2026-05-04 15:41:37
TIRUKKOYILUR,76,RAMAKRISHNAN M,Independent,347,5,Trailing,0,42605,S2276,https://results.eci.gov.in/ResultAcGenMay2026/ConstituencywiseS2276.htm,2026-05-04 15:41:37
TIRUKKOYILUR,76,VIJAYAMOORTHI E,Independent,282,7,Trailing,0,42605,S2276,https://results.eci.gov.in/ResultAcGenMay2026/ConstituencywiseS2276.htm,2026-05-04 15:41:37
TIRUKKOYILUR,76,NOTA,None of the Above,321,6,Trailing,0,42605,S2276,https://results.eci.gov.in/ResultAcGenMay2026/ConstituencywiseS2276.htm,2026-05-04 15:41:37
TIRUNELVELI,224,THACHAI GANESARAJA,All India Anna Dravida Munnetra Kazhagam,40110,3,Trailing,0,56070,S22224,https://results.eci.gov.in/ResultAcGenMay2026/ConstituencywiseS22224.htm,2026-05-04 15:41:42
TIRUNELVELI,224,SATHYA. B.,Naam Tamilar Katchi,12796,4,Trailing,0,56070,S22224,https://results.eci.gov.in/ResultAcGenMay2026/ConstituencywiseS22224.htm,2026-05-04 15:41:42
TIRUNELVELI,224,SUBRAMANIAN.S,Dravida Munnetra Kazhagam,56070,2,Runner-up,0,56070,S22224,https://results.eci.gov.in/ResultAcGenMay2026/ConstituencywiseS22224.htm,2026-05-04 15:41:42
TIRUNELVELI,224,ARUMUGARAJ. S.,Tamizhaga Vaazhvurimai Katchi,493,7,Trailing,0,56070,S22224,https://results.eci.gov.in/ResultAcGenMay2026/ConstituencywiseS22224.htm,2026-05-04 15:41:42
TIRUNELVELI,224,ESWARA VADIVU. S.,Naam Indiar Party,100,20,Trailing,0,56070,S22224,https://results.eci.gov.in/ResultAcGenMay2026/ConstituencywiseS22224.htm,2026-05-04 15:41:42
TIRUNELVELI,224,KANNAN. G.,Aanaithinthiya Jananayaka Pathukappu Kazhagam,269,13,Trailing,0,56070,S22224,https://results.eci.gov.in/ResultAcGenMay2026/ConstituencywiseS22224.htm,2026-05-04 15:41:42
TIRUNELVELI,224,SELVAKUMAR SINGH,Bahujan Dravida Party,101,19,Trailing,0,56070,S22224,https://results.eci.gov.in/ResultAcGenMay2026/ConstituencywiseS22224.htm,2026-05-04 15:41:42
TIRUNELVELI,224,CHENDUR MAHARAJAN,Puthiya Makkal Tamil Desam Katchi,305,11,Trailing,0,56070,S22224,https://results.eci.gov.in/ResultAcGenMay2026/ConstituencywiseS22224.htm,2026-05-04 15:41:42
TIRUNELVELI,224,MURUGHAN.R.S.,Tamilaga Vettri Kazhagam,64531,1,Leading / Top Candidate,8461,56070,S22224,https://results.eci.gov.in/ResultAcGenMay2026/ConstituencywiseS22224.htm,2026-05-04 15:41:42
TIRUNELVELI,224,MURUGAN. P.,Thamizhaka Padaippalar Makkal Katchi,185,17,Trailing,0,56070,S22224,https://results.eci.gov.in/ResultAcGenMay2026/ConstituencywiseS22224.htm,2026-05-04 15:41:42
TIRUNELVELI,224,DR.SHYAM KRISHNASAMY,Puthiya Tamilagam,9308,5,Trailing,0,56070,S22224,https://results.eci.gov.in/ResultAcGenMay2026/ConstituencywiseS22224.htm,2026-05-04 15:41:42
TIRUNELVELI,224,ATHISAYA PNDIYAN. V.,Independent,188,15,Trailing,0,56070,S22224,https://results.eci.gov.in/ResultAcGenMay2026/ConstituencywiseS22224.htm,2026-05-04 15:41:42
TIRUNELVELI,224,ESAKKIRAJA. V.,Independent,91,21,Trailing,0,56070,S22224,https://results.eci.gov.in/ResultAcGenMay2026/ConstituencywiseS22224.htm,2026-05-04 15:41:42
TIRUNELVELI,224,SUBRAMANIAN. E.,Independent,220,14,Trailing,0,56070,S22224,https://results.eci.gov.in/ResultAcGenMay2026/ConstituencywiseS22224.htm,2026-05-04 15:41:42
TIRUNELVELI,224,THALABATHI MURUGAN. M.,Independent,411,8,Trailing,0,56070,S22224,https://results.eci.gov.in/ResultAcGenMay2026/ConstituencywiseS22224.htm,2026-05-04 15:41:42
TIRUNELVELI,224,MUGESH SUBRAMANIAN,Independent,321,10,Trailing,0,56070,S22224,https://results.eci.gov.in/ResultAcGenMay2026/ConstituencywiseS22224.htm,2026-05-04 15:41:42
TIRUNELVELI,224,MURUGAN.S.,Independent,371,9,Trailing,0,56070,S22224,https://results.eci.gov.in/ResultAcGenMay2026/ConstituencywiseS22224.htm,2026-05-04 15:41:42
TIRUNELVELI,224,MURUGALAKSHMANAN,Independent,158,18,Trailing,0,56070,S22224,https://results.eci.gov.in/ResultAcGenMay2026/ConstituencywiseS22224.htm,2026-05-04 15:41:42
TIRUNELVELI,224,VEERABAGHU. M.,Independent,304,12,Trailing,0,56070,S22224,https://results.eci.gov.in/ResultAcGenMay2026/ConstituencywiseS22224.htm,2026-05-04 15:41:42
TIRUNELVELI,224,VELAYUTHAM. P.,Independent,186,16,Trailing,0,56070,S22224,https://results.eci.gov.in/ResultAcGenMay2026/ConstituencywiseS22224.htm,2026-05-04 15:41:42
TIRUNELVELI,224,NOTA,None of the Above,584,6,Trailing,0,56070,S22224,https://results.eci.gov.in/ResultAcGenMay2026/ConstituencywiseS22224.htm,2026-05-04 15:41:42
TIRUPPATTUR,50,ARUMUGAM. V,Naam Tamilar Katchi,2463,8,Trailing,0,42861,S2250,https://results.eci.gov.in/ResultAcGenMay2026/ConstituencywiseS2250.htm,2026-05-04 15:41:46
TIRUPPATTUR,50,NALLATHAMBI. A,Dravida Munnetra Kazhagam,30720,4,Trailing,0,42861,S2250,https://results.eci.gov.in/ResultAcGenMay2026/ConstituencywiseS2250.htm,2026-05-04 15:41:46
TIRUPPATTUR,50,RAJIV GANDHI. S,Bahujan Samaj Party,142,20,Trailing,0,42861,S2250,https://results.eci.gov.in/ResultAcGenMay2026/ConstituencywiseS2250.htm,2026-05-04 15:41:46
TIRUPPATTUR,50,KALASTHIRI. S,All India Uzhavargal Uzhaippalargal Katchi,78,28,Trailing,0,42861,S2250,https://results.eci.gov.in/ResultAcGenMay2026/ConstituencywiseS2250.htm,2026-05-04 15:41:46
TIRUPPATTUR,50,SATHIYAMOORTHY. S,Makkal Nala Kazhagam,58,33,Trailing,0,42861,S2250,https://results.eci.gov.in/ResultAcGenMay2026/ConstituencywiseS2250.htm,2026-05-04 15:41:46
TIRUPPATTUR,50,SEKAR. N,All India Youth Development Party,124,23,Trailing,0,42861,S2250,https://results.eci.gov.in/ResultAcGenMay2026/ConstituencywiseS2250.htm,2026-05-04 15:41:46
TIRUPPATTUR,50,GNANASEKAR. A,Amma Makkal Munnettra Kazagam,12827,6,Trailing,0,42861,S2250,https://results.eci.gov.in/ResultAcGenMay2026/ConstituencywiseS2250.htm,2026-05-04 15:41:46
TIRUPPATTUR,50,DR.THIRUPATHI. N,Tamilaga Vettri Kazhagam,47790,1,Leading / Top Candidate,4929,42861,S2250,https://results.eci.gov.in/ResultAcGenMay2026/ConstituencywiseS2250.htm,2026-05-04 15:41:46
TIRUPPATTUR,50,RAJESH. S,Tamizhaga Vaazhvurimai Katchi,169,16,Trailing,0,42861,S2250,https://results.eci.gov.in/ResultAcGenMay2026/ConstituencywiseS2250.htm,2026-05-04 15:41:46
TIRUPPATTUR,50,VIJAYAKUMAR. G,Aanaithinthiya Jananayaka Pathukappu Kazhagam,110,25,Trailing,0,42861,S2250,https://results.eci.gov.in/ResultAcGenMay2026/ConstituencywiseS2250.htm,2026-05-04 15:41:46
TIRUPPATTUR,50,ANJALI. M,Independent,47,37,Trailing,0,42861,S2250,https://results.eci.gov.in/ResultAcGenMay2026/ConstituencywiseS2250.htm,2026-05-04 15:41:46
TIRUPPATTUR,50,GOVIND. T.G,Independent,23,40,Trailing,0,42861,S2250,https://results.eci.gov.in/ResultAcGenMay2026/ConstituencywiseS2250.htm,2026-05-04 15:41:46
TIRUPPATTUR,50,SANKAR. S,Independent,55,35,Trailing,0,42861,S2250,https://results.eci.gov.in/ResultAcGenMay2026/ConstituencywiseS2250.htm,2026-05-04 15:41:46
TIRUPPATTUR,50,GNANASEKARAN. M,Independent,49,36,Trailing,0,42861,S2250,https://results.eci.gov.in/ResultAcGenMay2026/ConstituencywiseS2250.htm,2026-05-04 15:41:46
TIRUPPATTUR,50,GNANASEKARAN. R,Independent,72,30,Trailing,0,42861,S2250,https://results.eci.gov.in/ResultAcGenMay2026/ConstituencywiseS2250.htm,2026-05-04 15:41:46
TIRUPPATTUR,50,THIRUPATHI. C,Independent,163,17,Trailing,0,42861,S2250,https://results.eci.gov.in/ResultAcGenMay2026/ConstituencywiseS2250.htm,2026-05-04 15:41:46
TIRUPPATTUR,50,THIRUPATHI. S,Independent,139,21,Trailing,0,42861,S2250,https://results.eci.gov.in/ResultAcGenMay2026/ConstituencywiseS2250.htm,2026-05-04 15:41:46
TIRUPPATTUR,50,THIRUPATHI. N,Independent,154,19,Trailing,0,42861,S2250,https://results.eci.gov.in/ResultAcGenMay2026/ConstituencywiseS2250.htm,2026-05-04 15:41:46
TIRUPPATTUR,50,NALLATHAMBI. R,Independent,81,27,Trailing,0,42861,S2250,https://results.eci.gov.in/ResultAcGenMay2026/ConstituencywiseS2250.htm,2026-05-04 15:41:46
TIRUPPATTUR,50,BALABHARATHI. S.V,Independent,37,38,Trailing,0,42861,S2250,https://results.eci.gov.in/ResultAcGenMay2026/ConstituencywiseS2250.htm,2026-05-04 15:41:46
TIRUPPATTUR,50,DR.POOVALAGI. P,Independent,56,34,Trailing,0,42861,S2250,https://results.eci.gov.in/ResultAcGenMay2026/ConstituencywiseS2250.htm,2026-05-04 15:41:46
TIRUPPATTUR,50,MOHAN RAJ. R,Independent,35,39,Trailing,0,42861,S2250,https://results.eci.gov.in/ResultAcGenMay2026/ConstituencywiseS2250.htm,2026-05-04 15:41:46
TIRUPPATTUR,50,RAGUJOSEPH. J,Independent,104,26,Trailing,0,42861,S2250,https://results.eci.gov.in/ResultAcGenMay2026/ConstituencywiseS2250.htm,2026-05-04 15:41:46
TIRUPPATTUR,50,VENKATESAN. K,Independent,156,18,Trailing,0,42861,S2250,https://results.eci.gov.in/ResultAcGenMay2026/ConstituencywiseS2250.htm,2026-05-04 15:41:46
TIRUPPATTUR,185,THIRUMARAN. K.C,Bharatiya Janata Party,15751,5,Trailing,0,42861,S22185,https://results.eci.gov.in/ResultAcGenMay2026/ConstituencywiseS22185.htm,2026-05-04 15:41:51
TIRUPPATTUR,185,PERIAKARUPPAN. KR,Dravida Munnetra Kazhagam,42861,2,Runner-up,0,42861,S22185,https://results.eci.gov.in/ResultAcGenMay2026/ConstituencywiseS22185.htm,2026-05-04 15:41:51
TIRUPPATTUR,185,RAMYA MOHAN,Naam Tamilar Katchi,7451,7,Trailing,0,42861,S22185,https://results.eci.gov.in/ResultAcGenMay2026/ConstituencywiseS22185.htm,2026-05-04 15:41:51
TIRUPPATTUR,185,UMADEVI. S,All India Puratchi Thalaivar Makkal Munnettra Kazhagam,336,11,Trailing,0,42861,S22185,https://results.eci.gov.in/ResultAcGenMay2026/ConstituencywiseS22185.htm,2026-05-04 15:41:51
TIRUPPATTUR,185,SEENIVASA SETHUPATHY. R,Tamilaga Vettri Kazhagam,38752,3,Trailing,0,42861,S22185,https://results.eci.gov.in/ResultAcGenMay2026/ConstituencywiseS22185.htm,2026-05-04 15:41:51
TIRUPPATTUR,185,SHANMUGAM. M,Independent,178,15,Trailing,0,42861,S22185,https://results.eci.gov.in/ResultAcGenMay2026/ConstituencywiseS22185.htm,2026-05-04 15:41:51
TIRUPPATTUR,185,SETHU. P,Independent,73,29,Trailing,0,42861,S22185,https://results.eci.gov.in/ResultAcGenMay2026/ConstituencywiseS22185.htm,2026-05-04 15:41:51
TIRUPPATTUR,185,PANCHAVARNAM. M,Independent,63,32,Trailing,0,42861,S22185,https://results.eci.gov.in/ResultAcGenMay2026/ConstituencywiseS22185.htm,2026-05-04 15:41:51
TIRUPPATTUR,185,BAKIYALAKSHMI. M,Independent,114,24,Trailing,0,42861,S22185,https://results.eci.gov.in/ResultAcGenMay2026/ConstituencywiseS22185.htm,2026-05-04 15:41:51
TIRUPPATTUR,185,PIRAMAN. P,Independent,137,22,Trailing,0,42861,S22185,https://results.eci.gov.in/ResultAcGenMay2026/ConstituencywiseS22185.htm,2026-05-04 15:41:51
TIRUPPATTUR,185,MALLIKA. A,Independent,72,31,Trailing,0,42861,S22185,https://results.eci.gov.in/ResultAcGenMay2026/ConstituencywiseS22185.htm,2026-05-04 15:41:51
TIRUPPATTUR,185,MARIMUTHU. S,Independent,192,13,Trailing,0,42861,S22185,https://results.eci.gov.in/ResultAcGenMay2026/ConstituencywiseS22185.htm,2026-05-04 15:41:51
TIRUPPATTUR,185,RAJA. K.P.M,Independent,469,9,Trailing,0,42861,S22185,https://results.eci.gov.in/ResultAcGenMay2026/ConstituencywiseS22185.htm,2026-05-04 15:41:51
TIRUPPATTUR,185,DR.VINAYAGA MEYYARASU. T,Independent,187,14,Trailing,0,42861,S22185,https://results.eci.gov.in/ResultAcGenMay2026/ConstituencywiseS22185.htm,2026-05-04 15:41:51
TIRUPPATTUR,185,VISHWANATHAN. S,Independent,304,12,Trailing,0,42861,S22185,https://results.eci.gov.in/ResultAcGenMay2026/ConstituencywiseS22185.htm,2026-05-04 15:41:51
TIRUPPATTUR,185,NOTA,None of the Above,348,10,Trailing,0,42861,S22185,https://results.eci.gov.in/ResultAcGenMay2026/ConstituencywiseS22185.htm,2026-05-04 15:41:51
TIRUPPUR (NORTH),113,R.ABINAYA,Naam Tamilar Katchi,6792,4,Trailing,0,30906,S22113,https://results.eci.gov.in/ResultAcGenMay2026/ConstituencywiseS22113.htm,2026-05-04 15:41:55
TIRUPPUR (NORTH),113,M.S.M.ANANDAN,All India Anna Dravida Munnetra Kazhagam,30906,2,Runner-up,0,30906,S22113,https://results.eci.gov.in/ResultAcGenMay2026/ConstituencywiseS22113.htm,2026-05-04 15:41:55
TIRUPPUR (NORTH),113,M.RAVI ALIAS M.SUBRAMANIAN,Communist Party of India,26771,3,Trailing,0,30906,S22113,https://results.eci.gov.in/ResultAcGenMay2026/ConstituencywiseS22113.htm,2026-05-04 15:41:55
TIRUPPUR (NORTH),113,L.JAMES REYNOLD,Bahujan Samaj Party,204,7,Trailing,0,30906,S22113,https://results.eci.gov.in/ResultAcGenMay2026/ConstituencywiseS22113.htm,2026-05-04 15:41:55
TIRUPPUR (NORTH),113,T.KRISHNASWAMY,Anna Puratchi Thalaivar Amma Dravida Munnetra Kazhagam,212,6,Trailing,0,30906,S22113,https://results.eci.gov.in/ResultAcGenMay2026/ConstituencywiseS22113.htm,2026-05-04 15:41:55
TIRUPPUR (NORTH),113,V.SATHYABAMA,Tamilaga Vettri Kazhagam,68897,1,Leading / Top Candidate,37991,30906,S22113,https://results.eci.gov.in/ResultAcGenMay2026/ConstituencywiseS22113.htm,2026-05-04 15:41:55
TIRUPPUR (NORTH),113,PY.DHATCHINAMURTHY,Tamizhaga Vaazhvurimai Katchi,111,12,Trailing,0,30906,S22113,https://results.eci.gov.in/ResultAcGenMay2026/ConstituencywiseS22113.htm,2026-05-04 15:41:55
TIRUPPUR (NORTH),113,S.ANANDHAKUMAR,Independent,50,16,Trailing,0,30906,S22113,https://results.eci.gov.in/ResultAcGenMay2026/ConstituencywiseS22113.htm,2026-05-04 15:41:55
TIRUPPUR (NORTH),113,K.ANAND,Independent,106,13,Trailing,0,30906,S22113,https://results.eci.gov.in/ResultAcGenMay2026/ConstituencywiseS22113.htm,2026-05-04 15:41:55
TIRUPPUR (NORTH),113,GANISHKAR,Independent,79,15,Trailing,0,30906,S22113,https://results.eci.gov.in/ResultAcGenMay2026/ConstituencywiseS22113.htm,2026-05-04 15:41:55
TIRUPPUR (NORTH),113,G.BALAKRISHNAN,Independent,137,8,Trailing,0,30906,S22113,https://results.eci.gov.in/ResultAcGenMay2026/ConstituencywiseS22113.htm,2026-05-04 15:41:55
TIRUPPUR (NORTH),113,M.RANGASAMY,Independent,86,14,Trailing,0,30906,S22113,https://results.eci.gov.in/ResultAcGenMay2026/ConstituencywiseS22113.htm,2026-05-04 15:41:55
TIRUPPUR (NORTH),113,P.RAVI,Independent,112,11,Trailing,0,30906,S22113,https://results.eci.gov.in/ResultAcGenMay2026/ConstituencywiseS22113.htm,2026-05-04 15:41:55
TIRUPPUR (NORTH),113,R.VISHNUMOORTHY,Independent,123,10,Trailing,0,30906,S22113,https://results.eci.gov.in/ResultAcGenMay2026/ConstituencywiseS22113.htm,2026-05-04 15:41:55
TIRUPPUR (NORTH),113,K.VENKADASWAMY,Independent,135,9,Trailing,0,30906,S22113,https://results.eci.gov.in/ResultAcGenMay2026/ConstituencywiseS22113.htm,2026-05-04 15:41:55
TIRUPPUR (NORTH),113,NOTA,None of the Above,510,5,Trailing,0,30906,S22113,https://results.eci.gov.in/ResultAcGenMay2026/ConstituencywiseS22113.htm,2026-05-04 15:41:55
TIRUPPUR (SOUTH),114,THANGARAJ. S,Bharatiya Janata Party,19842,3,Trailing,0,33178,S22114,https://results.eci.gov.in/ResultAcGenMay2026/ConstituencywiseS22114.htm,2026-05-04 15:41:59
TIRUPPUR (SOUTH),114,DINESH. P.N,Naam Tamilar Katchi,4084,4,Trailing,0,33178,S22114,https://results.eci.gov.in/ResultAcGenMay2026/ConstituencywiseS22114.htm,2026-05-04 15:41:59
TIRUPPUR (SOUTH),114,DINESHKUMAR. N,Dravida Munnetra Kazhagam,33178,2,Runner-up,0,33178,S22114,https://results.eci.gov.in/ResultAcGenMay2026/ConstituencywiseS22114.htm,2026-05-04 15:41:59
TIRUPPUR (SOUTH),114,RANGASAMY. S,Bahujan Samaj Party,152,7,Trailing,0,33178,S22114,https://results.eci.gov.in/ResultAcGenMay2026/ConstituencywiseS22114.htm,2026-05-04 15:41:59
TIRUPPUR (SOUTH),114,KALIMUTHU. K,All India Forward Bloc,487,5,Trailing,0,33178,S22114,https://results.eci.gov.in/ResultAcGenMay2026/ConstituencywiseS22114.htm,2026-05-04 15:41:59
TIRUPPUR (SOUTH),114,BALAMURUGAN. S,Tamilaga Vettri Kazhagam,42587,1,Leading / Top Candidate,9409,33178,S22114,https://results.eci.gov.in/ResultAcGenMay2026/ConstituencywiseS22114.htm,2026-05-04 15:41:59
TIRUPPUR (SOUTH),114,MALARVIZHI. G,Indhu Dravida Makkal Katchi,102,9,Trailing,0,33178,S22114,https://results.eci.gov.in/ResultAcGenMay2026/ConstituencywiseS22114.htm,2026-05-04 15:41:59
TIRUPPUR (SOUTH),114,MOHAMED MUBARAK ALI,Ganasangam Party of India,26,21,Trailing,0,33178,S22114,https://results.eci.gov.in/ResultAcGenMay2026/ConstituencywiseS22114.htm,2026-05-04 15:41:59
TIRUPPUR (SOUTH),114,VIJAYAKUMAR. M,Anna Puratchi Thalaivar Amma Dravida Munnetra Kazhagam,39,17,Trailing,0,33178,S22114,https://results.eci.gov.in/ResultAcGenMay2026/ConstituencywiseS22114.htm,2026-05-04 15:41:59
TIRUPPUR (SOUTH),114,JOHN BASHA. A,Tamizhaga Vaazhvurimai Katchi,37,18,Trailing,0,33178,S22114,https://results.eci.gov.in/ResultAcGenMay2026/ConstituencywiseS22114.htm,2026-05-04 15:41:59
TIRUPPUR (SOUTH),114,AMUTHAVEL. P,Independent,37,19,Trailing,0,33178,S22114,https://results.eci.gov.in/ResultAcGenMay2026/ConstituencywiseS22114.htm,2026-05-04 15:41:59
TIRUPPUR (SOUTH),114,DR. RAMAKRISHNAN. S,Independent,24,23,Trailing,0,33178,S22114,https://results.eci.gov.in/ResultAcGenMay2026/ConstituencywiseS22114.htm,2026-05-04 15:41:59
TIRUPPUR (SOUTH),114,KARTHIKADEVI. K,Independent,25,22,Trailing,0,33178,S22114,https://results.eci.gov.in/ResultAcGenMay2026/ConstituencywiseS22114.htm,2026-05-04 15:41:59
TIRUPPUR (SOUTH),114,KESAVAMURTHI. N,Independent,93,10,Trailing,0,33178,S22114,https://results.eci.gov.in/ResultAcGenMay2026/ConstituencywiseS22114.htm,2026-05-04 15:41:59
TIRUPPUR (SOUTH),114,DHANABAL. D,Independent,69,14,Trailing,0,33178,S22114,https://results.eci.gov.in/ResultAcGenMay2026/ConstituencywiseS22114.htm,2026-05-04 15:41:59
TIRUPPUR (SOUTH),114,DINESHKUMAR,Independent,109,8,Trailing,0,33178,S22114,https://results.eci.gov.in/ResultAcGenMay2026/ConstituencywiseS22114.htm,2026-05-04 15:41:59
TIRUPPUR (SOUTH),114,DINESHKUMAR. V,Independent,63,15,Trailing,0,33178,S22114,https://results.eci.gov.in/ResultAcGenMay2026/ConstituencywiseS22114.htm,2026-05-04 15:41:59
TIRUPPUR (SOUTH),114,MAHALINGAM. V,Independent,91,11,Trailing,0,33178,S22114,https://results.eci.gov.in/ResultAcGenMay2026/ConstituencywiseS22114.htm,2026-05-04 15:41:59
TIRUPPUR (SOUTH),114,RATHINAVEL. M,Independent,44,16,Trailing,0,33178,S22114,https://results.eci.gov.in/ResultAcGenMay2026/ConstituencywiseS22114.htm,2026-05-04 15:41:59
TIRUPPUR (SOUTH),114,RAMESH. S,Independent,20,24,Trailing,0,33178,S22114,https://results.eci.gov.in/ResultAcGenMay2026/ConstituencywiseS22114.htm,2026-05-04 15:41:59
TIRUPPUR (SOUTH),114,VASANTHAMANI. K,Independent,71,12,Trailing,0,33178,S22114,https://results.eci.gov.in/ResultAcGenMay2026/ConstituencywiseS22114.htm,2026-05-04 15:41:59
TIRUPPUR (SOUTH),114,VENKADASAMY. K,Independent,31,20,Trailing,0,33178,S22114,https://results.eci.gov.in/ResultAcGenMay2026/ConstituencywiseS22114.htm,2026-05-04 15:41:59
TIRUPPUR (SOUTH),114,VENKATACHALAM. G,Independent,71,13,Trailing,0,33178,S22114,https://results.eci.gov.in/ResultAcGenMay2026/ConstituencywiseS22114.htm,2026-05-04 15:41:59
TIRUPPUR (SOUTH),114,NOTA,None of the Above,377,6,Trailing,0,33178,S22114,https://results.eci.gov.in/ResultAcGenMay2026/ConstituencywiseS22114.htm,2026-05-04 15:41:59
TIRUTTANI,3,G.HARI,All India Anna Dravida Munnetra Kazhagam,46037,1,Leading / Top Candidate,7944,38093,S223,https://results.eci.gov.in/ResultAcGenMay2026/ConstituencywiseS223.htm,2026-05-04 15:42:04
TIRUTTANI,3,D.KRISHNAMURTHY,Desiya Murpokku Dravida Kazhagam,29645,3,Trailing,0,38093,S223,https://results.eci.gov.in/ResultAcGenMay2026/ConstituencywiseS223.htm,2026-05-04 15:42:04
TIRUTTANI,3,CHANDRAN .S.S,Naam Tamilar Katchi,3395,4,Trailing,0,38093,S223,https://results.eci.gov.in/ResultAcGenMay2026/ConstituencywiseS223.htm,2026-05-04 15:42:04
TIRUTTANI,3,MUTHURAJ.G,Bahujan Samaj Party,226,9,Trailing,0,38093,S223,https://results.eci.gov.in/ResultAcGenMay2026/ConstituencywiseS223.htm,2026-05-04 15:42:04
TIRUTTANI,3,M.SATHYA KUMAR,Tamilaga Vettri Kazhagam,38093,2,Runner-up,0,38093,S223,https://results.eci.gov.in/ResultAcGenMay2026/ConstituencywiseS223.htm,2026-05-04 15:42:04
TIRUTTANI,3,BALAJI.A,Thakkam Katchi,119,10,Trailing,0,38093,S223,https://results.eci.gov.in/ResultAcGenMay2026/ConstituencywiseS223.htm,2026-05-04 15:42:04
TIRUTTANI,3,PAVENDHAN.Y.R,Tamizhaga Vaazhvurimai Katchi,49,14,Trailing,0,38093,S223,https://results.eci.gov.in/ResultAcGenMay2026/ConstituencywiseS223.htm,2026-05-04 15:42:04
TIRUTTANI,3,KRISHNAMOORTHY.K,Independent,95,12,Trailing,0,38093,S223,https://results.eci.gov.in/ResultAcGenMay2026/ConstituencywiseS223.htm,2026-05-04 15:42:04
TIRUTTANI,3,KRISHNAMOORTHY.D,Independent,232,8,Trailing,0,38093,S223,https://results.eci.gov.in/ResultAcGenMay2026/ConstituencywiseS223.htm,2026-05-04 15:42:04
TIRUTTANI,3,KRISHNAMOORTHY.M,Independent,451,6,Trailing,0,38093,S223,https://results.eci.gov.in/ResultAcGenMay2026/ConstituencywiseS223.htm,2026-05-04 15:42:04
TIRUTTANI,3,SHETTU.S,Independent,62,13,Trailing,0,38093,S223,https://results.eci.gov.in/ResultAcGenMay2026/ConstituencywiseS223.htm,2026-05-04 15:42:04
TIRUTTANI,3,DR.A.V.NARENDRAN,Independent,100,11,Trailing,0,38093,S223,https://results.eci.gov.in/ResultAcGenMay2026/ConstituencywiseS223.htm,2026-05-04 15:42:04
TIRUTTANI,3,JAMBU.B,Independent,358,7,Trailing,0,38093,S223,https://results.eci.gov.in/ResultAcGenMay2026/ConstituencywiseS223.htm,2026-05-04 15:42:04
TIRUTTANI,3,NOTA,None of the Above,579,5,Trailing,0,38093,S223,https://results.eci.gov.in/ResultAcGenMay2026/ConstituencywiseS223.htm,2026-05-04 15:42:04
TIRUVADANAI,210,RM. KARUMANICKAM,Indian National Congress,48975,2,Runner-up,0,48975,S22210,https://results.eci.gov.in/ResultAcGenMay2026/ConstituencywiseS22210.htm,2026-05-04 15:42:08
TIRUVADANAI,210,M.KEERTHIKA,All India Anna Dravida Munnetra Kazhagam,48111,3,Trailing,0,48975,S22210,https://results.eci.gov.in/ResultAcGenMay2026/ConstituencywiseS22210.htm,2026-05-04 15:42:08
TIRUVADANAI,210,N PREMNATH,Naam Tamilar Katchi,9966,4,Trailing,0,48975,S22210,https://results.eci.gov.in/ResultAcGenMay2026/ConstituencywiseS22210.htm,2026-05-04 15:42:08
TIRUVADANAI,210,A MUTHUSAMY,Bahujan Samaj Party,185,13,Trailing,0,48975,S22210,https://results.eci.gov.in/ResultAcGenMay2026/ConstituencywiseS22210.htm,2026-05-04 15:42:08
TIRUVADANAI,210,R ILAIYARAJA,Indhu Dravida Makkal Katchi,137,16,Trailing,0,48975,S22210,https://results.eci.gov.in/ResultAcGenMay2026/ConstituencywiseS22210.htm,2026-05-04 15:42:08
TIRUVADANAI,210,K KALEESWARAN,Tamizhaga Vaazhvurimai Katchi,179,14,Trailing,0,48975,S22210,https://results.eci.gov.in/ResultAcGenMay2026/ConstituencywiseS22210.htm,2026-05-04 15:42:08
TIRUVADANAI,210,S SURESH KASINI VENTHAN,All India Forward Bloc,1278,5,Trailing,0,48975,S22210,https://results.eci.gov.in/ResultAcGenMay2026/ConstituencywiseS22210.htm,2026-05-04 15:42:08
TIRUVADANAI,210,S.BALUSAMY,Puthiya Tamilagam,445,6,Trailing,0,48975,S22210,https://results.eci.gov.in/ResultAcGenMay2026/ConstituencywiseS22210.htm,2026-05-04 15:42:08
TIRUVADANAI,210,RAJEEV,Tamilaga Vettri Kazhagam,49320,1,Leading / Top Candidate,345,48975,S22210,https://results.eci.gov.in/ResultAcGenMay2026/ConstituencywiseS22210.htm,2026-05-04 15:42:08
TIRUVADANAI,210,MS ABDUL BAKKI,Independent,170,15,Trailing,0,48975,S22210,https://results.eci.gov.in/ResultAcGenMay2026/ConstituencywiseS22210.htm,2026-05-04 15:42:08
TIRUVADANAI,210,ALLA PICHAI,Independent,69,21,Trailing,0,48975,S22210,https://results.eci.gov.in/ResultAcGenMay2026/ConstituencywiseS22210.htm,2026-05-04 15:42:08
TIRUVADANAI,210,ALAGARSAMY PANDIAN,Independent,411,7,Trailing,0,48975,S22210,https://results.eci.gov.in/ResultAcGenMay2026/ConstituencywiseS22210.htm,2026-05-04 15:42:08
TIRUVADANAI,210,N ANBU BAGURUDEEN,Independent,92,19,Trailing,0,48975,S22210,https://results.eci.gov.in/ResultAcGenMay2026/ConstituencywiseS22210.htm,2026-05-04 15:42:08
TIRUVADANAI,210,SAKTHIK KUMAR,Independent,120,17,Trailing,0,48975,S22210,https://results.eci.gov.in/ResultAcGenMay2026/ConstituencywiseS22210.htm,2026-05-04 15:42:08
TIRUVADANAI,210,B SIKKANDAR,Independent,264,11,Trailing,0,48975,S22210,https://results.eci.gov.in/ResultAcGenMay2026/ConstituencywiseS22210.htm,2026-05-04 15:42:08
TIRUVADANAI,210,A SEGU ALI UDUMAN,Independent,392,8,Trailing,0,48975,S22210,https://results.eci.gov.in/ResultAcGenMay2026/ConstituencywiseS22210.htm,2026-05-04 15:42:08
TIRUVADANAI,210,R THILAGESWARAN,Independent,360,10,Trailing,0,48975,S22210,https://results.eci.gov.in/ResultAcGenMay2026/ConstituencywiseS22210.htm,2026-05-04 15:42:08
TIRUVADANAI,210,A DINESH KUMAR,Independent,382,9,Trailing,0,48975,S22210,https://results.eci.gov.in/ResultAcGenMay2026/ConstituencywiseS22210.htm,2026-05-04 15:42:08
TIRUVADANAI,210,DEVASITHAM,Independent,97,18,Trailing,0,48975,S22210,https://results.eci.gov.in/ResultAcGenMay2026/ConstituencywiseS22210.htm,2026-05-04 15:42:08
TIRUVADANAI,210,A MANI,Independent,48,22,Trailing,0,48975,S22210,https://results.eci.gov.in/ResultAcGenMay2026/ConstituencywiseS22210.htm,2026-05-04 15:42:08
TIRUVADANAI,210,M.VIJAY,Independent,83,20,Trailing,0,48975,S22210,https://results.eci.gov.in/ResultAcGenMay2026/ConstituencywiseS22210.htm,2026-05-04 15:42:08
TIRUVADANAI,210,NOTA,None of the Above,218,12,Trailing,0,48975,S22210,https://results.eci.gov.in/ResultAcGenMay2026/ConstituencywiseS22210.htm,2026-05-04 15:42:08
TIRUVANNAMALAI,63,ELUMALAI. C,Bharatiya Janata Party,15309,3,Trailing,0,39782,S2263,https://results.eci.gov.in/ResultAcGenMay2026/ConstituencywiseS2263.htm,2026-05-04 15:42:12
TIRUVANNAMALAI,63,RAJ. S,Bahujan Samaj Party,144,9,Trailing,0,39782,S2263,https://results.eci.gov.in/ResultAcGenMay2026/ConstituencywiseS2263.htm,2026-05-04 15:42:12
TIRUVANNAMALAI,63,VIGNESH. S,Naam Tamilar Katchi,2763,4,Trailing,0,39782,S2263,https://results.eci.gov.in/ResultAcGenMay2026/ConstituencywiseS2263.htm,2026-05-04 15:42:12
TIRUVANNAMALAI,63,VELU. E.V,Dravida Munnetra Kazhagam,40073,1,Leading / Top Candidate,291,39782,S2263,https://results.eci.gov.in/ResultAcGenMay2026/ConstituencywiseS2263.htm,2026-05-04 15:42:12
TIRUVANNAMALAI,63,ARUL ARUMUGAM,Tamilaga Vettri Kazhagam,39782,2,Runner-up,0,39782,S2263,https://results.eci.gov.in/ResultAcGenMay2026/ConstituencywiseS2263.htm,2026-05-04 15:42:12
TIRUVANNAMALAI,63,KANNAN. P,Veerath Thiyagi Viswanathadoss Thozhilalarkal Katchi,103,14,Trailing,0,39782,S2263,https://results.eci.gov.in/ResultAcGenMay2026/ConstituencywiseS2263.htm,2026-05-04 15:42:12
TIRUVANNAMALAI,63,NAKKIRAN. A,Thamizhaka Padaippalar Makkal Katchi,53,17,Trailing,0,39782,S2263,https://results.eci.gov.in/ResultAcGenMay2026/ConstituencywiseS2263.htm,2026-05-04 15:42:12
TIRUVANNAMALAI,63,BENNY RAJAN. C.J,Republican Party of India (Athawale),288,6,Trailing,0,39782,S2263,https://results.eci.gov.in/ResultAcGenMay2026/ConstituencywiseS2263.htm,2026-05-04 15:42:12
TIRUVANNAMALAI,63,MALLI. S,Tamizhaga Vaazhvurimai Katchi,49,18,Trailing,0,39782,S2263,https://results.eci.gov.in/ResultAcGenMay2026/ConstituencywiseS2263.htm,2026-05-04 15:42:12
TIRUVANNAMALAI,63,VIJAYAKUMAR. S,Naadaalum Makkal Katchi,120,10,Trailing,0,39782,S2263,https://results.eci.gov.in/ResultAcGenMay2026/ConstituencywiseS2263.htm,2026-05-04 15:42:12
TIRUVANNAMALAI,63,VELU. V,Anti Corruption Dynamic Party,34,23,Trailing,0,39782,S2263,https://results.eci.gov.in/ResultAcGenMay2026/ConstituencywiseS2263.htm,2026-05-04 15:42:12
TIRUVANNAMALAI,63,ARUL. K,Independent,120,11,Trailing,0,39782,S2263,https://results.eci.gov.in/ResultAcGenMay2026/ConstituencywiseS2263.htm,2026-05-04 15:42:12
TIRUVANNAMALAI,63,ARUL ANAND. V,Independent,45,21,Trailing,0,39782,S2263,https://results.eci.gov.in/ResultAcGenMay2026/ConstituencywiseS2263.htm,2026-05-04 15:42:12
TIRUVANNAMALAI,63,ANBALAGAN. M,Independent,23,28,Trailing,0,39782,S2263,https://results.eci.gov.in/ResultAcGenMay2026/ConstituencywiseS2263.htm,2026-05-04 15:42:12
TIRUVANNAMALAI,63,ADHITHYA PALANISAMY. A,Independent,120,12,Trailing,0,39782,S2263,https://results.eci.gov.in/ResultAcGenMay2026/ConstituencywiseS2263.htm,2026-05-04 15:42:12
TIRUVANNAMALAI,63,ANANTH. A. M,Independent,70,16,Trailing,0,39782,S2263,https://results.eci.gov.in/ResultAcGenMay2026/ConstituencywiseS2263.htm,2026-05-04 15:42:12
TIRUVANNAMALAI,63,ELUMALAI. A S/O ARUMUGAM,Independent,158,8,Trailing,0,39782,S2263,https://results.eci.gov.in/ResultAcGenMay2026/ConstituencywiseS2263.htm,2026-05-04 15:42:12
TIRUVANNAMALAI,63,ELUMALAI. C S/O CHINNAKUZHANTHAI,Independent,46,20,Trailing,0,39782,S2263,https://results.eci.gov.in/ResultAcGenMay2026/ConstituencywiseS2263.htm,2026-05-04 15:42:12
TIRUVANNAMALAI,63,ELUMALAI. C S/O CHINNARASU,Independent,25,26,Trailing,0,39782,S2263,https://results.eci.gov.in/ResultAcGenMay2026/ConstituencywiseS2263.htm,2026-05-04 15:42:12
TIRUVANNAMALAI,63,KOTHANDAPANI. B,Independent,113,13,Trailing,0,39782,S2263,https://results.eci.gov.in/ResultAcGenMay2026/ConstituencywiseS2263.htm,2026-05-04 15:42:12
TIRUVANNAMALAI,63,SALAM .M,Independent,175,7,Trailing,0,39782,S2263,https://results.eci.gov.in/ResultAcGenMay2026/ConstituencywiseS2263.htm,2026-05-04 15:42:12
TIRUVANNAMALAI,63,PALANI. N,Independent,91,15,Trailing,0,39782,S2263,https://results.eci.gov.in/ResultAcGenMay2026/ConstituencywiseS2263.htm,2026-05-04 15:42:12
TIRUVANNAMALAI,63,MAHESWARI. R,Independent,24,27,Trailing,0,39782,S2263,https://results.eci.gov.in/ResultAcGenMay2026/ConstituencywiseS2263.htm,2026-05-04 15:42:12
TIRUVANNAMALAI,63,MARIKKANNU. E,Independent,23,29,Trailing,0,39782,S2263,https://results.eci.gov.in/ResultAcGenMay2026/ConstituencywiseS2263.htm,2026-05-04 15:42:12
TIRUVANNAMALAI,63,MOORTHY. P,Independent,13,31,Trailing,0,39782,S2263,https://results.eci.gov.in/ResultAcGenMay2026/ConstituencywiseS2263.htm,2026-05-04 15:42:12
TIRUVANNAMALAI,63,RAMESH. V,Independent,48,19,Trailing,0,39782,S2263,https://results.eci.gov.in/ResultAcGenMay2026/ConstituencywiseS2263.htm,2026-05-04 15:42:12
TIRUVANNAMALAI,63,RAJA. V,Independent,30,24,Trailing,0,39782,S2263,https://results.eci.gov.in/ResultAcGenMay2026/ConstituencywiseS2263.htm,2026-05-04 15:42:12
TIRUVANNAMALAI,63,VIGNESH. M,Independent,40,22,Trailing,0,39782,S2263,https://results.eci.gov.in/ResultAcGenMay2026/ConstituencywiseS2263.htm,2026-05-04 15:42:12
TIRUVANNAMALAI,63,VENKATESAN. M,Independent,30,25,Trailing,0,39782,S2263,https://results.eci.gov.in/ResultAcGenMay2026/ConstituencywiseS2263.htm,2026-05-04 15:42:12
TIRUVANNAMALAI,63,VELU. K,Independent,19,30,Trailing,0,39782,S2263,https://results.eci.gov.in/ResultAcGenMay2026/ConstituencywiseS2263.htm,2026-05-04 15:42:12
TIRUVANNAMALAI,63,NOTA,None of the Above,455,5,Trailing,0,39782,S2263,https://results.eci.gov.in/ResultAcGenMay2026/ConstituencywiseS2263.htm,2026-05-04 15:42:12
TITTAKUDI,151,RAVICHANDRAN K.P,Bahujan Samaj Party,240,8,Trailing,0,33426,S22151,https://results.eci.gov.in/ResultAcGenMay2026/ConstituencywiseS22151.htm,2026-05-04 15:42:17
TITTAKUDI,151,GANESAN C.V,Dravida Munnetra Kazhagam,34430,1,Leading / Top Candidate,1004,33426,S22151,https://results.eci.gov.in/ResultAcGenMay2026/ConstituencywiseS22151.htm,2026-05-04 15:42:17
TITTAKUDI,151,MAHALAKSHMI V,Naam Tamilar Katchi,3329,4,Trailing,0,33426,S22151,https://results.eci.gov.in/ResultAcGenMay2026/ConstituencywiseS22151.htm,2026-05-04 15:42:17
TITTAKUDI,151,MURUGUMARAN N,All India Anna Dravida Munnetra Kazhagam,22088,3,Trailing,0,33426,S22151,https://results.eci.gov.in/ResultAcGenMay2026/ConstituencywiseS22151.htm,2026-05-04 15:42:17
TITTAKUDI,151,SATHYA M,Aanaithinthiya Jananayaka Pathukappu Kazhagam,207,10,Trailing,0,33426,S22151,https://results.eci.gov.in/ResultAcGenMay2026/ConstituencywiseS22151.htm,2026-05-04 15:42:17
TITTAKUDI,151,PALANIVEL R,All India Puratchi Thalaivar Makkal Munnettra Kazhagam,243,7,Trailing,0,33426,S22151,https://results.eci.gov.in/ResultAcGenMay2026/ConstituencywiseS22151.htm,2026-05-04 15:42:17
TITTAKUDI,151,RAJASEKAR A,Tamilaga Vettri Kazhagam,33426,2,Runner-up,0,33426,S22151,https://results.eci.gov.in/ResultAcGenMay2026/ConstituencywiseS22151.htm,2026-05-04 15:42:17
TITTAKUDI,151,JAYARAMAN N,Bahujan Dravida Party,82,14,Trailing,0,33426,S22151,https://results.eci.gov.in/ResultAcGenMay2026/ConstituencywiseS22151.htm,2026-05-04 15:42:17
TITTAKUDI,151,JAYA K,Tamizhaga Vaazhvurimai Katchi,156,12,Trailing,0,33426,S22151,https://results.eci.gov.in/ResultAcGenMay2026/ConstituencywiseS22151.htm,2026-05-04 15:42:17
TITTAKUDI,151,SILAMBARASAN J,Independent,153,13,Trailing,0,33426,S22151,https://results.eci.gov.in/ResultAcGenMay2026/ConstituencywiseS22151.htm,2026-05-04 15:42:17
TITTAKUDI,151,PADMANATHAN V,Independent,76,15,Trailing,0,33426,S22151,https://results.eci.gov.in/ResultAcGenMay2026/ConstituencywiseS22151.htm,2026-05-04 15:42:17
TITTAKUDI,151,PERINBAM D,Independent,185,11,Trailing,0,33426,S22151,https://results.eci.gov.in/ResultAcGenMay2026/ConstituencywiseS22151.htm,2026-05-04 15:42:17
TITTAKUDI,151,MURUGAN A,Independent,236,9,Trailing,0,33426,S22151,https://results.eci.gov.in/ResultAcGenMay2026/ConstituencywiseS22151.htm,2026-05-04 15:42:17
TITTAKUDI,151,VELMURUGAN G,Independent,324,5,Trailing,0,33426,S22151,https://results.eci.gov.in/ResultAcGenMay2026/ConstituencywiseS22151.htm,2026-05-04 15:42:17
TITTAKUDI,151,NOTA,None of the Above,288,6,Trailing,0,33426,S22151,https://results.eci.gov.in/ResultAcGenMay2026/ConstituencywiseS22151.htm,2026-05-04 15:42:17
UDHAGAMANDALAM,108,BHOJARAJAN.M,Bharatiya Janata Party,48181,1,Leading / Top Candidate,1231,46950,S22108,https://results.eci.gov.in/ResultAcGenMay2026/ConstituencywiseS22108.htm,2026-05-04 15:42:21
UDHAGAMANDALAM,108,RAGUPATHY.B,Naam Tamilar Katchi,4595,4,Trailing,0,46950,S22108,https://results.eci.gov.in/ResultAcGenMay2026/ConstituencywiseS22108.htm,2026-05-04 15:42:21
UDHAGAMANDALAM,108,RAMACHANDRAN.B,Indian National Congress,45247,3,Trailing,0,46950,S22108,https://results.eci.gov.in/ResultAcGenMay2026/ConstituencywiseS22108.htm,2026-05-04 15:42:21
UDHAGAMANDALAM,108,IBRAHIM.R,Tamilaga Vettri Kazhagam,46950,2,Runner-up,0,46950,S22108,https://results.eci.gov.in/ResultAcGenMay2026/ConstituencywiseS22108.htm,2026-05-04 15:42:21
UDHAGAMANDALAM,108,SAVEETHA.R,Tamizhaga Vaazhvurimai Katchi,417,7,Trailing,0,46950,S22108,https://results.eci.gov.in/ResultAcGenMay2026/ConstituencywiseS22108.htm,2026-05-04 15:42:21
UDHAGAMANDALAM,108,MANIAN.R,Independent,458,6,Trailing,0,46950,S22108,https://results.eci.gov.in/ResultAcGenMay2026/ConstituencywiseS22108.htm,2026-05-04 15:42:21
UDHAGAMANDALAM,108,NOTA,None of the Above,1518,5,Trailing,0,46950,S22108,https://results.eci.gov.in/ResultAcGenMay2026/ConstituencywiseS22108.htm,2026-05-04 15:42:21
UDUMALAIPETTAI,125,RADHAKRISHNAN K.,All India Anna Dravida Munnetra Kazhagam,55385,1,Leading / Top Candidate,4020,51365,S22125,https://results.eci.gov.in/ResultAcGenMay2026/ConstituencywiseS22125.htm,2026-05-04 15:42:25
UDUMALAIPETTAI,125,RAM KUMAR M.,Naam Tamilar Katchi,5205,4,Trailing,0,51365,S22125,https://results.eci.gov.in/ResultAcGenMay2026/ConstituencywiseS22125.htm,2026-05-04 15:42:25
UDUMALAIPETTAI,125,JAYAKUMAR M.,Dravida Munnetra Kazhagam,51365,2,Runner-up,0,51365,S22125,https://results.eci.gov.in/ResultAcGenMay2026/ConstituencywiseS22125.htm,2026-05-04 15:42:25
UDUMALAIPETTAI,125,SANKAR K.,Tamilaga Vettri Kazhagam,45191,3,Trailing,0,51365,S22125,https://results.eci.gov.in/ResultAcGenMay2026/ConstituencywiseS22125.htm,2026-05-04 15:42:25
UDUMALAIPETTAI,125,UMAR ALI D.,Independent,217,8,Trailing,0,51365,S22125,https://results.eci.gov.in/ResultAcGenMay2026/ConstituencywiseS22125.htm,2026-05-04 15:42:25
UDUMALAIPETTAI,125,ELSY C.,Independent,62,12,Trailing,0,51365,S22125,https://results.eci.gov.in/ResultAcGenMay2026/ConstituencywiseS22125.htm,2026-05-04 15:42:25
UDUMALAIPETTAI,125,GANESH S.,Independent,101,11,Trailing,0,51365,S22125,https://results.eci.gov.in/ResultAcGenMay2026/ConstituencywiseS22125.htm,2026-05-04 15:42:25
UDUMALAIPETTAI,125,KALIMUTHU S.,Independent,112,10,Trailing,0,51365,S22125,https://results.eci.gov.in/ResultAcGenMay2026/ConstituencywiseS22125.htm,2026-05-04 15:42:25
UDUMALAIPETTAI,125,PADMENDRAPRAKASH A.,Independent,390,6,Trailing,0,51365,S22125,https://results.eci.gov.in/ResultAcGenMay2026/ConstituencywiseS22125.htm,2026-05-04 15:42:25
UDUMALAIPETTAI,125,MAHENDRAN A.,Independent,288,7,Trailing,0,51365,S22125,https://results.eci.gov.in/ResultAcGenMay2026/ConstituencywiseS22125.htm,2026-05-04 15:42:25
UDUMALAIPETTAI,125,RAMASAMY S.,Independent,191,9,Trailing,0,51365,S22125,https://results.eci.gov.in/ResultAcGenMay2026/ConstituencywiseS22125.htm,2026-05-04 15:42:25
UDUMALAIPETTAI,125,NOTA,None of the Above,870,5,Trailing,0,51365,S22125,https://results.eci.gov.in/ResultAcGenMay2026/ConstituencywiseS22125.htm,2026-05-04 15:42:25
ULUNDURPETTAI,77,KUMARAGURU R,All India Anna Dravida Munnetra Kazhagam,44576,2,Runner-up,0,44576,S2277,https://results.eci.gov.in/ResultAcGenMay2026/ConstituencywiseS2277.htm,2026-05-04 15:42:30
ULUNDURPETTAI,77,LOGESHWARI S,Naam Tamilar Katchi,3730,4,Trailing,0,44576,S2277,https://results.eci.gov.in/ResultAcGenMay2026/ConstituencywiseS2277.htm,2026-05-04 15:42:30
ULUNDURPETTAI,77,VASANTHAVEL G R,Dravida Munnetra Kazhagam,46024,1,Leading / Top Candidate,1448,44576,S2277,https://results.eci.gov.in/ResultAcGenMay2026/ConstituencywiseS2277.htm,2026-05-04 15:42:30
ULUNDURPETTAI,77,UDHAYAKUMAR R,All India Puratchi Thalaivar Makkal Munnettra Kazhagam,328,6,Trailing,0,44576,S2277,https://results.eci.gov.in/ResultAcGenMay2026/ConstituencywiseS2277.htm,2026-05-04 15:42:30
ULUNDURPETTAI,77,SUDHAKAR M,Tamilaga Vettri Kazhagam,37065,3,Trailing,0,44576,S2277,https://results.eci.gov.in/ResultAcGenMay2026/ConstituencywiseS2277.htm,2026-05-04 15:42:30
ULUNDURPETTAI,77,BALAKRISHNAN K,Anna Makkal Katchi,77,12,Trailing,0,44576,S2277,https://results.eci.gov.in/ResultAcGenMay2026/ConstituencywiseS2277.htm,2026-05-04 15:42:30
ULUNDURPETTAI,77,ARASAN K,Independent,42,15,Trailing,0,44576,S2277,https://results.eci.gov.in/ResultAcGenMay2026/ConstituencywiseS2277.htm,2026-05-04 15:42:30
ULUNDURPETTAI,77,KRISHNAMOORTHY V,Independent,145,8,Trailing,0,44576,S2277,https://results.eci.gov.in/ResultAcGenMay2026/ConstituencywiseS2277.htm,2026-05-04 15:42:30
ULUNDURPETTAI,77,SANKAR S,Independent,46,13,Trailing,0,44576,S2277,https://results.eci.gov.in/ResultAcGenMay2026/ConstituencywiseS2277.htm,2026-05-04 15:42:30
ULUNDURPETTAI,77,SASIKUMAR N,Independent,45,14,Trailing,0,44576,S2277,https://results.eci.gov.in/ResultAcGenMay2026/ConstituencywiseS2277.htm,2026-05-04 15:42:30
ULUNDURPETTAI,77,SENTHIL P,Independent,128,9,Trailing,0,44576,S2277,https://results.eci.gov.in/ResultAcGenMay2026/ConstituencywiseS2277.htm,2026-05-04 15:42:30
ULUNDURPETTAI,77,PARTHIBAN V,Independent,85,11,Trailing,0,44576,S2277,https://results.eci.gov.in/ResultAcGenMay2026/ConstituencywiseS2277.htm,2026-05-04 15:42:30
ULUNDURPETTAI,77,MANIKANDAN P,Independent,325,7,Trailing,0,44576,S2277,https://results.eci.gov.in/ResultAcGenMay2026/ConstituencywiseS2277.htm,2026-05-04 15:42:30
ULUNDURPETTAI,77,RAMAKRISHNAN R,Independent,122,10,Trailing,0,44576,S2277,https://results.eci.gov.in/ResultAcGenMay2026/ConstituencywiseS2277.htm,2026-05-04 15:42:30
ULUNDURPETTAI,77,NOTA,None of the Above,549,5,Trailing,0,44576,S2277,https://results.eci.gov.in/ResultAcGenMay2026/ConstituencywiseS2277.htm,2026-05-04 15:42:30
USILAMPATTI,197,ABIRAMI. D,Naam Tamilar Katchi,6390,5,Trailing,0,27828,S22197,https://results.eci.gov.in/ResultAcGenMay2026/ConstituencywiseS22197.htm,2026-05-04 15:42:34
USILAMPATTI,197,SARAVANAKUMAR. T,Indian National Congress,25077,3,Trailing,0,27828,S22197,https://results.eci.gov.in/ResultAcGenMay2026/ConstituencywiseS22197.htm,2026-05-04 15:42:34
USILAMPATTI,197,MAHENDRAN. I,All India Anna Dravida Munnetra Kazhagam,27828,2,Runner-up,0,27828,S22197,https://results.eci.gov.in/ResultAcGenMay2026/ConstituencywiseS22197.htm,2026-05-04 15:42:34
USILAMPATTI,197,VELLAIPANDI. V,Bahujan Samaj Party,281,7,Trailing,0,27828,S22197,https://results.eci.gov.in/ResultAcGenMay2026/ConstituencywiseS22197.htm,2026-05-04 15:42:34
USILAMPATTI,197,AYYAPPAN. P,All India Puratchi Thalaivar Makkal Munnettra Kazhagam,7356,4,Trailing,0,27828,S22197,https://results.eci.gov.in/ResultAcGenMay2026/ConstituencywiseS22197.htm,2026-05-04 15:42:34
USILAMPATTI,197,VIJAY. M,Tamilaga Vettri Kazhagam,29960,1,Leading / Top Candidate,2132,27828,S22197,https://results.eci.gov.in/ResultAcGenMay2026/ConstituencywiseS22197.htm,2026-05-04 15:42:34
USILAMPATTI,197,KIRANYA. S,Independent,114,11,Trailing,0,27828,S22197,https://results.eci.gov.in/ResultAcGenMay2026/ConstituencywiseS22197.htm,2026-05-04 15:42:34
USILAMPATTI,197,DHANASEKARAN. T,Independent,61,13,Trailing,0,27828,S22197,https://results.eci.gov.in/ResultAcGenMay2026/ConstituencywiseS22197.htm,2026-05-04 15:42:34
USILAMPATTI,197,THIAGARAJAN. O. V,Independent,140,8,Trailing,0,27828,S22197,https://results.eci.gov.in/ResultAcGenMay2026/ConstituencywiseS22197.htm,2026-05-04 15:42:34
USILAMPATTI,197,THIRUMOORTHY. A,Independent,102,12,Trailing,0,27828,S22197,https://results.eci.gov.in/ResultAcGenMay2026/ConstituencywiseS22197.htm,2026-05-04 15:42:34
USILAMPATTI,197,PRAVEENA. S,Independent,132,9,Trailing,0,27828,S22197,https://results.eci.gov.in/ResultAcGenMay2026/ConstituencywiseS22197.htm,2026-05-04 15:42:34
USILAMPATTI,197,MUTHU. N,Independent,118,10,Trailing,0,27828,S22197,https://results.eci.gov.in/ResultAcGenMay2026/ConstituencywiseS22197.htm,2026-05-04 15:42:34
USILAMPATTI,197,NOTA,None of the Above,283,6,Trailing,0,27828,S22197,https://results.eci.gov.in/ResultAcGenMay2026/ConstituencywiseS22197.htm,2026-05-04 15:42:34
UTHANGARAI,51,R KUPPUSAMY,Indian National Congress,51995,3,Trailing,0,55754,S2251,https://results.eci.gov.in/ResultAcGenMay2026/ConstituencywiseS2251.htm,2026-05-04 15:42:39
UTHANGARAI,51,T M TAMILSELVAM,All India Anna Dravida Munnetra Kazhagam,55754,2,Runner-up,0,55754,S2251,https://results.eci.gov.in/ResultAcGenMay2026/ConstituencywiseS2251.htm,2026-05-04 15:42:39
UTHANGARAI,51,MEKALA,Naam Tamilar Katchi,5755,4,Trailing,0,55754,S2251,https://results.eci.gov.in/ResultAcGenMay2026/ConstituencywiseS2251.htm,2026-05-04 15:42:39
UTHANGARAI,51,N ELAIYARAJA,Tamilaga Vettri Kazhagam,60642,1,Leading / Top Candidate,4888,55754,S2251,https://results.eci.gov.in/ResultAcGenMay2026/ConstituencywiseS2251.htm,2026-05-04 15:42:39
UTHANGARAI,51,K THAVARAJ,Tamizhaga Vaazhvurimai Katchi,246,6,Trailing,0,55754,S2251,https://results.eci.gov.in/ResultAcGenMay2026/ConstituencywiseS2251.htm,2026-05-04 15:42:39
UTHANGARAI,51,PALANI R,Thakkam Katchi,122,13,Trailing,0,55754,S2251,https://results.eci.gov.in/ResultAcGenMay2026/ConstituencywiseS2251.htm,2026-05-04 15:42:39
UTHANGARAI,51,RAMESHWARI,Bharat Jan Chikitsa Party,100,14,Trailing,0,55754,S2251,https://results.eci.gov.in/ResultAcGenMay2026/ConstituencywiseS2251.htm,2026-05-04 15:42:39
UTHANGARAI,51,VIJIYAL,Aanaithinthiya Jananayaka Pathukappu Kazhagam,178,10,Trailing,0,55754,S2251,https://results.eci.gov.in/ResultAcGenMay2026/ConstituencywiseS2251.htm,2026-05-04 15:42:39
UTHANGARAI,51,KUMARAVEL,Independent,231,7,Trailing,0,55754,S2251,https://results.eci.gov.in/ResultAcGenMay2026/ConstituencywiseS2251.htm,2026-05-04 15:42:39
UTHANGARAI,51,A SAMRAJ,Independent,125,12,Trailing,0,55754,S2251,https://results.eci.gov.in/ResultAcGenMay2026/ConstituencywiseS2251.htm,2026-05-04 15:42:39
UTHANGARAI,51,TAMILMANI,Independent,203,9,Trailing,0,55754,S2251,https://results.eci.gov.in/ResultAcGenMay2026/ConstituencywiseS2251.htm,2026-05-04 15:42:39
UTHANGARAI,51,BAKKIYARAJ R,Independent,153,11,Trailing,0,55754,S2251,https://results.eci.gov.in/ResultAcGenMay2026/ConstituencywiseS2251.htm,2026-05-04 15:42:39
UTHANGARAI,51,MUNIRAJ,Independent,222,8,Trailing,0,55754,S2251,https://results.eci.gov.in/ResultAcGenMay2026/ConstituencywiseS2251.htm,2026-05-04 15:42:39
UTHANGARAI,51,NOTA,None of the Above,765,5,Trailing,0,55754,S2251,https://results.eci.gov.in/ResultAcGenMay2026/ConstituencywiseS2251.htm,2026-05-04 15:42:39
UTHIRAMERUR,36,SUNDAR.K,Dravida Munnetra Kazhagam,49693,2,Runner-up,0,49693,S2236,https://results.eci.gov.in/ResultAcGenMay2026/ConstituencywiseS2236.htm,2026-05-04 15:42:43
UTHIRAMERUR,36,MARAM MASILAMANI.B.S,Naam Tamilar Katchi,4241,4,Trailing,0,49693,S2236,https://results.eci.gov.in/ResultAcGenMay2026/ConstituencywiseS2236.htm,2026-05-04 15:42:43
UTHIRAMERUR,36,SIVAKUMAR.A,Desiya Makkal Sakthi Katchi,255,8,Trailing,0,49693,S2236,https://results.eci.gov.in/ResultAcGenMay2026/ConstituencywiseS2236.htm,2026-05-04 15:42:43
UTHIRAMERUR,36,MAGESHKUMAR.P,Pattali Makkal Katchi,45543,3,Trailing,0,49693,S2236,https://results.eci.gov.in/ResultAcGenMay2026/ConstituencywiseS2236.htm,2026-05-04 15:42:43
UTHIRAMERUR,36,MUNIRATHINAM.J,Tamilaga Vettri Kazhagam,63620,1,Leading / Top Candidate,13927,49693,S2236,https://results.eci.gov.in/ResultAcGenMay2026/ConstituencywiseS2236.htm,2026-05-04 15:42:43
UTHIRAMERUR,36,JAKIRUSAN.D,Tamizhaga Vaazhvurimai Katchi,171,9,Trailing,0,49693,S2236,https://results.eci.gov.in/ResultAcGenMay2026/ConstituencywiseS2236.htm,2026-05-04 15:42:43
UTHIRAMERUR,36,ANBU.V,Independent,166,10,Trailing,0,49693,S2236,https://results.eci.gov.in/ResultAcGenMay2026/ConstituencywiseS2236.htm,2026-05-04 15:42:43
UTHIRAMERUR,36,KAMALAKANNAN.K,Independent,49,15,Trailing,0,49693,S2236,https://results.eci.gov.in/ResultAcGenMay2026/ConstituencywiseS2236.htm,2026-05-04 15:42:43
UTHIRAMERUR,36,GUNASEKAR.V,Independent,80,13,Trailing,0,49693,S2236,https://results.eci.gov.in/ResultAcGenMay2026/ConstituencywiseS2236.htm,2026-05-04 15:42:43
UTHIRAMERUR,36,CITTIBABU.R,Independent,66,14,Trailing,0,49693,S2236,https://results.eci.gov.in/ResultAcGenMay2026/ConstituencywiseS2236.htm,2026-05-04 15:42:43
UTHIRAMERUR,36,DEVARAJAN.C,Independent,370,6,Trailing,0,49693,S2236,https://results.eci.gov.in/ResultAcGenMay2026/ConstituencywiseS2236.htm,2026-05-04 15:42:43
UTHIRAMERUR,36,DEVENTHIRAMOORTHY.S,Independent,281,7,Trailing,0,49693,S2236,https://results.eci.gov.in/ResultAcGenMay2026/ConstituencywiseS2236.htm,2026-05-04 15:42:43
UTHIRAMERUR,36,MAGESH KUMAR.T,Independent,141,12,Trailing,0,49693,S2236,https://results.eci.gov.in/ResultAcGenMay2026/ConstituencywiseS2236.htm,2026-05-04 15:42:43
UTHIRAMERUR,36,MAHESWARI.J,Independent,151,11,Trailing,0,49693,S2236,https://results.eci.gov.in/ResultAcGenMay2026/ConstituencywiseS2236.htm,2026-05-04 15:42:43
UTHIRAMERUR,36,NOTA,None of the Above,776,5,Trailing,0,49693,S2236,https://results.eci.gov.in/ResultAcGenMay2026/ConstituencywiseS2236.htm,2026-05-04 15:42:43
VALPARAI,124,UMADEVI. P,Naam Tamilar Katchi,5256,4,Trailing,0,45300,S22124,https://results.eci.gov.in/ResultAcGenMay2026/ConstituencywiseS22124.htm,2026-05-04 15:42:48
VALPARAI,124,KUTTY (ALIAS) SUDHAKAR. A,Dravida Munnetra Kazhagam,54671,1,Leading / Top Candidate,9371,45300,S22124,https://results.eci.gov.in/ResultAcGenMay2026/ConstituencywiseS22124.htm,2026-05-04 15:42:48
VALPARAI,124,LEKSHMANA SINGH. D,All India Anna Dravida Munnetra Kazhagam,43728,3,Trailing,0,45300,S22124,https://results.eci.gov.in/ResultAcGenMay2026/ConstituencywiseS22124.htm,2026-05-04 15:42:48
VALPARAI,124,DR. SRIDHARAN. A,Tamilaga Vettri Kazhagam,45300,2,Runner-up,0,45300,S22124,https://results.eci.gov.in/ResultAcGenMay2026/ConstituencywiseS22124.htm,2026-05-04 15:42:48
VALPARAI,124,PERUMAL. K,Independent,479,6,Trailing,0,45300,S22124,https://results.eci.gov.in/ResultAcGenMay2026/ConstituencywiseS22124.htm,2026-05-04 15:42:48
VALPARAI,124,LAKSHMI. N,Independent,322,7,Trailing,0,45300,S22124,https://results.eci.gov.in/ResultAcGenMay2026/ConstituencywiseS22124.htm,2026-05-04 15:42:48
VALPARAI,124,NOTA,None of the Above,675,5,Trailing,0,45300,S22124,https://results.eci.gov.in/ResultAcGenMay2026/ConstituencywiseS22124.htm,2026-05-04 15:42:48
VANDAVASI,69,AMBETHKUMAR. S,Dravida Munnetra Kazhagam,46173,1,Leading / Top Candidate,3617,42556,S2269,https://results.eci.gov.in/ResultAcGenMay2026/ConstituencywiseS2269.htm,2026-05-04 15:42:52
VANDAVASI,69,GANESH. R,Naam Tamilar Katchi,3699,4,Trailing,0,42556,S2269,https://results.eci.gov.in/ResultAcGenMay2026/ConstituencywiseS2269.htm,2026-05-04 15:42:52
VANDAVASI,69,RANI. P,All India Anna Dravida Munnetra Kazhagam,42556,2,Runner-up,0,42556,S2269,https://results.eci.gov.in/ResultAcGenMay2026/ConstituencywiseS2269.htm,2026-05-04 15:42:52
VANDAVASI,69,UDHAYAKUMAR. M,Tamilaga Vettri Kazhagam,42267,3,Trailing,0,42556,S2269,https://results.eci.gov.in/ResultAcGenMay2026/ConstituencywiseS2269.htm,2026-05-04 15:42:52
VANDAVASI,69,THAMARAI SELVI. S,Tamizhaga Vaazhvurimai Katchi,187,9,Trailing,0,42556,S2269,https://results.eci.gov.in/ResultAcGenMay2026/ConstituencywiseS2269.htm,2026-05-04 15:42:52
VANDAVASI,69,MUTHUSELVAM. V,Anti Corruption Dynamic Party,76,13,Trailing,0,42556,S2269,https://results.eci.gov.in/ResultAcGenMay2026/ConstituencywiseS2269.htm,2026-05-04 15:42:52
VANDAVASI,69,MUTHUPERUMAL. K,Aanaithinthiya Jananayaka Pathukappu Kazhagam,94,11,Trailing,0,42556,S2269,https://results.eci.gov.in/ResultAcGenMay2026/ConstituencywiseS2269.htm,2026-05-04 15:42:52
VANDAVASI,69,RAKESH SHARMA. R,Thakkam Katchi,42,15,Trailing,0,42556,S2269,https://results.eci.gov.in/ResultAcGenMay2026/ConstituencywiseS2269.htm,2026-05-04 15:42:52
VANDAVASI,69,AMBEDKAR. T,Independent,47,14,Trailing,0,42556,S2269,https://results.eci.gov.in/ResultAcGenMay2026/ConstituencywiseS2269.htm,2026-05-04 15:42:52
VANDAVASI,69,ARJUNAN. M,Independent,31,16,Trailing,0,42556,S2269,https://results.eci.gov.in/ResultAcGenMay2026/ConstituencywiseS2269.htm,2026-05-04 15:42:52
VANDAVASI,69,UDHAYAKUMAR. N,Independent,114,10,Trailing,0,42556,S2269,https://results.eci.gov.in/ResultAcGenMay2026/ConstituencywiseS2269.htm,2026-05-04 15:42:52
VANDAVASI,69,KANNIYAPPAN. S,Independent,84,12,Trailing,0,42556,S2269,https://results.eci.gov.in/ResultAcGenMay2026/ConstituencywiseS2269.htm,2026-05-04 15:42:52
VANDAVASI,69,PONNAMBALAM. P,Independent,195,8,Trailing,0,42556,S2269,https://results.eci.gov.in/ResultAcGenMay2026/ConstituencywiseS2269.htm,2026-05-04 15:42:52
VANDAVASI,69,RANI. A,Independent,458,6,Trailing,0,42556,S2269,https://results.eci.gov.in/ResultAcGenMay2026/ConstituencywiseS2269.htm,2026-05-04 15:42:52
VANDAVASI,69,JAISANKAR. M,Independent,229,7,Trailing,0,42556,S2269,https://results.eci.gov.in/ResultAcGenMay2026/ConstituencywiseS2269.htm,2026-05-04 15:42:52
VANDAVASI,69,NOTA,None of the Above,675,5,Trailing,0,42556,S2269,https://results.eci.gov.in/ResultAcGenMay2026/ConstituencywiseS2269.htm,2026-05-04 15:42:52
VANIYAMBADI,47,SUBRAMANI.P,Bahujan Samaj Party,561,6,Trailing,0,65095,S2247,https://results.eci.gov.in/ResultAcGenMay2026/ConstituencywiseS2247.htm,2026-05-04 15:42:56
VANIYAMBADI,47,SENDHIL KUMAR.G,All India Anna Dravida Munnetra Kazhagam,56892,3,Trailing,0,65095,S2247,https://results.eci.gov.in/ResultAcGenMay2026/ConstituencywiseS2247.htm,2026-05-04 15:42:56
VANIYAMBADI,47,MURUGESAN.G,Naam Tamilar Katchi,4480,4,Trailing,0,65095,S2247,https://results.eci.gov.in/ResultAcGenMay2026/ConstituencywiseS2247.htm,2026-05-04 15:42:56
VANIYAMBADI,47,ANBARASU.P,Aanaithinthiya Jananayaka Pathukappu Kazhagam,215,8,Trailing,0,65095,S2247,https://results.eci.gov.in/ResultAcGenMay2026/ConstituencywiseS2247.htm,2026-05-04 15:42:56
VANIYAMBADI,47,SUNDARAMMAL,Makkal Arasial Katchi,490,7,Trailing,0,65095,S2247,https://results.eci.gov.in/ResultAcGenMay2026/ConstituencywiseS2247.htm,2026-05-04 15:42:56
VANIYAMBADI,47,SYED FAROOQ BASHA SSB,Indian Union Muslim League,70168,1,Leading / Top Candidate,5073,65095,S2247,https://results.eci.gov.in/ResultAcGenMay2026/ConstituencywiseS2247.htm,2026-05-04 15:42:56
VANIYAMBADI,47,SYED BHURHANUDEEN,Tamilaga Vettri Kazhagam,65095,2,Runner-up,0,65095,S2247,https://results.eci.gov.in/ResultAcGenMay2026/ConstituencywiseS2247.htm,2026-05-04 15:42:56
VANIYAMBADI,47,DEVENDRAN.J,Tamizhaga Vaazhvurimai Katchi,184,10,Trailing,0,65095,S2247,https://results.eci.gov.in/ResultAcGenMay2026/ConstituencywiseS2247.htm,2026-05-04 15:42:56
VANIYAMBADI,47,ABDUL WAHID.A,Independent,99,15,Trailing,0,65095,S2247,https://results.eci.gov.in/ResultAcGenMay2026/ConstituencywiseS2247.htm,2026-05-04 15:42:56
VANIYAMBADI,47,SRINIVASAN.A,Independent,149,13,Trailing,0,65095,S2247,https://results.eci.gov.in/ResultAcGenMay2026/ConstituencywiseS2247.htm,2026-05-04 15:42:56
VANIYAMBADI,47,SELVARAJ.M,Independent,99,16,Trailing,0,65095,S2247,https://results.eci.gov.in/ResultAcGenMay2026/ConstituencywiseS2247.htm,2026-05-04 15:42:56
VANIYAMBADI,47,NAVEEN.R,Independent,150,12,Trailing,0,65095,S2247,https://results.eci.gov.in/ResultAcGenMay2026/ConstituencywiseS2247.htm,2026-05-04 15:42:56
VANIYAMBADI,47,MANJUNATH.K,Independent,133,14,Trailing,0,65095,S2247,https://results.eci.gov.in/ResultAcGenMay2026/ConstituencywiseS2247.htm,2026-05-04 15:42:56
VANIYAMBADI,47,MANOJ.S,Independent,158,11,Trailing,0,65095,S2247,https://results.eci.gov.in/ResultAcGenMay2026/ConstituencywiseS2247.htm,2026-05-04 15:42:56
VANIYAMBADI,47,RAJESH.T,Independent,198,9,Trailing,0,65095,S2247,https://results.eci.gov.in/ResultAcGenMay2026/ConstituencywiseS2247.htm,2026-05-04 15:42:56
VANIYAMBADI,47,NOTA,None of the Above,595,5,Trailing,0,65095,S2247,https://results.eci.gov.in/ResultAcGenMay2026/ConstituencywiseS2247.htm,2026-05-04 15:42:56
VANUR,73,KARIKALAN B,Naam Tamilar Katchi,3166,4,Trailing,0,41108,S2273,https://results.eci.gov.in/ResultAcGenMay2026/ConstituencywiseS2273.htm,2026-05-04 15:43:01
VANUR,73,GOWTHAM D,Dravida Munnetra Kazhagam,44753,1,Leading / Top Candidate,3645,41108,S2273,https://results.eci.gov.in/ResultAcGenMay2026/ConstituencywiseS2273.htm,2026-05-04 15:43:01
VANUR,73,MURUGAN P,All India Anna Dravida Munnetra Kazhagam,34127,3,Trailing,0,41108,S2273,https://results.eci.gov.in/ResultAcGenMay2026/ConstituencywiseS2273.htm,2026-05-04 15:43:01
VANUR,73,VINAYAGAMOORTHY M,Bahujan Samaj Party,156,8,Trailing,0,41108,S2273,https://results.eci.gov.in/ResultAcGenMay2026/ConstituencywiseS2273.htm,2026-05-04 15:43:01
VANUR,73,ANANDAKUMAR P M,Thakkam Katchi,67,12,Trailing,0,41108,S2273,https://results.eci.gov.in/ResultAcGenMay2026/ConstituencywiseS2273.htm,2026-05-04 15:43:01
VANUR,73,SAKTHIVEL S,Tamizhaga Vaazhvurimai Katchi,158,7,Trailing,0,41108,S2273,https://results.eci.gov.in/ResultAcGenMay2026/ConstituencywiseS2273.htm,2026-05-04 15:43:01
VANUR,73,SURESH P,Tamilaga Vettri Kazhagam,41108,2,Runner-up,0,41108,S2273,https://results.eci.gov.in/ResultAcGenMay2026/ConstituencywiseS2273.htm,2026-05-04 15:43:01
VANUR,73,AYYANAR E,Independent,65,13,Trailing,0,41108,S2273,https://results.eci.gov.in/ResultAcGenMay2026/ConstituencywiseS2273.htm,2026-05-04 15:43:01
VANUR,73,SATHYARAMAN P,Independent,117,10,Trailing,0,41108,S2273,https://results.eci.gov.in/ResultAcGenMay2026/ConstituencywiseS2273.htm,2026-05-04 15:43:01
VANUR,73,SIVAKUMAR R,Independent,69,11,Trailing,0,41108,S2273,https://results.eci.gov.in/ResultAcGenMay2026/ConstituencywiseS2273.htm,2026-05-04 15:43:01
VANUR,73,SURESH C V,Independent,43,15,Trailing,0,41108,S2273,https://results.eci.gov.in/ResultAcGenMay2026/ConstituencywiseS2273.htm,2026-05-04 15:43:01
VANUR,73,THANGARASU N,Independent,32,16,Trailing,0,41108,S2273,https://results.eci.gov.in/ResultAcGenMay2026/ConstituencywiseS2273.htm,2026-05-04 15:43:01
VANUR,73,MURALI M,Independent,62,14,Trailing,0,41108,S2273,https://results.eci.gov.in/ResultAcGenMay2026/ConstituencywiseS2273.htm,2026-05-04 15:43:01
VANUR,73,RADHIKA S,Independent,132,9,Trailing,0,41108,S2273,https://results.eci.gov.in/ResultAcGenMay2026/ConstituencywiseS2273.htm,2026-05-04 15:43:01
VANUR,73,VETRIVEL G,Independent,380,5,Trailing,0,41108,S2273,https://results.eci.gov.in/ResultAcGenMay2026/ConstituencywiseS2273.htm,2026-05-04 15:43:01
VANUR,73,NOTA,None of the Above,326,6,Trailing,0,41108,S2273,https://results.eci.gov.in/ResultAcGenMay2026/ConstituencywiseS2273.htm,2026-05-04 15:43:01
VASUDEVANALLUR,220,ANANTHAN AYYASAMY,Bharatiya Janata Party,37029,2,Runner-up,0,37029,S22220,https://results.eci.gov.in/ResultAcGenMay2026/ConstituencywiseS22220.htm,2026-05-04 15:43:05
VASUDEVANALLUR,220,ESAI MATHIVANAN,Naam Tamilar Katchi,7998,4,Trailing,0,37029,S22220,https://results.eci.gov.in/ResultAcGenMay2026/ConstituencywiseS22220.htm,2026-05-04 15:43:05
VASUDEVANALLUR,220,R. RAMESHKUMAR,Bahujan Samaj Party,221,13,Trailing,0,37029,S22220,https://results.eci.gov.in/ResultAcGenMay2026/ConstituencywiseS22220.htm,2026-05-04 15:43:05
VASUDEVANALLUR,220,E. RAJA,Dravida Munnetra Kazhagam,43227,1,Leading / Top Candidate,6198,37029,S22220,https://results.eci.gov.in/ResultAcGenMay2026/ConstituencywiseS22220.htm,2026-05-04 15:43:05
VASUDEVANALLUR,220,R. AMUTHARANI,Tamilaga Vettri Kazhagam,31643,3,Trailing,0,37029,S22220,https://results.eci.gov.in/ResultAcGenMay2026/ConstituencywiseS22220.htm,2026-05-04 15:43:05
VASUDEVANALLUR,220,K. PAULRAJ,Puthiya Tamilagam,2657,5,Trailing,0,37029,S22220,https://results.eci.gov.in/ResultAcGenMay2026/ConstituencywiseS22220.htm,2026-05-04 15:43:05
VASUDEVANALLUR,220,A. PONNUTHAI,All India Puratchi Thalaivar Makkal Munnettra Kazhagam,1480,6,Trailing,0,37029,S22220,https://results.eci.gov.in/ResultAcGenMay2026/ConstituencywiseS22220.htm,2026-05-04 15:43:05
VASUDEVANALLUR,220,K. RAJENDRAN,Puthiya Makkal Tamil Desam Katchi,93,17,Trailing,0,37029,S22220,https://results.eci.gov.in/ResultAcGenMay2026/ConstituencywiseS22220.htm,2026-05-04 15:43:05
VASUDEVANALLUR,220,B. VEERALAKSHMI,Tamilaga Makkal Nala Katchi,69,19,Trailing,0,37029,S22220,https://results.eci.gov.in/ResultAcGenMay2026/ConstituencywiseS22220.htm,2026-05-04 15:43:05
VASUDEVANALLUR,220,M. ARUMUGASAMY,Independent,83,18,Trailing,0,37029,S22220,https://results.eci.gov.in/ResultAcGenMay2026/ConstituencywiseS22220.htm,2026-05-04 15:43:05
VASUDEVANALLUR,220,P. KARPAGAVALLI,Independent,325,11,Trailing,0,37029,S22220,https://results.eci.gov.in/ResultAcGenMay2026/ConstituencywiseS22220.htm,2026-05-04 15:43:05
VASUDEVANALLUR,220,I. SARAVANAN,Independent,257,12,Trailing,0,37029,S22220,https://results.eci.gov.in/ResultAcGenMay2026/ConstituencywiseS22220.htm,2026-05-04 15:43:05
VASUDEVANALLUR,220,SENTHILKUMAR,Independent,485,8,Trailing,0,37029,S22220,https://results.eci.gov.in/ResultAcGenMay2026/ConstituencywiseS22220.htm,2026-05-04 15:43:05
VASUDEVANALLUR,220,SELVARAJ .C,Independent,108,16,Trailing,0,37029,S22220,https://results.eci.gov.in/ResultAcGenMay2026/ConstituencywiseS22220.htm,2026-05-04 15:43:05
VASUDEVANALLUR,220,K. NAGARAJAN,Independent,181,14,Trailing,0,37029,S22220,https://results.eci.gov.in/ResultAcGenMay2026/ConstituencywiseS22220.htm,2026-05-04 15:43:05
VASUDEVANALLUR,220,A. PALANIKUMAR,Independent,674,7,Trailing,0,37029,S22220,https://results.eci.gov.in/ResultAcGenMay2026/ConstituencywiseS22220.htm,2026-05-04 15:43:05
VASUDEVANALLUR,220,PRABAKARAN .R,Independent,367,10,Trailing,0,37029,S22220,https://results.eci.gov.in/ResultAcGenMay2026/ConstituencywiseS22220.htm,2026-05-04 15:43:05
VASUDEVANALLUR,220,K. RAMACHANDRAN,Independent,120,15,Trailing,0,37029,S22220,https://results.eci.gov.in/ResultAcGenMay2026/ConstituencywiseS22220.htm,2026-05-04 15:43:05
VASUDEVANALLUR,220,NOTA,None of the Above,425,9,Trailing,0,37029,S22220,https://results.eci.gov.in/ResultAcGenMay2026/ConstituencywiseS22220.htm,2026-05-04 15:43:05
VEDARANYAM,165,KARTHICK. T,Naam Tamilar Katchi,8043,4,Trailing,0,39007,S22165,https://results.eci.gov.in/ResultAcGenMay2026/ConstituencywiseS22165.htm,2026-05-04 15:43:09
VEDARANYAM,165,PUGAZHENDI. M,Dravida Munnetra Kazhagam,39007,2,Runner-up,0,39007,S22165,https://results.eci.gov.in/ResultAcGenMay2026/ConstituencywiseS22165.htm,2026-05-04 15:43:09
VEDARANYAM,165,MANIAN. O.S,All India Anna Dravida Munnetra Kazhagam,44891,1,Leading / Top Candidate,5884,39007,S22165,https://results.eci.gov.in/ResultAcGenMay2026/ConstituencywiseS22165.htm,2026-05-04 15:43:09
VEDARANYAM,165,KINGSLY GERALD. A,Tamilaga Vettri Kazhagam,28790,3,Trailing,0,39007,S22165,https://results.eci.gov.in/ResultAcGenMay2026/ConstituencywiseS22165.htm,2026-05-04 15:43:09
VEDARANYAM,165,LINGESWARAN. M,All India Puratchi Thalaivar Makkal Munnettra Kazhagam,264,7,Trailing,0,39007,S22165,https://results.eci.gov.in/ResultAcGenMay2026/ConstituencywiseS22165.htm,2026-05-04 15:43:09
VEDARANYAM,165,RAJASIMMAN. D,Independent,225,9,Trailing,0,39007,S22165,https://results.eci.gov.in/ResultAcGenMay2026/ConstituencywiseS22165.htm,2026-05-04 15:43:09
VEDARANYAM,165,GOWTHAMAN. M,Independent,153,11,Trailing,0,39007,S22165,https://results.eci.gov.in/ResultAcGenMay2026/ConstituencywiseS22165.htm,2026-05-04 15:43:09
VEDARANYAM,165,SATHIYASEELAN. M,Independent,160,10,Trailing,0,39007,S22165,https://results.eci.gov.in/ResultAcGenMay2026/ConstituencywiseS22165.htm,2026-05-04 15:43:09
VEDARANYAM,165,SELVAKUMAR. S,Independent,118,12,Trailing,0,39007,S22165,https://results.eci.gov.in/ResultAcGenMay2026/ConstituencywiseS22165.htm,2026-05-04 15:43:09
VEDARANYAM,165,THIVASKAR. B,Independent,255,8,Trailing,0,39007,S22165,https://results.eci.gov.in/ResultAcGenMay2026/ConstituencywiseS22165.htm,2026-05-04 15:43:09
VEDARANYAM,165,VEERAKUMAR. V,Independent,281,6,Trailing,0,39007,S22165,https://results.eci.gov.in/ResultAcGenMay2026/ConstituencywiseS22165.htm,2026-05-04 15:43:09
VEDARANYAM,165,NOTA,None of the Above,429,5,Trailing,0,39007,S22165,https://results.eci.gov.in/ResultAcGenMay2026/ConstituencywiseS22165.htm,2026-05-04 15:43:09
VEDASANDUR,133,KHAJA HUSSAIN AHAMED. A,Naam Tamilar Katchi,4200,4,Trailing,0,44209,S22133,https://results.eci.gov.in/ResultAcGenMay2026/ConstituencywiseS22133.htm,2026-05-04 15:43:14
VEDASANDUR,133,SAMINATHAN. T,Dravida Munnetra Kazhagam,52379,1,Leading / Top Candidate,8170,44209,S22133,https://results.eci.gov.in/ResultAcGenMay2026/ConstituencywiseS22133.htm,2026-05-04 15:43:14
VEDASANDUR,133,PARAMASIVAM. V.P.B.,All India Anna Dravida Munnetra Kazhagam,44209,2,Runner-up,0,44209,S22133,https://results.eci.gov.in/ResultAcGenMay2026/ConstituencywiseS22133.htm,2026-05-04 15:43:14
VEDASANDUR,133,DR.NAKAJOTHI. N,Tamilaga Vettri Kazhagam,33984,3,Trailing,0,44209,S22133,https://results.eci.gov.in/ResultAcGenMay2026/ConstituencywiseS22133.htm,2026-05-04 15:43:14
VEDASANDUR,133,BOOMIRAJ. K,Samaniya Makkal Nala Katchi,126,9,Trailing,0,44209,S22133,https://results.eci.gov.in/ResultAcGenMay2026/ConstituencywiseS22133.htm,2026-05-04 15:43:14
VEDASANDUR,133,RAMESH. T,Tamizhaga Vaazhvurimai Katchi,87,12,Trailing,0,44209,S22133,https://results.eci.gov.in/ResultAcGenMay2026/ConstituencywiseS22133.htm,2026-05-04 15:43:14
VEDASANDUR,133,RAVI. R,Communist Party of India (Marxist-Leninist) (Liberation),95,11,Trailing,0,44209,S22133,https://results.eci.gov.in/ResultAcGenMay2026/ConstituencywiseS22133.htm,2026-05-04 15:43:14
VEDASANDUR,133,SURESH. B,Independent,41,15,Trailing,0,44209,S22133,https://results.eci.gov.in/ResultAcGenMay2026/ConstituencywiseS22133.htm,2026-05-04 15:43:14
VEDASANDUR,133,SELVARAJ. V,Independent,55,13,Trailing,0,44209,S22133,https://results.eci.gov.in/ResultAcGenMay2026/ConstituencywiseS22133.htm,2026-05-04 15:43:14
VEDASANDUR,133,DHIVAKAR. A,Independent,31,16,Trailing,0,44209,S22133,https://results.eci.gov.in/ResultAcGenMay2026/ConstituencywiseS22133.htm,2026-05-04 15:43:14
VEDASANDUR,133,NATCHIMUTHU. R,Independent,44,14,Trailing,0,44209,S22133,https://results.eci.gov.in/ResultAcGenMay2026/ConstituencywiseS22133.htm,2026-05-04 15:43:14
VEDASANDUR,133,MANIKANDAPRABHU. N C,Independent,170,8,Trailing,0,44209,S22133,https://results.eci.gov.in/ResultAcGenMay2026/ConstituencywiseS22133.htm,2026-05-04 15:43:14
VEDASANDUR,133,MANEESHANKAR. M.G.,Independent,106,10,Trailing,0,44209,S22133,https://results.eci.gov.in/ResultAcGenMay2026/ConstituencywiseS22133.htm,2026-05-04 15:43:14
VEDASANDUR,133,MARIMUTHU. S,Independent,204,7,Trailing,0,44209,S22133,https://results.eci.gov.in/ResultAcGenMay2026/ConstituencywiseS22133.htm,2026-05-04 15:43:14
VEDASANDUR,133,MURUGAN. V,Independent,442,5,Trailing,0,44209,S22133,https://results.eci.gov.in/ResultAcGenMay2026/ConstituencywiseS22133.htm,2026-05-04 15:43:14
VEDASANDUR,133,NOTA,None of the Above,287,6,Trailing,0,44209,S22133,https://results.eci.gov.in/ResultAcGenMay2026/ConstituencywiseS22133.htm,2026-05-04 15:43:14
VEERAPANDI,91,THARUN. A.K,Dravida Munnetra Kazhagam,43679,3,Trailing,0,47226,S2291,https://results.eci.gov.in/ResultAcGenMay2026/ConstituencywiseS2291.htm,2026-05-04 15:43:18
VEERAPANDI,91,RAJESHKUMAR. S,Naam Tamilar Katchi,4505,4,Trailing,0,47226,S2291,https://results.eci.gov.in/ResultAcGenMay2026/ConstituencywiseS2291.htm,2026-05-04 15:43:18
VEERAPANDI,91,SRI BALAJI SUGUMAR. S,All India Anna Dravida Munnetra Kazhagam,47226,2,Runner-up,0,47226,S2291,https://results.eci.gov.in/ResultAcGenMay2026/ConstituencywiseS2291.htm,2026-05-04 15:43:18
VEERAPANDI,91,ANBAZHAGAN. P,Communist Party of India (Marxist-Leninist) (Liberation),277,7,Trailing,0,47226,S2291,https://results.eci.gov.in/ResultAcGenMay2026/ConstituencywiseS2291.htm,2026-05-04 15:43:18
VEERAPANDI,91,SAKTHIVEL. M,Naadaalum Makkal Katchi,229,9,Trailing,0,47226,S2291,https://results.eci.gov.in/ResultAcGenMay2026/ConstituencywiseS2291.htm,2026-05-04 15:43:18
VEERAPANDI,91,PALANIVEL. M.S,Tamilaga Vettri Kazhagam,51527,1,Leading / Top Candidate,4301,47226,S2291,https://results.eci.gov.in/ResultAcGenMay2026/ConstituencywiseS2291.htm,2026-05-04 15:43:18
VEERAPANDI,91,BRAMAMOORTHI. M,Tamizhaga Vaazhvurimai Katchi,555,5,Trailing,0,47226,S2291,https://results.eci.gov.in/ResultAcGenMay2026/ConstituencywiseS2291.htm,2026-05-04 15:43:18
VEERAPANDI,91,INDRAJITH GUPTHA. G,Independent,96,12,Trailing,0,47226,S2291,https://results.eci.gov.in/ResultAcGenMay2026/ConstituencywiseS2291.htm,2026-05-04 15:43:18
VEERAPANDI,91,KAVITHA. M.P,Independent,34,19,Trailing,0,47226,S2291,https://results.eci.gov.in/ResultAcGenMay2026/ConstituencywiseS2291.htm,2026-05-04 15:43:18
VEERAPANDI,91,KARTHI. R,Independent,51,17,Trailing,0,47226,S2291,https://results.eci.gov.in/ResultAcGenMay2026/ConstituencywiseS2291.htm,2026-05-04 15:43:18
VEERAPANDI,91,GOPI. R,Independent,58,15,Trailing,0,47226,S2291,https://results.eci.gov.in/ResultAcGenMay2026/ConstituencywiseS2291.htm,2026-05-04 15:43:18
VEERAPANDI,91,GOPINATH. B,Independent,34,20,Trailing,0,47226,S2291,https://results.eci.gov.in/ResultAcGenMay2026/ConstituencywiseS2291.htm,2026-05-04 15:43:18
VEERAPANDI,91,SENTHILKUMAR. M,Independent,88,14,Trailing,0,47226,S2291,https://results.eci.gov.in/ResultAcGenMay2026/ConstituencywiseS2291.htm,2026-05-04 15:43:18
VEERAPANDI,91,TAMILARASAN. D,Independent,91,13,Trailing,0,47226,S2291,https://results.eci.gov.in/ResultAcGenMay2026/ConstituencywiseS2291.htm,2026-05-04 15:43:18
VEERAPANDI,91,DEVENDHIRAPRABU. M,Independent,57,16,Trailing,0,47226,S2291,https://results.eci.gov.in/ResultAcGenMay2026/ConstituencywiseS2291.htm,2026-05-04 15:43:18
VEERAPANDI,91,PALANISAMY. P,Independent,256,8,Trailing,0,47226,S2291,https://results.eci.gov.in/ResultAcGenMay2026/ConstituencywiseS2291.htm,2026-05-04 15:43:18
VEERAPANDI,91,PRABHU. V,Independent,190,10,Trailing,0,47226,S2291,https://results.eci.gov.in/ResultAcGenMay2026/ConstituencywiseS2291.htm,2026-05-04 15:43:18
VEERAPANDI,91,RANGANATHAN. D,Independent,25,21,Trailing,0,47226,S2291,https://results.eci.gov.in/ResultAcGenMay2026/ConstituencywiseS2291.htm,2026-05-04 15:43:18
VEERAPANDI,91,VAIDESSWARA PRASAD. N,Independent,112,11,Trailing,0,47226,S2291,https://results.eci.gov.in/ResultAcGenMay2026/ConstituencywiseS2291.htm,2026-05-04 15:43:18
VEERAPANDI,91,JAYAVEL. M,Independent,44,18,Trailing,0,47226,S2291,https://results.eci.gov.in/ResultAcGenMay2026/ConstituencywiseS2291.htm,2026-05-04 15:43:18
VEERAPANDI,91,NOTA,None of the Above,368,6,Trailing,0,47226,S2291,https://results.eci.gov.in/ResultAcGenMay2026/ConstituencywiseS2291.htm,2026-05-04 15:43:18
VELACHERY,26,AASSAN MAULAANA J.M.H,Indian National Congress,34837,3,Trailing,0,35225,S2226,https://results.eci.gov.in/ResultAcGenMay2026/ConstituencywiseS2226.htm,2026-05-04 15:43:22
VELACHERY,26,ASHOK. M.K,All India Anna Dravida Munnetra Kazhagam,35225,2,Runner-up,0,35225,S2226,https://results.eci.gov.in/ResultAcGenMay2026/ConstituencywiseS2226.htm,2026-05-04 15:43:22
VELACHERY,26,KEERTHANA. M,Naam Tamilar Katchi,5780,4,Trailing,0,35225,S2226,https://results.eci.gov.in/ResultAcGenMay2026/ConstituencywiseS2226.htm,2026-05-04 15:43:22
VELACHERY,26,MOHANRAJ. K,Bahujan Samaj Party,179,6,Trailing,0,35225,S2226,https://results.eci.gov.in/ResultAcGenMay2026/ConstituencywiseS2226.htm,2026-05-04 15:43:22
VELACHERY,26,KANCHANA. R,Tamizhaga Murpokku Makkal Katchi,156,8,Trailing,0,35225,S2226,https://results.eci.gov.in/ResultAcGenMay2026/ConstituencywiseS2226.htm,2026-05-04 15:43:22
VELACHERY,26,KUMAR. R,Tamilaga Vettri Kazhagam,61909,1,Leading / Top Candidate,26684,35225,S2226,https://results.eci.gov.in/ResultAcGenMay2026/ConstituencywiseS2226.htm,2026-05-04 15:43:22
VELACHERY,26,POYYAMOZHI. M,Proutist Sarva Samaj,98,13,Trailing,0,35225,S2226,https://results.eci.gov.in/ResultAcGenMay2026/ConstituencywiseS2226.htm,2026-05-04 15:43:22
VELACHERY,26,MANI. M,Veerath Thiyagi Viswanathadoss Thozhilalarkal Katchi,106,10,Trailing,0,35225,S2226,https://results.eci.gov.in/ResultAcGenMay2026/ConstituencywiseS2226.htm,2026-05-04 15:43:22
VELACHERY,26,MOHAMED YASEEN. I,Thakkam Katchi,38,23,Trailing,0,35225,S2226,https://results.eci.gov.in/ResultAcGenMay2026/ConstituencywiseS2226.htm,2026-05-04 15:43:22
VELACHERY,26,ROKESH KUMAR. V,Tamizhaga Vaazhvurimai Katchi,97,15,Trailing,0,35225,S2226,https://results.eci.gov.in/ResultAcGenMay2026/ConstituencywiseS2226.htm,2026-05-04 15:43:22
VELACHERY,26,ASHOK. M,Independent,64,17,Trailing,0,35225,S2226,https://results.eci.gov.in/ResultAcGenMay2026/ConstituencywiseS2226.htm,2026-05-04 15:43:22
VELACHERY,26,AZARUTHEEN. M,Independent,46,21,Trailing,0,35225,S2226,https://results.eci.gov.in/ResultAcGenMay2026/ConstituencywiseS2226.htm,2026-05-04 15:43:22
VELACHERY,26,AHAMMED NAZEER KHAN,Independent,15,27,Trailing,0,35225,S2226,https://results.eci.gov.in/ResultAcGenMay2026/ConstituencywiseS2226.htm,2026-05-04 15:43:22
VELACHERY,26,KANNAN. K,Independent,65,16,Trailing,0,35225,S2226,https://results.eci.gov.in/ResultAcGenMay2026/ConstituencywiseS2226.htm,2026-05-04 15:43:22
VELACHERY,26,KALA PETHACHI,Independent,172,7,Trailing,0,35225,S2226,https://results.eci.gov.in/ResultAcGenMay2026/ConstituencywiseS2226.htm,2026-05-04 15:43:22
VELACHERY,26,SARABESHWAR SISU. P,Independent,98,14,Trailing,0,35225,S2226,https://results.eci.gov.in/ResultAcGenMay2026/ConstituencywiseS2226.htm,2026-05-04 15:43:22
VELACHERY,26,SURESH K,Independent,104,11,Trailing,0,35225,S2226,https://results.eci.gov.in/ResultAcGenMay2026/ConstituencywiseS2226.htm,2026-05-04 15:43:22
VELACHERY,26,DIWAKAR. R,Independent,99,12,Trailing,0,35225,S2226,https://results.eci.gov.in/ResultAcGenMay2026/ConstituencywiseS2226.htm,2026-05-04 15:43:22
VELACHERY,26,DEEPAK RAVI,Independent,20,26,Trailing,0,35225,S2226,https://results.eci.gov.in/ResultAcGenMay2026/ConstituencywiseS2226.htm,2026-05-04 15:43:22
VELACHERY,26,BHASKAR. G,Independent,35,24,Trailing,0,35225,S2226,https://results.eci.gov.in/ResultAcGenMay2026/ConstituencywiseS2226.htm,2026-05-04 15:43:22
VELACHERY,26,MOHAN. R,Independent,27,25,Trailing,0,35225,S2226,https://results.eci.gov.in/ResultAcGenMay2026/ConstituencywiseS2226.htm,2026-05-04 15:43:22
VELACHERY,26,RADHAKRISHNAN. D.R,Independent,112,9,Trailing,0,35225,S2226,https://results.eci.gov.in/ResultAcGenMay2026/ConstituencywiseS2226.htm,2026-05-04 15:43:22
VELACHERY,26,RAJASEKAR. S,Independent,43,22,Trailing,0,35225,S2226,https://results.eci.gov.in/ResultAcGenMay2026/ConstituencywiseS2226.htm,2026-05-04 15:43:22
VELACHERY,26,RITISH,Independent,3,28,Trailing,0,35225,S2226,https://results.eci.gov.in/ResultAcGenMay2026/ConstituencywiseS2226.htm,2026-05-04 15:43:22
VELACHERY,26,VIGNESH. M,Independent,59,18,Trailing,0,35225,S2226,https://results.eci.gov.in/ResultAcGenMay2026/ConstituencywiseS2226.htm,2026-05-04 15:43:22
VELACHERY,26,VIGNESH. R,Independent,53,20,Trailing,0,35225,S2226,https://results.eci.gov.in/ResultAcGenMay2026/ConstituencywiseS2226.htm,2026-05-04 15:43:22
VELACHERY,26,JANAGARAJ RAVI GUNASEELAN,Independent,57,19,Trailing,0,35225,S2226,https://results.eci.gov.in/ResultAcGenMay2026/ConstituencywiseS2226.htm,2026-05-04 15:43:22
VELACHERY,26,NOTA,None of the Above,998,5,Trailing,0,35225,S2226,https://results.eci.gov.in/ResultAcGenMay2026/ConstituencywiseS2226.htm,2026-05-04 15:43:22
VELLORE,43,S R K APPU,All India Anna Dravida Munnetra Kazhagam,34337,3,Trailing,0,53563,S2243,https://results.eci.gov.in/ResultAcGenMay2026/ConstituencywiseS2243.htm,2026-05-04 15:43:27
VELLORE,43,P.KARTHIKEYAN,Dravida Munnetra Kazhagam,53563,2,Runner-up,0,53563,S2243,https://results.eci.gov.in/ResultAcGenMay2026/ConstituencywiseS2243.htm,2026-05-04 15:43:27
VELLORE,43,A.SONIYA,Naam Tamilar Katchi,2651,4,Trailing,0,53563,S2243,https://results.eci.gov.in/ResultAcGenMay2026/ConstituencywiseS2243.htm,2026-05-04 15:43:27
VELLORE,43,S.M.IRSHAD,Tamizhaga Vaazhvurimai Katchi,95,10,Trailing,0,53563,S2243,https://results.eci.gov.in/ResultAcGenMay2026/ConstituencywiseS2243.htm,2026-05-04 15:43:27
VELLORE,43,S.GIRIDHARA PRASAD,Party for the Rights of Other backward Classes,78,12,Trailing,0,53563,S2243,https://results.eci.gov.in/ResultAcGenMay2026/ConstituencywiseS2243.htm,2026-05-04 15:43:27
VELLORE,43,K.MUNIYAPPAN,ALL PENSIONER'S PARTY,45,14,Trailing,0,53563,S2243,https://results.eci.gov.in/ResultAcGenMay2026/ConstituencywiseS2243.htm,2026-05-04 15:43:27
VELLORE,43,K.M.VINAAYAGAM,Viro Ke Vir Indian Party,59,13,Trailing,0,53563,S2243,https://results.eci.gov.in/ResultAcGenMay2026/ConstituencywiseS2243.htm,2026-05-04 15:43:27
VELLORE,43,K.VIMALA,Naam Indiar Party,153,7,Trailing,0,53563,S2243,https://results.eci.gov.in/ResultAcGenMay2026/ConstituencywiseS2243.htm,2026-05-04 15:43:27
VELLORE,43,M.M.VINOTH KANNAN,Tamilaga Vettri Kazhagam,55958,1,Leading / Top Candidate,2395,53563,S2243,https://results.eci.gov.in/ResultAcGenMay2026/ConstituencywiseS2243.htm,2026-05-04 15:43:27
VELLORE,43,M.VINOTHKUMAR,Anna MGR Dravida Makkal Kalgam,105,8,Trailing,0,53563,S2243,https://results.eci.gov.in/ResultAcGenMay2026/ConstituencywiseS2243.htm,2026-05-04 15:43:27
VELLORE,43,S.APPU,Independent,79,11,Trailing,0,53563,S2243,https://results.eci.gov.in/ResultAcGenMay2026/ConstituencywiseS2243.htm,2026-05-04 15:43:27
VELLORE,43,S.MADHAN KUMAR,Independent,100,9,Trailing,0,53563,S2243,https://results.eci.gov.in/ResultAcGenMay2026/ConstituencywiseS2243.htm,2026-05-04 15:43:27
VELLORE,43,S.RAJKAMAL,Independent,41,16,Trailing,0,53563,S2243,https://results.eci.gov.in/ResultAcGenMay2026/ConstituencywiseS2243.htm,2026-05-04 15:43:27
VELLORE,43,M.LOGANATHAN,Independent,44,15,Trailing,0,53563,S2243,https://results.eci.gov.in/ResultAcGenMay2026/ConstituencywiseS2243.htm,2026-05-04 15:43:27
VELLORE,43,U.VIJAYA KUMAR,Independent,154,6,Trailing,0,53563,S2243,https://results.eci.gov.in/ResultAcGenMay2026/ConstituencywiseS2243.htm,2026-05-04 15:43:27
VELLORE,43,NOTA,None of the Above,532,5,Trailing,0,53563,S2243,https://results.eci.gov.in/ResultAcGenMay2026/ConstituencywiseS2243.htm,2026-05-04 15:43:27
VEPPANAHALLI,54,SRINIVASAN.P.S,Dravida Munnetra Kazhagam,56234,1,Leading / Top Candidate,361,55873,S2254,https://results.eci.gov.in/ResultAcGenMay2026/ConstituencywiseS2254.htm,2026-05-04 15:43:31
VEPPANAHALLI,54,NAGARAJ.R,Naam Tamilar Katchi,3008,4,Trailing,0,55873,S2254,https://results.eci.gov.in/ResultAcGenMay2026/ConstituencywiseS2254.htm,2026-05-04 15:43:31
VEPPANAHALLI,54,MUNUSAMY.K.P,All India Anna Dravida Munnetra Kazhagam,55873,2,Runner-up,0,55873,S2254,https://results.eci.gov.in/ResultAcGenMay2026/ConstituencywiseS2254.htm,2026-05-04 15:43:31
VEPPANAHALLI,54,IYAPPAN.L,Tamizhaga Vaazhvurimai Katchi,624,6,Trailing,0,55873,S2254,https://results.eci.gov.in/ResultAcGenMay2026/ConstituencywiseS2254.htm,2026-05-04 15:43:31
VEPPANAHALLI,54,SAMPANGI.S.R,Tamilaga Vettri Kazhagam,43659,3,Trailing,0,55873,S2254,https://results.eci.gov.in/ResultAcGenMay2026/ConstituencywiseS2254.htm,2026-05-04 15:43:31
VEPPANAHALLI,54,SENTHILKUMAR.R,Tamil Nadu Ilangyar Katchi,144,11,Trailing,0,55873,S2254,https://results.eci.gov.in/ResultAcGenMay2026/ConstituencywiseS2254.htm,2026-05-04 15:43:31
VEPPANAHALLI,54,PRAJAPATHI VIJAY.C,Tamilar Makkal Katchi,99,14,Trailing,0,55873,S2254,https://results.eci.gov.in/ResultAcGenMay2026/ConstituencywiseS2254.htm,2026-05-04 15:43:31
VEPPANAHALLI,54,ESHWARAN.C,Independent,109,13,Trailing,0,55873,S2254,https://results.eci.gov.in/ResultAcGenMay2026/ConstituencywiseS2254.htm,2026-05-04 15:43:31
VEPPANAHALLI,54,GOVINDARAJ.G.J,Independent,127,12,Trailing,0,55873,S2254,https://results.eci.gov.in/ResultAcGenMay2026/ConstituencywiseS2254.htm,2026-05-04 15:43:31
VEPPANAHALLI,54,MANOHARAN.K.A,Independent,236,9,Trailing,0,55873,S2254,https://results.eci.gov.in/ResultAcGenMay2026/ConstituencywiseS2254.htm,2026-05-04 15:43:31
VEPPANAHALLI,54,YUVARAJ.K.P.U,Independent,197,10,Trailing,0,55873,S2254,https://results.eci.gov.in/ResultAcGenMay2026/ConstituencywiseS2254.htm,2026-05-04 15:43:31
VEPPANAHALLI,54,RAMASAMY.G.C,Independent,340,8,Trailing,0,55873,S2254,https://results.eci.gov.in/ResultAcGenMay2026/ConstituencywiseS2254.htm,2026-05-04 15:43:31
VEPPANAHALLI,54,VENKATESAN.C,Independent,496,7,Trailing,0,55873,S2254,https://results.eci.gov.in/ResultAcGenMay2026/ConstituencywiseS2254.htm,2026-05-04 15:43:31
VEPPANAHALLI,54,NOTA,None of the Above,1115,5,Trailing,0,55873,S2254,https://results.eci.gov.in/ResultAcGenMay2026/ConstituencywiseS2254.htm,2026-05-04 15:43:31
VIKRAVANDI,75,INBARASAN G,Bahujan Samaj Party,226,6,Trailing,0,24680,S2275,https://results.eci.gov.in/ResultAcGenMay2026/ConstituencywiseS2275.htm,2026-05-04 15:43:36
VIKRAVANDI,75,ANNIYUR SIVA @ SIVASHANMUGAM A,Dravida Munnetra Kazhagam,21495,3,Trailing,0,24680,S2275,https://results.eci.gov.in/ResultAcGenMay2026/ConstituencywiseS2275.htm,2026-05-04 15:43:36
VIKRAVANDI,75,SUBHA CHANDRASEKARAN A,Naam Tamilar Katchi,2035,4,Trailing,0,24680,S2275,https://results.eci.gov.in/ResultAcGenMay2026/ConstituencywiseS2275.htm,2026-05-04 15:43:36
VIKRAVANDI,75,SIVAKUMAR C,Pattali Makkal Katchi,24846,1,Leading / Top Candidate,166,24680,S2275,https://results.eci.gov.in/ResultAcGenMay2026/ConstituencywiseS2275.htm,2026-05-04 15:43:36
VIKRAVANDI,75,SETTU C,Tamizhaga Vaazhvurimai Katchi,233,5,Trailing,0,24680,S2275,https://results.eci.gov.in/ResultAcGenMay2026/ConstituencywiseS2275.htm,2026-05-04 15:43:36
VIKRAVANDI,75,THAMIZHVENGAI KA,Desiya Makkal Sakthi Katchi,44,20,Trailing,0,24680,S2275,https://results.eci.gov.in/ResultAcGenMay2026/ConstituencywiseS2275.htm,2026-05-04 15:43:36
VIKRAVANDI,75,BACKIYALAKSHMI C,Thakkam Katchi,51,17,Trailing,0,24680,S2275,https://results.eci.gov.in/ResultAcGenMay2026/ConstituencywiseS2275.htm,2026-05-04 15:43:36
VIKRAVANDI,75,MOHAMMAD SIDDIQ M H,Veerath Thiyagi Viswanathadoss Thozhilalarkal Katchi,31,24,Trailing,0,24680,S2275,https://results.eci.gov.in/ResultAcGenMay2026/ConstituencywiseS2275.htm,2026-05-04 15:43:36
VIKRAVANDI,75,RAMACHANDRAN P,Anti Corruption Dynamic Party,141,9,Trailing,0,24680,S2275,https://results.eci.gov.in/ResultAcGenMay2026/ConstituencywiseS2275.htm,2026-05-04 15:43:36
VIKRAVANDI,75,VIJAI VADIVEL A,Tamilaga Vettri Kazhagam,24680,2,Runner-up,0,24680,S2275,https://results.eci.gov.in/ResultAcGenMay2026/ConstituencywiseS2275.htm,2026-05-04 15:43:36
VIKRAVANDI,75,STALIN D,Aanaithinthiya Jananayaka Pathukappu Kazhagam,52,16,Trailing,0,24680,S2275,https://results.eci.gov.in/ResultAcGenMay2026/ConstituencywiseS2275.htm,2026-05-04 15:43:36
VIKRAVANDI,75,YEASURAJA M,Independent,48,18,Trailing,0,24680,S2275,https://results.eci.gov.in/ResultAcGenMay2026/ConstituencywiseS2275.htm,2026-05-04 15:43:36
VIKRAVANDI,75,GOKUL RAJ B,Independent,84,13,Trailing,0,24680,S2275,https://results.eci.gov.in/ResultAcGenMay2026/ConstituencywiseS2275.htm,2026-05-04 15:43:36
VIKRAVANDI,75,SAKTHIVEL A,Independent,42,21,Trailing,0,24680,S2275,https://results.eci.gov.in/ResultAcGenMay2026/ConstituencywiseS2275.htm,2026-05-04 15:43:36
VIKRAVANDI,75,SANMUGAM B,Independent,162,8,Trailing,0,24680,S2275,https://results.eci.gov.in/ResultAcGenMay2026/ConstituencywiseS2275.htm,2026-05-04 15:43:36
VIKRAVANDI,75,SHANMUGAM P,Independent,105,11,Trailing,0,24680,S2275,https://results.eci.gov.in/ResultAcGenMay2026/ConstituencywiseS2275.htm,2026-05-04 15:43:36
VIKRAVANDI,75,SHANMUGAM R,Independent,59,14,Trailing,0,24680,S2275,https://results.eci.gov.in/ResultAcGenMay2026/ConstituencywiseS2275.htm,2026-05-04 15:43:36
VIKRAVANDI,75,SIVAKUMAR S,Independent,176,7,Trailing,0,24680,S2275,https://results.eci.gov.in/ResultAcGenMay2026/ConstituencywiseS2275.htm,2026-05-04 15:43:36
VIKRAVANDI,75,SELVAKUMAR S,Independent,45,19,Trailing,0,24680,S2275,https://results.eci.gov.in/ResultAcGenMay2026/ConstituencywiseS2275.htm,2026-05-04 15:43:36
VIKRAVANDI,75,TAMILSELVAN D,Independent,98,12,Trailing,0,24680,S2275,https://results.eci.gov.in/ResultAcGenMay2026/ConstituencywiseS2275.htm,2026-05-04 15:43:36
VIKRAVANDI,75,PRABHAKARAN D,Independent,22,25,Trailing,0,24680,S2275,https://results.eci.gov.in/ResultAcGenMay2026/ConstituencywiseS2275.htm,2026-05-04 15:43:36
VIKRAVANDI,75,MURUGAN C,Independent,32,23,Trailing,0,24680,S2275,https://results.eci.gov.in/ResultAcGenMay2026/ConstituencywiseS2275.htm,2026-05-04 15:43:36
VIKRAVANDI,75,RAMACHANDRAN A,Independent,33,22,Trailing,0,24680,S2275,https://results.eci.gov.in/ResultAcGenMay2026/ConstituencywiseS2275.htm,2026-05-04 15:43:36
VIKRAVANDI,75,RAJARAM M,Independent,55,15,Trailing,0,24680,S2275,https://results.eci.gov.in/ResultAcGenMay2026/ConstituencywiseS2275.htm,2026-05-04 15:43:36
VIKRAVANDI,75,NOTA,None of the Above,134,10,Trailing,0,24680,S2275,https://results.eci.gov.in/ResultAcGenMay2026/ConstituencywiseS2275.htm,2026-05-04 15:43:36
VILATHIKULAM,213,R. SATHYA,All India Anna Dravida Munnetra Kazhagam,42584,2,Runner-up,0,42584,S22213,https://results.eci.gov.in/ResultAcGenMay2026/ConstituencywiseS22213.htm,2026-05-04 15:43:40
VILATHIKULAM,213,BALAJI RAMACHANDRAN,Naam Tamilar Katchi,9242,4,Trailing,0,42584,S22213,https://results.eci.gov.in/ResultAcGenMay2026/ConstituencywiseS22213.htm,2026-05-04 15:43:40
VILATHIKULAM,213,MARKANDAYAN G V,Dravida Munnetra Kazhagam,49493,1,Leading / Top Candidate,6909,42584,S22213,https://results.eci.gov.in/ResultAcGenMay2026/ConstituencywiseS22213.htm,2026-05-04 15:43:40
VILATHIKULAM,213,P. KASIRAM,Tamilaga Vettri Kazhagam,42320,3,Trailing,0,42584,S22213,https://results.eci.gov.in/ResultAcGenMay2026/ConstituencywiseS22213.htm,2026-05-04 15:43:40
VILATHIKULAM,213,R. PERUMAL,Naam Indiar Party,134,11,Trailing,0,42584,S22213,https://results.eci.gov.in/ResultAcGenMay2026/ConstituencywiseS22213.htm,2026-05-04 15:43:40
VILATHIKULAM,213,C. PONPANDI,All India Puratchi Thalaivar Makkal Munnettra Kazhagam,1280,6,Trailing,0,42584,S22213,https://results.eci.gov.in/ResultAcGenMay2026/ConstituencywiseS22213.htm,2026-05-04 15:43:40
VILATHIKULAM,213,P.MADASAMY,Puthiya Tamilagam,1481,5,Trailing,0,42584,S22213,https://results.eci.gov.in/ResultAcGenMay2026/ConstituencywiseS22213.htm,2026-05-04 15:43:40
VILATHIKULAM,213,K. AJAY KUMAR,Independent,133,12,Trailing,0,42584,S22213,https://results.eci.gov.in/ResultAcGenMay2026/ConstituencywiseS22213.htm,2026-05-04 15:43:40
VILATHIKULAM,213,V. GANESAN,Independent,74,14,Trailing,0,42584,S22213,https://results.eci.gov.in/ResultAcGenMay2026/ConstituencywiseS22213.htm,2026-05-04 15:43:40
VILATHIKULAM,213,A. PATTURAJ,Independent,57,16,Trailing,0,42584,S22213,https://results.eci.gov.in/ResultAcGenMay2026/ConstituencywiseS22213.htm,2026-05-04 15:43:40
VILATHIKULAM,213,A. PRABAHAR,Independent,71,15,Trailing,0,42584,S22213,https://results.eci.gov.in/ResultAcGenMay2026/ConstituencywiseS22213.htm,2026-05-04 15:43:40
VILATHIKULAM,213,M. PONNUSAMY,Independent,145,10,Trailing,0,42584,S22213,https://results.eci.gov.in/ResultAcGenMay2026/ConstituencywiseS22213.htm,2026-05-04 15:43:40
VILATHIKULAM,213,G. MUNIYASAMY,Independent,156,9,Trailing,0,42584,S22213,https://results.eci.gov.in/ResultAcGenMay2026/ConstituencywiseS22213.htm,2026-05-04 15:43:40
VILATHIKULAM,213,P. RAJASEKARAN,Independent,399,8,Trailing,0,42584,S22213,https://results.eci.gov.in/ResultAcGenMay2026/ConstituencywiseS22213.htm,2026-05-04 15:43:40
VILATHIKULAM,213,P. JEYAKUMAR,Independent,116,13,Trailing,0,42584,S22213,https://results.eci.gov.in/ResultAcGenMay2026/ConstituencywiseS22213.htm,2026-05-04 15:43:40
VILATHIKULAM,213,NOTA,None of the Above,571,7,Trailing,0,42584,S22213,https://results.eci.gov.in/ResultAcGenMay2026/ConstituencywiseS22213.htm,2026-05-04 15:43:40
VILAVANCODE,233,PRAVEEN T.T,Indian National Congress,47445,1,Leading / Top Candidate,15814,31631,S22233,https://results.eci.gov.in/ResultAcGenMay2026/ConstituencywiseS22233.htm,2026-05-04 15:43:44
VILAVANCODE,233,MARIA STELLA,Naam Tamilar Katchi,3531,4,Trailing,0,31631,S22233,https://results.eci.gov.in/ResultAcGenMay2026/ConstituencywiseS22233.htm,2026-05-04 15:43:44
VILAVANCODE,233,VIJAYADHARANI S,Bharatiya Janata Party,26593,3,Trailing,0,31631,S22233,https://results.eci.gov.in/ResultAcGenMay2026/ConstituencywiseS22233.htm,2026-05-04 15:43:44
VILAVANCODE,233,BAIJU T,Viro Ke Vir Indian Party,170,7,Trailing,0,31631,S22233,https://results.eci.gov.in/ResultAcGenMay2026/ConstituencywiseS22233.htm,2026-05-04 15:43:44
VILAVANCODE,233,MICHAEL KUMAR K,Tamilaga Vettri Kazhagam,31631,2,Runner-up,0,31631,S22233,https://results.eci.gov.in/ResultAcGenMay2026/ConstituencywiseS22233.htm,2026-05-04 15:43:44
VILAVANCODE,233,MOHAN KUMAR M,All India Jananayaka Makkal Kazhagam,144,8,Trailing,0,31631,S22233,https://results.eci.gov.in/ResultAcGenMay2026/ConstituencywiseS22233.htm,2026-05-04 15:43:44
VILAVANCODE,233,VENKADEASAN. K,Thamizhaka Padaippalar Makkal Katchi,126,9,Trailing,0,31631,S22233,https://results.eci.gov.in/ResultAcGenMay2026/ConstituencywiseS22233.htm,2026-05-04 15:43:44
VILAVANCODE,233,JOHN CHRISTOPHER T,Rashtriya Janata Dal,326,6,Trailing,0,31631,S22233,https://results.eci.gov.in/ResultAcGenMay2026/ConstituencywiseS22233.htm,2026-05-04 15:43:44
VILAVANCODE,233,KRISHNAN M,Independent,54,14,Trailing,0,31631,S22233,https://results.eci.gov.in/ResultAcGenMay2026/ConstituencywiseS22233.htm,2026-05-04 15:43:44
VILAVANCODE,233,DAVID T,Independent,53,15,Trailing,0,31631,S22233,https://results.eci.gov.in/ResultAcGenMay2026/ConstituencywiseS22233.htm,2026-05-04 15:43:44
VILAVANCODE,233,PRAVEEN KUMAR,Independent,70,12,Trailing,0,31631,S22233,https://results.eci.gov.in/ResultAcGenMay2026/ConstituencywiseS22233.htm,2026-05-04 15:43:44
VILAVANCODE,233,MURUGANANDHA PRASAD T,Independent,72,11,Trailing,0,31631,S22233,https://results.eci.gov.in/ResultAcGenMay2026/ConstituencywiseS22233.htm,2026-05-04 15:43:44
VILAVANCODE,233,JOSELAL L.V,Independent,125,10,Trailing,0,31631,S22233,https://results.eci.gov.in/ResultAcGenMay2026/ConstituencywiseS22233.htm,2026-05-04 15:43:44
VILAVANCODE,233,SHIBU AMOSE,Independent,60,13,Trailing,0,31631,S22233,https://results.eci.gov.in/ResultAcGenMay2026/ConstituencywiseS22233.htm,2026-05-04 15:43:44
VILAVANCODE,233,NOTA,None of the Above,579,5,Trailing,0,31631,S22233,https://results.eci.gov.in/ResultAcGenMay2026/ConstituencywiseS22233.htm,2026-05-04 15:43:44
VILLIVAKKAM,14,KARTHIK MOHAN,Dravida Munnetra Kazhagam,37221,2,Runner-up,0,37221,S2214,https://results.eci.gov.in/ResultAcGenMay2026/ConstituencywiseS2214.htm,2026-05-04 15:43:49
VILLIVAKKAM,14,ROSHINI S,Naam Tamilar Katchi,3402,4,Trailing,0,37221,S2214,https://results.eci.gov.in/ResultAcGenMay2026/ConstituencywiseS2214.htm,2026-05-04 15:43:49
VILLIVAKKAM,14,VIJAYAKUMAR S.R,All India Anna Dravida Munnetra Kazhagam,15158,3,Trailing,0,37221,S2214,https://results.eci.gov.in/ResultAcGenMay2026/ConstituencywiseS2214.htm,2026-05-04 15:43:49
VILLIVAKKAM,14,ABDUL SHABEEK A,Tamizhaga Vaazhvurimai Katchi,119,7,Trailing,0,37221,S2214,https://results.eci.gov.in/ResultAcGenMay2026/ConstituencywiseS2214.htm,2026-05-04 15:43:49
VILLIVAKKAM,14,AJITHKUMAR A,Thakkam Katchi,116,8,Trailing,0,37221,S2214,https://results.eci.gov.in/ResultAcGenMay2026/ConstituencywiseS2214.htm,2026-05-04 15:43:49
VILLIVAKKAM,14,AADHAV ARJUNA,Tamilaga Vettri Kazhagam,50532,1,Leading / Top Candidate,13311,37221,S2214,https://results.eci.gov.in/ResultAcGenMay2026/ConstituencywiseS2214.htm,2026-05-04 15:43:49
VILLIVAKKAM,14,ASHOK KUMAR C.A,Independent,75,10,Trailing,0,37221,S2214,https://results.eci.gov.in/ResultAcGenMay2026/ConstituencywiseS2214.htm,2026-05-04 15:43:49
VILLIVAKKAM,14,ANBAZHAGAN G,Independent,24,22,Trailing,0,37221,S2214,https://results.eci.gov.in/ResultAcGenMay2026/ConstituencywiseS2214.htm,2026-05-04 15:43:49
VILLIVAKKAM,14,KANNAN M,Independent,45,14,Trailing,0,37221,S2214,https://results.eci.gov.in/ResultAcGenMay2026/ConstituencywiseS2214.htm,2026-05-04 15:43:49
VILLIVAKKAM,14,KANDASAMY S,Independent,24,23,Trailing,0,37221,S2214,https://results.eci.gov.in/ResultAcGenMay2026/ConstituencywiseS2214.htm,2026-05-04 15:43:49
VILLIVAKKAM,14,KARTHICK S,Independent,29,19,Trailing,0,37221,S2214,https://results.eci.gov.in/ResultAcGenMay2026/ConstituencywiseS2214.htm,2026-05-04 15:43:49
VILLIVAKKAM,14,KARTHICK P,Independent,49,13,Trailing,0,37221,S2214,https://results.eci.gov.in/ResultAcGenMay2026/ConstituencywiseS2214.htm,2026-05-04 15:43:49
VILLIVAKKAM,14,SHANMUGA D,Independent,80,9,Trailing,0,37221,S2214,https://results.eci.gov.in/ResultAcGenMay2026/ConstituencywiseS2214.htm,2026-05-04 15:43:49
VILLIVAKKAM,14,CHARAVANAN M.P,Independent,22,24,Trailing,0,37221,S2214,https://results.eci.gov.in/ResultAcGenMay2026/ConstituencywiseS2214.htm,2026-05-04 15:43:49
VILLIVAKKAM,14,SOLOMON J.R,Independent,42,17,Trailing,0,37221,S2214,https://results.eci.gov.in/ResultAcGenMay2026/ConstituencywiseS2214.htm,2026-05-04 15:43:49
VILLIVAKKAM,14,SUBRAMANI K,Independent,53,12,Trailing,0,37221,S2214,https://results.eci.gov.in/ResultAcGenMay2026/ConstituencywiseS2214.htm,2026-05-04 15:43:49
VILLIVAKKAM,14,DHAYANIDHI D,Independent,131,6,Trailing,0,37221,S2214,https://results.eci.gov.in/ResultAcGenMay2026/ConstituencywiseS2214.htm,2026-05-04 15:43:49
VILLIVAKKAM,14,DEVARAJAN G,Independent,44,15,Trailing,0,37221,S2214,https://results.eci.gov.in/ResultAcGenMay2026/ConstituencywiseS2214.htm,2026-05-04 15:43:49
VILLIVAKKAM,14,BALAMURALI G,Independent,43,16,Trailing,0,37221,S2214,https://results.eci.gov.in/ResultAcGenMay2026/ConstituencywiseS2214.htm,2026-05-04 15:43:49
VILLIVAKKAM,14,PURUSHOTHAMAN P,Independent,7,28,Trailing,0,37221,S2214,https://results.eci.gov.in/ResultAcGenMay2026/ConstituencywiseS2214.htm,2026-05-04 15:43:49
VILLIVAKKAM,14,MANIMARAN P,Independent,18,27,Trailing,0,37221,S2214,https://results.eci.gov.in/ResultAcGenMay2026/ConstituencywiseS2214.htm,2026-05-04 15:43:49
VILLIVAKKAM,14,MURALI R,Independent,71,11,Trailing,0,37221,S2214,https://results.eci.gov.in/ResultAcGenMay2026/ConstituencywiseS2214.htm,2026-05-04 15:43:49
VILLIVAKKAM,14,MURALI VINODH M,Independent,21,25,Trailing,0,37221,S2214,https://results.eci.gov.in/ResultAcGenMay2026/ConstituencywiseS2214.htm,2026-05-04 15:43:49
VILLIVAKKAM,14,YUVARAJ S,Independent,21,26,Trailing,0,37221,S2214,https://results.eci.gov.in/ResultAcGenMay2026/ConstituencywiseS2214.htm,2026-05-04 15:43:49
VILLIVAKKAM,14,RAJI M,Independent,6,29,Trailing,0,37221,S2214,https://results.eci.gov.in/ResultAcGenMay2026/ConstituencywiseS2214.htm,2026-05-04 15:43:49
VILLIVAKKAM,14,VIJAYAKUMAR G,Independent,31,18,Trailing,0,37221,S2214,https://results.eci.gov.in/ResultAcGenMay2026/ConstituencywiseS2214.htm,2026-05-04 15:43:49
VILLIVAKKAM,14,VIJAYAKUMAR D,Independent,26,20,Trailing,0,37221,S2214,https://results.eci.gov.in/ResultAcGenMay2026/ConstituencywiseS2214.htm,2026-05-04 15:43:49
VILLIVAKKAM,14,JAYA ZEBA C,Independent,26,21,Trailing,0,37221,S2214,https://results.eci.gov.in/ResultAcGenMay2026/ConstituencywiseS2214.htm,2026-05-04 15:43:49
VILLIVAKKAM,14,NOTA,None of the Above,554,5,Trailing,0,37221,S2214,https://results.eci.gov.in/ResultAcGenMay2026/ConstituencywiseS2214.htm,2026-05-04 15:43:49
VILUPPURAM,74,ABINAYA PONNIVALAVAN,Naam Tamilar Katchi,4193,4,Trailing,0,48758,S2274,https://results.eci.gov.in/ResultAcGenMay2026/ConstituencywiseS2274.htm,2026-05-04 15:43:53
VILUPPURAM,74,LAKSHMANAN R,Dravida Munnetra Kazhagam,50503,1,Leading / Top Candidate,1745,48758,S2274,https://results.eci.gov.in/ResultAcGenMay2026/ConstituencywiseS2274.htm,2026-05-04 15:43:53
VILUPPURAM,74,MURUGAN S,Bahujan Samaj Party,277,7,Trailing,0,48758,S2274,https://results.eci.gov.in/ResultAcGenMay2026/ConstituencywiseS2274.htm,2026-05-04 15:43:53
VILUPPURAM,74,VIJAYASURESHBABU,All India Anna Dravida Munnetra Kazhagam,41198,3,Trailing,0,48758,S2274,https://results.eci.gov.in/ResultAcGenMay2026/ConstituencywiseS2274.htm,2026-05-04 15:43:53
VILUPPURAM,74,KUMARAN R,Tamizhaga Vaazhvurimai Katchi,332,6,Trailing,0,48758,S2274,https://results.eci.gov.in/ResultAcGenMay2026/ConstituencywiseS2274.htm,2026-05-04 15:43:53
VILUPPURAM,74,NAGARAJAN P,Veerath Thiyagi Viswanathadoss Thozhilalarkal Katchi,149,10,Trailing,0,48758,S2274,https://results.eci.gov.in/ResultAcGenMay2026/ConstituencywiseS2274.htm,2026-05-04 15:43:53
VILUPPURAM,74,MOHANRAJ N,Tamilaga Vettri Kazhagam,48758,2,Runner-up,0,48758,S2274,https://results.eci.gov.in/ResultAcGenMay2026/ConstituencywiseS2274.htm,2026-05-04 15:43:53
VILUPPURAM,74,AKBAR ALI P,Independent,40,22,Trailing,0,48758,S2274,https://results.eci.gov.in/ResultAcGenMay2026/ConstituencywiseS2274.htm,2026-05-04 15:43:53
VILUPPURAM,74,ARUMUGAM M,Independent,106,14,Trailing,0,48758,S2274,https://results.eci.gov.in/ResultAcGenMay2026/ConstituencywiseS2274.htm,2026-05-04 15:43:53
VILUPPURAM,74,RAMAN K,Independent,67,16,Trailing,0,48758,S2274,https://results.eci.gov.in/ResultAcGenMay2026/ConstituencywiseS2274.htm,2026-05-04 15:43:53
VILUPPURAM,74,BALAMURUGAN N,Independent,47,20,Trailing,0,48758,S2274,https://results.eci.gov.in/ResultAcGenMay2026/ConstituencywiseS2274.htm,2026-05-04 15:43:53
VILUPPURAM,74,PRAVEEN KUMAR R,Independent,60,19,Trailing,0,48758,S2274,https://results.eci.gov.in/ResultAcGenMay2026/ConstituencywiseS2274.htm,2026-05-04 15:43:53
VILUPPURAM,74,MOHAMED ALI JINNA M,Independent,197,8,Trailing,0,48758,S2274,https://results.eci.gov.in/ResultAcGenMay2026/ConstituencywiseS2274.htm,2026-05-04 15:43:53
VILUPPURAM,74,MOHAN C,Independent,44,21,Trailing,0,48758,S2274,https://results.eci.gov.in/ResultAcGenMay2026/ConstituencywiseS2274.htm,2026-05-04 15:43:53
VILUPPURAM,74,RAGHUL R,Independent,197,9,Trailing,0,48758,S2274,https://results.eci.gov.in/ResultAcGenMay2026/ConstituencywiseS2274.htm,2026-05-04 15:43:53
VILUPPURAM,74,RAYAR K,Independent,97,15,Trailing,0,48758,S2274,https://results.eci.gov.in/ResultAcGenMay2026/ConstituencywiseS2274.htm,2026-05-04 15:43:53
VILUPPURAM,74,RAJKUMAR S,Independent,115,11,Trailing,0,48758,S2274,https://results.eci.gov.in/ResultAcGenMay2026/ConstituencywiseS2274.htm,2026-05-04 15:43:53
VILUPPURAM,74,LAKSHMANAN K,Independent,111,13,Trailing,0,48758,S2274,https://results.eci.gov.in/ResultAcGenMay2026/ConstituencywiseS2274.htm,2026-05-04 15:43:53
VILUPPURAM,74,LAKSHMANAN R,Independent,114,12,Trailing,0,48758,S2274,https://results.eci.gov.in/ResultAcGenMay2026/ConstituencywiseS2274.htm,2026-05-04 15:43:53
VILUPPURAM,74,VIJAYA K,Independent,35,23,Trailing,0,48758,S2274,https://results.eci.gov.in/ResultAcGenMay2026/ConstituencywiseS2274.htm,2026-05-04 15:43:53
VILUPPURAM,74,VIJAYA D,Independent,64,17,Trailing,0,48758,S2274,https://results.eci.gov.in/ResultAcGenMay2026/ConstituencywiseS2274.htm,2026-05-04 15:43:53
VILUPPURAM,74,VIJAYA M,Independent,61,18,Trailing,0,48758,S2274,https://results.eci.gov.in/ResultAcGenMay2026/ConstituencywiseS2274.htm,2026-05-04 15:43:53
VILUPPURAM,74,NOTA,None of the Above,447,5,Trailing,0,48758,S2274,https://results.eci.gov.in/ResultAcGenMay2026/ConstituencywiseS2274.htm,2026-05-04 15:43:53
VIRALIMALAI,179,SATHYALAKSHMI. K,Naam Tamilar Katchi,5983,4,Trailing,0,27489,S22179,https://results.eci.gov.in/ResultAcGenMay2026/ConstituencywiseS22179.htm,2026-05-04 15:43:57
VIRALIMALAI,179,CHELLAPANDIYAN. K.K,Dravida Munnetra Kazhagam,22806,3,Trailing,0,27489,S22179,https://results.eci.gov.in/ResultAcGenMay2026/ConstituencywiseS22179.htm,2026-05-04 15:43:57
VIRALIMALAI,179,VIJAYABASKAR. C,All India Anna Dravida Munnetra Kazhagam,64703,1,Leading / Top Candidate,37214,27489,S22179,https://results.eci.gov.in/ResultAcGenMay2026/ConstituencywiseS22179.htm,2026-05-04 15:43:57
VIRALIMALAI,179,KARTHIKA PRAKASH,All India Puratchi Thalaivar Makkal Munnettra Kazhagam,519,5,Trailing,0,27489,S22179,https://results.eci.gov.in/ResultAcGenMay2026/ConstituencywiseS22179.htm,2026-05-04 15:43:57
VIRALIMALAI,179,SELVARAJ. A,Puthiya Tamilagam,100,13,Trailing,0,27489,S22179,https://results.eci.gov.in/ResultAcGenMay2026/ConstituencywiseS22179.htm,2026-05-04 15:43:57
VIRALIMALAI,179,PALANISAMY. K,Veerath Thiyagi Viswanathadoss Thozhilalarkal Katchi,218,9,Trailing,0,27489,S22179,https://results.eci.gov.in/ResultAcGenMay2026/ConstituencywiseS22179.htm,2026-05-04 15:43:57
VIRALIMALAI,179,MURUGESAN. P,Tamilaga Vettri Kazhagam,27489,2,Runner-up,0,27489,S22179,https://results.eci.gov.in/ResultAcGenMay2026/ConstituencywiseS22179.htm,2026-05-04 15:43:57
VIRALIMALAI,179,ADAIKALARAJ. S,Independent,57,18,Trailing,0,27489,S22179,https://results.eci.gov.in/ResultAcGenMay2026/ConstituencywiseS22179.htm,2026-05-04 15:43:57
VIRALIMALAI,179,ALAGAR. P ADVOCATE,Independent,33,25,Trailing,0,27489,S22179,https://results.eci.gov.in/ResultAcGenMay2026/ConstituencywiseS22179.htm,2026-05-04 15:43:57
VIRALIMALAI,179,CHANDRAJOTHI. M,Independent,36,23,Trailing,0,27489,S22179,https://results.eci.gov.in/ResultAcGenMay2026/ConstituencywiseS22179.htm,2026-05-04 15:43:57
VIRALIMALAI,179,SUBBAIAH. R,Independent,54,19,Trailing,0,27489,S22179,https://results.eci.gov.in/ResultAcGenMay2026/ConstituencywiseS22179.htm,2026-05-04 15:43:57
VIRALIMALAI,179,THIRUMURUGAN. A,Independent,49,20,Trailing,0,27489,S22179,https://results.eci.gov.in/ResultAcGenMay2026/ConstituencywiseS22179.htm,2026-05-04 15:43:57
VIRALIMALAI,179,THIRUMURUGAN. K,Independent,122,12,Trailing,0,27489,S22179,https://results.eci.gov.in/ResultAcGenMay2026/ConstituencywiseS22179.htm,2026-05-04 15:43:57
VIRALIMALAI,179,THIRUVENDRAN. V,Independent,245,8,Trailing,0,27489,S22179,https://results.eci.gov.in/ResultAcGenMay2026/ConstituencywiseS22179.htm,2026-05-04 15:43:57
VIRALIMALAI,179,PALANISAMY. A,Independent,84,17,Trailing,0,27489,S22179,https://results.eci.gov.in/ResultAcGenMay2026/ConstituencywiseS22179.htm,2026-05-04 15:43:57
VIRALIMALAI,179,BALASUBRAMANIAN. K.K,Independent,140,10,Trailing,0,27489,S22179,https://results.eci.gov.in/ResultAcGenMay2026/ConstituencywiseS22179.htm,2026-05-04 15:43:57
VIRALIMALAI,179,BALASUBRAMANIAN. M,Independent,93,15,Trailing,0,27489,S22179,https://results.eci.gov.in/ResultAcGenMay2026/ConstituencywiseS22179.htm,2026-05-04 15:43:57
VIRALIMALAI,179,BALAVEL MURUGESAN. T,Independent,134,11,Trailing,0,27489,S22179,https://results.eci.gov.in/ResultAcGenMay2026/ConstituencywiseS22179.htm,2026-05-04 15:43:57
VIRALIMALAI,179,MAHENDIRAN. K,Independent,344,6,Trailing,0,27489,S22179,https://results.eci.gov.in/ResultAcGenMay2026/ConstituencywiseS22179.htm,2026-05-04 15:43:57
VIRALIMALAI,179,MANIKANDAN. M,Independent,95,14,Trailing,0,27489,S22179,https://results.eci.gov.in/ResultAcGenMay2026/ConstituencywiseS22179.htm,2026-05-04 15:43:57
VIRALIMALAI,179,MATHIYALAGAN. G,Independent,49,21,Trailing,0,27489,S22179,https://results.eci.gov.in/ResultAcGenMay2026/ConstituencywiseS22179.htm,2026-05-04 15:43:57
VIRALIMALAI,179,RAJA. P,Independent,27,26,Trailing,0,27489,S22179,https://results.eci.gov.in/ResultAcGenMay2026/ConstituencywiseS22179.htm,2026-05-04 15:43:57
VIRALIMALAI,179,VEERAMANI. M,Independent,34,24,Trailing,0,27489,S22179,https://results.eci.gov.in/ResultAcGenMay2026/ConstituencywiseS22179.htm,2026-05-04 15:43:57
VIRALIMALAI,179,JAYAGANDHI. R,Independent,91,16,Trailing,0,27489,S22179,https://results.eci.gov.in/ResultAcGenMay2026/ConstituencywiseS22179.htm,2026-05-04 15:43:57
VIRALIMALAI,179,JOTHIVEL. A,Independent,48,22,Trailing,0,27489,S22179,https://results.eci.gov.in/ResultAcGenMay2026/ConstituencywiseS22179.htm,2026-05-04 15:43:57
VIRALIMALAI,179,NOTA,None of the Above,255,7,Trailing,0,27489,S22179,https://results.eci.gov.in/ResultAcGenMay2026/ConstituencywiseS22179.htm,2026-05-04 15:43:57
VIRUDHUNAGAR,206,GANESAN V.G.,All India Anna Dravida Munnetra Kazhagam,20734,3,Trailing,0,32563,S22206,https://results.eci.gov.in/ResultAcGenMay2026/ConstituencywiseS22206.htm,2026-05-04 15:44:02
VIRUDHUNAGAR,206,LAKSHMANAN,Naam Tamilar Katchi,5760,4,Trailing,0,32563,S22206,https://results.eci.gov.in/ResultAcGenMay2026/ConstituencywiseS22206.htm,2026-05-04 15:44:02
VIRUDHUNAGAR,206,VIJAYAPRABHAKAR,Desiya Murpokku Dravida Kazhagam,32563,2,Runner-up,0,32563,S22206,https://results.eci.gov.in/ResultAcGenMay2026/ConstituencywiseS22206.htm,2026-05-04 15:44:02
VIRUDHUNAGAR,206,SELVAM P,Tamilaga Vettri Kazhagam,36627,1,Leading / Top Candidate,4064,32563,S22206,https://results.eci.gov.in/ResultAcGenMay2026/ConstituencywiseS22206.htm,2026-05-04 15:44:02
VIRUDHUNAGAR,206,BALASUBRAMANIAM M,Puthiya Tamilagam,1530,5,Trailing,0,32563,S22206,https://results.eci.gov.in/ResultAcGenMay2026/ConstituencywiseS22206.htm,2026-05-04 15:44:02
VIRUDHUNAGAR,206,RATHINARAJA S,Nam Naadu Nam Makkal Nam Ethirkaalam Katchi,91,12,Trailing,0,32563,S22206,https://results.eci.gov.in/ResultAcGenMay2026/ConstituencywiseS22206.htm,2026-05-04 15:44:02
VIRUDHUNAGAR,206,VIKRAMAN N,Desa Makkal Munnetrak Kazhagam,49,16,Trailing,0,32563,S22206,https://results.eci.gov.in/ResultAcGenMay2026/ConstituencywiseS22206.htm,2026-05-04 15:44:02
VIRUDHUNAGAR,206,AMIRTHA PANDI M.V,Independent,85,14,Trailing,0,32563,S22206,https://results.eci.gov.in/ResultAcGenMay2026/ConstituencywiseS22206.htm,2026-05-04 15:44:02
VIRUDHUNAGAR,206,AJAY I,Independent,334,7,Trailing,0,32563,S22206,https://results.eci.gov.in/ResultAcGenMay2026/ConstituencywiseS22206.htm,2026-05-04 15:44:02
VIRUDHUNAGAR,206,GUNASUNDARAM R,Independent,143,10,Trailing,0,32563,S22206,https://results.eci.gov.in/ResultAcGenMay2026/ConstituencywiseS22206.htm,2026-05-04 15:44:02
VIRUDHUNAGAR,206,GURUSAMY S,Independent,97,11,Trailing,0,32563,S22206,https://results.eci.gov.in/ResultAcGenMay2026/ConstituencywiseS22206.htm,2026-05-04 15:44:02
VIRUDHUNAGAR,206,SANTHOSH KUMAR R,Independent,87,13,Trailing,0,32563,S22206,https://results.eci.gov.in/ResultAcGenMay2026/ConstituencywiseS22206.htm,2026-05-04 15:44:02
VIRUDHUNAGAR,206,SUBBURAJ K,Independent,162,9,Trailing,0,32563,S22206,https://results.eci.gov.in/ResultAcGenMay2026/ConstituencywiseS22206.htm,2026-05-04 15:44:02
VIRUDHUNAGAR,206,MUTHUVEL S,Independent,312,8,Trailing,0,32563,S22206,https://results.eci.gov.in/ResultAcGenMay2026/ConstituencywiseS22206.htm,2026-05-04 15:44:02
VIRUDHUNAGAR,206,RANJITH S,Independent,71,15,Trailing,0,32563,S22206,https://results.eci.gov.in/ResultAcGenMay2026/ConstituencywiseS22206.htm,2026-05-04 15:44:02
VIRUDHUNAGAR,206,NOTA,None of the Above,618,6,Trailing,0,32563,S22206,https://results.eci.gov.in/ResultAcGenMay2026/ConstituencywiseS22206.htm,2026-05-04 15:44:02
VIRUGAMPAKKAM,22,SANTHOSH,Naam Tamilar Katchi,3142,4,Trailing,0,26950,S2222,https://results.eci.gov.in/ResultAcGenMay2026/ConstituencywiseS2222.htm,2026-05-04 15:44:06
VIRUGAMPAKKAM,22,PRABHAKARA RAJA.A.M.V,Dravida Munnetra Kazhagam,26950,2,Runner-up,0,26950,S2222,https://results.eci.gov.in/ResultAcGenMay2026/ConstituencywiseS2222.htm,2026-05-04 15:44:06
VIRUGAMPAKKAM,22,VIRUGAI V.N.RAVI,All India Anna Dravida Munnetra Kazhagam,20882,3,Trailing,0,26950,S2222,https://results.eci.gov.in/ResultAcGenMay2026/ConstituencywiseS2222.htm,2026-05-04 15:44:06
VIRUGAMPAKKAM,22,SABARINATHAN.R,Tamilaga Vettri Kazhagam,39356,1,Leading / Top Candidate,12406,26950,S2222,https://results.eci.gov.in/ResultAcGenMay2026/ConstituencywiseS2222.htm,2026-05-04 15:44:06
VIRUGAMPAKKAM,22,SURESHBABU.T.M,Tamil Telugu National Party,79,7,Trailing,0,26950,S2222,https://results.eci.gov.in/ResultAcGenMay2026/ConstituencywiseS2222.htm,2026-05-04 15:44:06
VIRUGAMPAKKAM,22,BALAMURUGAN.P,Naam Indiar Party,19,22,Trailing,0,26950,S2222,https://results.eci.gov.in/ResultAcGenMay2026/ConstituencywiseS2222.htm,2026-05-04 15:44:06
VIRUGAMPAKKAM,22,MUTHURAJ.T,Tamizhaga Vaazhvurimai Katchi,66,9,Trailing,0,26950,S2222,https://results.eci.gov.in/ResultAcGenMay2026/ConstituencywiseS2222.htm,2026-05-04 15:44:06
VIRUGAMPAKKAM,22,ROY GEORGE,Anna Puratchi Thalaivar Amma Dravida Munnetra Kazhagam,32,18,Trailing,0,26950,S2222,https://results.eci.gov.in/ResultAcGenMay2026/ConstituencywiseS2222.htm,2026-05-04 15:44:06
VIRUGAMPAKKAM,22,JAGADISH.S,Republican Party of India (Athawale),229,6,Trailing,0,26950,S2222,https://results.eci.gov.in/ResultAcGenMay2026/ConstituencywiseS2222.htm,2026-05-04 15:44:06
VIRUGAMPAKKAM,22,ALEX PANDIAN.K,Independent,15,24,Trailing,0,26950,S2222,https://results.eci.gov.in/ResultAcGenMay2026/ConstituencywiseS2222.htm,2026-05-04 15:44:06
VIRUGAMPAKKAM,22,ESAKKIMUTHUNADAR.P,Independent,19,23,Trailing,0,26950,S2222,https://results.eci.gov.in/ResultAcGenMay2026/ConstituencywiseS2222.htm,2026-05-04 15:44:06
VIRUGAMPAKKAM,22,EZHILRAJ.D,Independent,21,20,Trailing,0,26950,S2222,https://results.eci.gov.in/ResultAcGenMay2026/ConstituencywiseS2222.htm,2026-05-04 15:44:06
VIRUGAMPAKKAM,22,KARTHICK.M,Independent,21,21,Trailing,0,26950,S2222,https://results.eci.gov.in/ResultAcGenMay2026/ConstituencywiseS2222.htm,2026-05-04 15:44:06
VIRUGAMPAKKAM,22,KUMAR.S,Independent,34,17,Trailing,0,26950,S2222,https://results.eci.gov.in/ResultAcGenMay2026/ConstituencywiseS2222.htm,2026-05-04 15:44:06
VIRUGAMPAKKAM,22,GOPINATH.G,Independent,39,15,Trailing,0,26950,S2222,https://results.eci.gov.in/ResultAcGenMay2026/ConstituencywiseS2222.htm,2026-05-04 15:44:06
VIRUGAMPAKKAM,22,SANKAR.E,Independent,36,16,Trailing,0,26950,S2222,https://results.eci.gov.in/ResultAcGenMay2026/ConstituencywiseS2222.htm,2026-05-04 15:44:06
VIRUGAMPAKKAM,22,CHANDRA SEKAR.K,Independent,40,14,Trailing,0,26950,S2222,https://results.eci.gov.in/ResultAcGenMay2026/ConstituencywiseS2222.htm,2026-05-04 15:44:06
VIRUGAMPAKKAM,22,SABARINATHAN.P,Independent,65,10,Trailing,0,26950,S2222,https://results.eci.gov.in/ResultAcGenMay2026/ConstituencywiseS2222.htm,2026-05-04 15:44:06
VIRUGAMPAKKAM,22,SRINIVASAN.M,Independent,50,13,Trailing,0,26950,S2222,https://results.eci.gov.in/ResultAcGenMay2026/ConstituencywiseS2222.htm,2026-05-04 15:44:06
VIRUGAMPAKKAM,22,DINESHKUMAR.N,Independent,57,11,Trailing,0,26950,S2222,https://results.eci.gov.in/ResultAcGenMay2026/ConstituencywiseS2222.htm,2026-05-04 15:44:06
VIRUGAMPAKKAM,22,RANGARAJ.G,Independent,53,12,Trailing,0,26950,S2222,https://results.eci.gov.in/ResultAcGenMay2026/ConstituencywiseS2222.htm,2026-05-04 15:44:06
VIRUGAMPAKKAM,22,RAVIKUMAR,Independent,72,8,Trailing,0,26950,S2222,https://results.eci.gov.in/ResultAcGenMay2026/ConstituencywiseS2222.htm,2026-05-04 15:44:06
VIRUGAMPAKKAM,22,LUKMANBABU.S,Independent,31,19,Trailing,0,26950,S2222,https://results.eci.gov.in/ResultAcGenMay2026/ConstituencywiseS2222.htm,2026-05-04 15:44:06
VIRUGAMPAKKAM,22,VENKATESAN.C,Independent,14,25,Trailing,0,26950,S2222,https://results.eci.gov.in/ResultAcGenMay2026/ConstituencywiseS2222.htm,2026-05-04 15:44:06
VIRUGAMPAKKAM,22,NOTA,None of the Above,600,5,Trailing,0,26950,S2222,https://results.eci.gov.in/ResultAcGenMay2026/ConstituencywiseS2222.htm,2026-05-04 15:44:06
VRIDDHACHALAM,152,ANANTHI DHANDAPANI,Naam Tamilar Katchi,4183,4,Trailing,0,43750,S22152,https://results.eci.gov.in/ResultAcGenMay2026/ConstituencywiseS22152.htm,2026-05-04 15:44:11
VRIDDHACHALAM,152,SIVAPRAKASAM.V,Bahujan Samaj Party,270,10,Trailing,0,43750,S22152,https://results.eci.gov.in/ResultAcGenMay2026/ConstituencywiseS22152.htm,2026-05-04 15:44:11
VRIDDHACHALAM,152,PREMALLATHA VIJAYAKANT,Desiya Murpokku Dravida Kazhagam,47051,1,Leading / Top Candidate,3301,43750,S22152,https://results.eci.gov.in/ResultAcGenMay2026/ConstituencywiseS22152.htm,2026-05-04 15:44:11
VRIDDHACHALAM,152,ARIVAZHAGAN.E.N,Tamizhaga Vaazhvurimai Katchi,1069,5,Trailing,0,43750,S22152,https://results.eci.gov.in/ResultAcGenMay2026/ConstituencywiseS22152.htm,2026-05-04 15:44:11
VRIDDHACHALAM,152,ARIVUDAINAMBI.S,Anti Corruption Dynamic Party,690,6,Trailing,0,43750,S22152,https://results.eci.gov.in/ResultAcGenMay2026/ConstituencywiseS22152.htm,2026-05-04 15:44:11
VRIDDHACHALAM,152,SATHIYA.B,Anna Makkal Katchi,118,17,Trailing,0,43750,S22152,https://results.eci.gov.in/ResultAcGenMay2026/ConstituencywiseS22152.htm,2026-05-04 15:44:11
VRIDDHACHALAM,152,SIDHARTHAN.S,Desiya Makkal Sakthi Katchi,153,13,Trailing,0,43750,S22152,https://results.eci.gov.in/ResultAcGenMay2026/ConstituencywiseS22152.htm,2026-05-04 15:44:11
VRIDDHACHALAM,152,GNANASUNDARI.M,Aanaithinthiya Jananayaka Pathukappu Kazhagam,463,9,Trailing,0,43750,S22152,https://results.eci.gov.in/ResultAcGenMay2026/ConstituencywiseS22152.htm,2026-05-04 15:44:11
VRIDDHACHALAM,152,DR.TAMIZHARASI.P,Pattali Makkal Katchi,40339,3,Trailing,0,43750,S22152,https://results.eci.gov.in/ResultAcGenMay2026/ConstituencywiseS22152.htm,2026-05-04 15:44:11
VRIDDHACHALAM,152,VIJAY.S,Tamilaga Vettri Kazhagam,43750,2,Runner-up,0,43750,S22152,https://results.eci.gov.in/ResultAcGenMay2026/ConstituencywiseS22152.htm,2026-05-04 15:44:11
VRIDDHACHALAM,152,EZHILKUMAR.K,Independent,124,15,Trailing,0,43750,S22152,https://results.eci.gov.in/ResultAcGenMay2026/ConstituencywiseS22152.htm,2026-05-04 15:44:11
VRIDDHACHALAM,152,SIVASANKARAN.K,Independent,126,14,Trailing,0,43750,S22152,https://results.eci.gov.in/ResultAcGenMay2026/ConstituencywiseS22152.htm,2026-05-04 15:44:11
VRIDDHACHALAM,152,SRINIVASAN.R,Independent,236,11,Trailing,0,43750,S22152,https://results.eci.gov.in/ResultAcGenMay2026/ConstituencywiseS22152.htm,2026-05-04 15:44:11
VRIDDHACHALAM,152,DURAI.K,Independent,566,7,Trailing,0,43750,S22152,https://results.eci.gov.in/ResultAcGenMay2026/ConstituencywiseS22152.htm,2026-05-04 15:44:11
VRIDDHACHALAM,152,DEIVEEGADASS.M,Independent,122,16,Trailing,0,43750,S22152,https://results.eci.gov.in/ResultAcGenMay2026/ConstituencywiseS22152.htm,2026-05-04 15:44:11
VRIDDHACHALAM,152,BALU.P,Independent,184,12,Trailing,0,43750,S22152,https://results.eci.gov.in/ResultAcGenMay2026/ConstituencywiseS22152.htm,2026-05-04 15:44:11
VRIDDHACHALAM,152,PRABAKARAN.T,Independent,83,19,Trailing,0,43750,S22152,https://results.eci.gov.in/ResultAcGenMay2026/ConstituencywiseS22152.htm,2026-05-04 15:44:11
VRIDDHACHALAM,152,JAYAPRAKASH.S,Independent,118,18,Trailing,0,43750,S22152,https://results.eci.gov.in/ResultAcGenMay2026/ConstituencywiseS22152.htm,2026-05-04 15:44:11
VRIDDHACHALAM,152,NOTA,None of the Above,476,8,Trailing,0,43750,S22152,https://results.eci.gov.in/ResultAcGenMay2026/ConstituencywiseS22152.htm,2026-05-04 15:44:11
YERCAUD,83,USHARANI. P,All India Anna Dravida Munnetra Kazhagam,40148,2,Runner-up,0,40148,S2283,https://results.eci.gov.in/ResultAcGenMay2026/ConstituencywiseS2283.htm,2026-05-04 15:44:15
YERCAUD,83,PALANISAMY. K,Bahujan Samaj Party,473,6,Trailing,0,40148,S2283,https://results.eci.gov.in/ResultAcGenMay2026/ConstituencywiseS2283.htm,2026-05-04 15:44:15
YERCAUD,83,PALANISAMY. M,Naam Tamilar Katchi,3242,4,Trailing,0,40148,S2283,https://results.eci.gov.in/ResultAcGenMay2026/ConstituencywiseS2283.htm,2026-05-04 15:44:15
YERCAUD,83,REVATHI. T.M,Dravida Munnetra Kazhagam,32445,3,Trailing,0,40148,S2283,https://results.eci.gov.in/ResultAcGenMay2026/ConstituencywiseS2283.htm,2026-05-04 15:44:15
YERCAUD,83,GOPI. C,Communist Party of India (Marxist-Leninist) (Liberation),396,7,Trailing,0,40148,S2283,https://results.eci.gov.in/ResultAcGenMay2026/ConstituencywiseS2283.htm,2026-05-04 15:44:15
YERCAUD,83,LAKSHMI JANARTHANAN. J,Tamilaga Vettri Kazhagam,41706,1,Leading / Top Candidate,1558,40148,S2283,https://results.eci.gov.in/ResultAcGenMay2026/ConstituencywiseS2283.htm,2026-05-04 15:44:15
YERCAUD,83,VENGATESHSAN. T,Tamizhaga Vaazhvurimai Katchi,114,12,Trailing,0,40148,S2283,https://results.eci.gov.in/ResultAcGenMay2026/ConstituencywiseS2283.htm,2026-05-04 15:44:15
YERCAUD,83,KARTHIK. N,Independent,52,14,Trailing,0,40148,S2283,https://results.eci.gov.in/ResultAcGenMay2026/ConstituencywiseS2283.htm,2026-05-04 15:44:15
YERCAUD,83,KALIYAPPAN. A,Independent,59,13,Trailing,0,40148,S2283,https://results.eci.gov.in/ResultAcGenMay2026/ConstituencywiseS2283.htm,2026-05-04 15:44:15
YERCAUD,83,THANGADURAI. N,Independent,132,10,Trailing,0,40148,S2283,https://results.eci.gov.in/ResultAcGenMay2026/ConstituencywiseS2283.htm,2026-05-04 15:44:15
YERCAUD,83,PAZHANIVEL. K,Independent,158,9,Trailing,0,40148,S2283,https://results.eci.gov.in/ResultAcGenMay2026/ConstituencywiseS2283.htm,2026-05-04 15:44:15
YERCAUD,83,VIJAYAKUMAR. N,Independent,115,11,Trailing,0,40148,S2283,https://results.eci.gov.in/ResultAcGenMay2026/ConstituencywiseS2283.htm,2026-05-04 15:44:15
YERCAUD,83,VENKATESAN. S,Independent,237,8,Trailing,0,40148,S2283,https://results.eci.gov.in/ResultAcGenMay2026/ConstituencywiseS2283.htm,2026-05-04 15:44:15
YERCAUD,83,NOTA,None of the Above,643,5,Trailing,0,40148,S2283,https://results.eci.gov.in/ResultAcGenMay2026/ConstituencywiseS2283.htm,2026-05-04 15:44:15
